<?xml version="1.0" encoding="utf-8"?>
<COLLADA xmlns="http://www.collada.org/2005/11/COLLADASchema" version="1.4.1" xmlns:xsi="http://www.w3.org/2001/XMLSchema-instance">
  <asset>
    <contributor>
      <author>Blender User</author>
      <authoring_tool>Blender 4.5.3 LTS commit date:2025-09-08, commit time:12:46, hash:67807e1800cc</authoring_tool>
    </contributor>
    <created>2025-10-09T18:42:49</created>
    <modified>2025-10-09T18:42:49</modified>
    <unit name="millimeter" meter="0.001"/>
    <up_axis>Z_UP</up_axis>
  </asset>
  <library_effects>
    <effect id="Material_016-effect">
      <profile_COMMON>
        <technique sid="common">
          <lambert>
            <emission>
              <color sid="emission">0 0 0 1</color>
            </emission>
            <diffuse>
              <color sid="diffuse">0.3126679 0.3126679 0.3126679 1</color>
            </diffuse>
            <index_of_refraction>
              <float sid="ior">1.5</float>
            </index_of_refraction>
          </lambert>
        </technique>
      </profile_COMMON>
    </effect>
    <effect id="Material_020-effect">
      <profile_COMMON>
        <technique sid="common">
          <lambert>
            <emission>
              <color sid="emission">0 0 0 1</color>
            </emission>
            <diffuse>
              <color sid="diffuse">0.04599011 0.275187 0.8004899 1</color>
            </diffuse>
            <index_of_refraction>
              <float sid="ior">1.5</float>
            </index_of_refraction>
          </lambert>
        </technique>
      </profile_COMMON>
    </effect>
    <effect id="Material_023-effect">
      <profile_COMMON>
        <technique sid="common">
          <lambert>
            <emission>
              <color sid="emission">0 0 0 1</color>
            </emission>
            <diffuse>
              <color sid="diffuse">0 0 0 1</color>
            </diffuse>
            <index_of_refraction>
              <float sid="ior">1.5</float>
            </index_of_refraction>
          </lambert>
        </technique>
      </profile_COMMON>
    </effect>
    <effect id="Material_019-effect">
      <profile_COMMON>
        <technique sid="common">
          <lambert>
            <emission>
              <color sid="emission">0 0 0 1</color>
            </emission>
            <diffuse>
              <color sid="diffuse">0.277364 0.277364 0.277364 1</color>
            </diffuse>
            <index_of_refraction>
              <float sid="ior">1.5</float>
            </index_of_refraction>
          </lambert>
        </technique>
      </profile_COMMON>
    </effect>
    <effect id="Material_018-effect">
      <profile_COMMON>
        <technique sid="common">
          <lambert>
            <emission>
              <color sid="emission">0 0 0 1</color>
            </emission>
            <diffuse>
              <color sid="diffuse">0.1456254 0.1456254 0.1456254 1</color>
            </diffuse>
            <index_of_refraction>
              <float sid="ior">1.5</float>
            </index_of_refraction>
          </lambert>
        </technique>
      </profile_COMMON>
    </effect>
    <effect id="Material_021-effect">
      <profile_COMMON>
        <technique sid="common">
          <lambert>
            <emission>
              <color sid="emission">0 0 0 1</color>
            </emission>
            <diffuse>
              <color sid="diffuse">0.002937876 0.002937876 0.002937876 1</color>
            </diffuse>
            <index_of_refraction>
              <float sid="ior">1.5</float>
            </index_of_refraction>
          </lambert>
        </technique>
      </profile_COMMON>
    </effect>
    <effect id="Material_022-effect">
      <profile_COMMON>
        <technique sid="common">
          <lambert>
            <emission>
              <color sid="emission">0 0 0 1</color>
            </emission>
            <diffuse>
              <color sid="diffuse">0.04715329 0.1564389 0.3428238 1</color>
            </diffuse>
            <index_of_refraction>
              <float sid="ior">1.5</float>
            </index_of_refraction>
          </lambert>
        </technique>
      </profile_COMMON>
    </effect>
    <effect id="Material_017-effect">
      <profile_COMMON>
        <technique sid="common">
          <lambert>
            <emission>
              <color sid="emission">0 0 0 1</color>
            </emission>
            <diffuse>
              <color sid="diffuse">0.1551587 0.01753077 0 1</color>
            </diffuse>
            <index_of_refraction>
              <float sid="ior">1.5</float>
            </index_of_refraction>
          </lambert>
        </technique>
      </profile_COMMON>
    </effect>
    <effect id="Material_015-effect">
      <profile_COMMON>
        <technique sid="common">
          <lambert>
            <emission>
              <color sid="emission">0 0 0 1</color>
            </emission>
            <diffuse>
              <color sid="diffuse">0.5078337 0.3655781 0 1</color>
            </diffuse>
            <index_of_refraction>
              <float sid="ior">1.5</float>
            </index_of_refraction>
          </lambert>
        </technique>
      </profile_COMMON>
    </effect>
  </library_effects>
  <library_images/>
  <library_materials>
    <material id="Material_016-material" name="Material.016">
      <instance_effect url="#Material_016-effect"/>
    </material>
    <material id="Material_020-material" name="Material.020">
      <instance_effect url="#Material_020-effect"/>
    </material>
    <material id="Material_023-material" name="Material.023">
      <instance_effect url="#Material_023-effect"/>
    </material>
    <material id="Material_019-material" name="Material.019">
      <instance_effect url="#Material_019-effect"/>
    </material>
    <material id="Material_018-material" name="Material.018">
      <instance_effect url="#Material_018-effect"/>
    </material>
    <material id="Material_021-material" name="Material.021">
      <instance_effect url="#Material_021-effect"/>
    </material>
    <material id="Material_022-material" name="Material.022">
      <instance_effect url="#Material_022-effect"/>
    </material>
    <material id="Material_017-material" name="Material.017">
      <instance_effect url="#Material_017-effect"/>
    </material>
    <material id="Material_015-material" name="Material.015">
      <instance_effect url="#Material_015-effect"/>
    </material>
  </library_materials>
  <library_geometries>
    <geometry id="HAMR3_Sim_Map_-_화물용승강기_좌측-1_003-mesh" name="HAMR3_Sim_Map - 화물용승강기_좌측-1.003">
      <mesh>
        <source id="HAMR3_Sim_Map_-_화물용승강기_좌측-1_003-mesh-positions">
          <float_array id="HAMR3_Sim_Map_-_화물용승강기_좌측-1_003-mesh-positions-array" count="36">1426.521 52394.01 2600.5 1426.521 88269.02 2600.5 1426.521 52394.01 100.5 1426.521 88269.02 100.5 22927.52 52394.01 2600.5 22927.52 52394.01 100.5 22927.52 58894.01 2600.5 22927.52 58894.01 100.5 6426.521 58894.01 2600.5 6426.521 58894.01 100.5 6426.521 88269.02 2600.5 6426.521 88269.02 100.5</float_array>
          <technique_common>
            <accessor source="#HAMR3_Sim_Map_-_화물용승강기_좌측-1_003-mesh-positions-array" count="12" stride="3">
              <param name="X" type="float"/>
              <param name="Y" type="float"/>
              <param name="Z" type="float"/>
            </accessor>
          </technique_common>
        </source>
        <source id="HAMR3_Sim_Map_-_화물용승강기_좌측-1_003-mesh-normals">
          <float_array id="HAMR3_Sim_Map_-_화물용승강기_좌측-1_003-mesh-normals-array" count="60">-1 0 0 -1 0 0 0 -1 0 0 -1 0 1 0 0 1 0 0 0 1 0 0 1 0 1 0 0 1 0 0 0 1 0 0 1 0 0 0 1 0 0 1 0 0 1 0 0 1 0 0 -1 0 0 -1 0 0 -1 0 0 -1</float_array>
          <technique_common>
            <accessor source="#HAMR3_Sim_Map_-_화물용승강기_좌측-1_003-mesh-normals-array" count="20" stride="3">
              <param name="X" type="float"/>
              <param name="Y" type="float"/>
              <param name="Z" type="float"/>
            </accessor>
          </technique_common>
        </source>
        <vertices id="HAMR3_Sim_Map_-_화물용승강기_좌측-1_003-mesh-vertices">
          <input semantic="POSITION" source="#HAMR3_Sim_Map_-_화물용승강기_좌측-1_003-mesh-positions"/>
        </vertices>
        <triangles material="Material_016-material" count="20">
          <input semantic="VERTEX" source="#HAMR3_Sim_Map_-_화물용승강기_좌측-1_003-mesh-vertices" offset="0"/>
          <input semantic="NORMAL" source="#HAMR3_Sim_Map_-_화물용승강기_좌측-1_003-mesh-normals" offset="1"/>
          <p>0 0 1 0 2 0 2 1 1 1 3 1 4 2 0 2 5 2 5 3 0 3 2 3 6 4 4 4 7 4 7 5 4 5 5 5 8 6 6 6 9 6 9 7 6 7 7 7 10 8 8 8 11 8 11 9 8 9 9 9 1 10 10 10 3 10 3 11 10 11 11 11 10 12 1 12 8 12 8 13 1 13 0 13 8 14 0 14 6 14 6 15 0 15 4 15 7 16 5 16 9 16 9 17 5 17 2 17 9 18 2 18 11 18 11 19 2 19 3 19</p>
        </triangles>
      </mesh>
    </geometry>
    <geometry id="HAMR3_Sim_Map_-_화물용승강기_우측-1_003-mesh" name="HAMR3_Sim_Map - 화물용승강기_우측-1.003">
      <mesh>
        <source id="HAMR3_Sim_Map_-_화물용승강기_우측-1_003-mesh-positions">
          <float_array id="HAMR3_Sim_Map_-_화물용승강기_우측-1_003-mesh-positions-array" count="24">94302.53 58895.01 2600.5 94302.53 52394.01 2600.5 94302.53 58895.01 100.5 94302.53 52394.01 100.5 77802.53 58895.01 2600.5 77802.53 58895.01 100.5 77802.53 52394.01 2600.5 77802.53 52394.01 100.5</float_array>
          <technique_common>
            <accessor source="#HAMR3_Sim_Map_-_화물용승강기_우측-1_003-mesh-positions-array" count="8" stride="3">
              <param name="X" type="float"/>
              <param name="Y" type="float"/>
              <param name="Z" type="float"/>
            </accessor>
          </technique_common>
        </source>
        <source id="HAMR3_Sim_Map_-_화물용승강기_우측-1_003-mesh-normals">
          <float_array id="HAMR3_Sim_Map_-_화물용승강기_우측-1_003-mesh-normals-array" count="36">1 0 0 1 0 0 0 1 0 0 1 0 -1 0 0 -1 0 0 0 -1 0 0 -1 0 0 0 1 0 0 1 0 0 -1 0 0 -1</float_array>
          <technique_common>
            <accessor source="#HAMR3_Sim_Map_-_화물용승강기_우측-1_003-mesh-normals-array" count="12" stride="3">
              <param name="X" type="float"/>
              <param name="Y" type="float"/>
              <param name="Z" type="float"/>
            </accessor>
          </technique_common>
        </source>
        <vertices id="HAMR3_Sim_Map_-_화물용승강기_우측-1_003-mesh-vertices">
          <input semantic="POSITION" source="#HAMR3_Sim_Map_-_화물용승강기_우측-1_003-mesh-positions"/>
        </vertices>
        <triangles material="Material_016-material" count="12">
          <input semantic="VERTEX" source="#HAMR3_Sim_Map_-_화물용승강기_우측-1_003-mesh-vertices" offset="0"/>
          <input semantic="NORMAL" source="#HAMR3_Sim_Map_-_화물용승강기_우측-1_003-mesh-normals" offset="1"/>
          <p>0 0 1 0 2 0 2 1 1 1 3 1 4 2 0 2 5 2 5 3 0 3 2 3 6 4 4 4 7 4 7 5 4 5 5 5 1 6 6 6 3 6 3 7 6 7 7 7 4 8 6 8 0 8 0 9 6 9 1 9 7 10 5 10 3 10 3 11 5 11 2 11</p>
        </triangles>
      </mesh>
    </geometry>
    <geometry id="HAMR3_Sim_Map_-_파티션-1_003-mesh" name="HAMR3_Sim_Map - 파티션-1.003">
      <mesh>
        <source id="HAMR3_Sim_Map_-_파티션-1_003-mesh-positions">
          <float_array id="HAMR3_Sim_Map_-_파티션-1_003-mesh-positions-array" count="72">1362.22 50431.51 2600.5 1362.22 52269.01 2600.5 1362.22 50431.51 100.5 1362.22 52269.01 100.5 31312.22 52269.01 2600.5 31312.22 50431.51 2600.5 31312.22 50431.51 100.5 31312.22 52269.01 100.5 63313.22 52269.01 2600.5 37412.22 52269.01 2600.5 63313.22 50431.51 2600.5 37412.22 50431.51 2600.5 37412.22 50431.51 100.5 37412.22 52269.01 100.5 63313.22 50431.51 100.5 63313.22 52269.01 100.5 69413.22 52269.01 2600.5 88263.22 52269.01 2600.5 69413.22 52269.01 100.5 88263.22 52269.01 100.5 69413.22 50431.51 100.5 88263.22 50431.51 100.5 69413.22 50431.51 2600.5 88263.22 50431.51 2600.5</float_array>
          <technique_common>
            <accessor source="#HAMR3_Sim_Map_-_파티션-1_003-mesh-positions-array" count="24" stride="3">
              <param name="X" type="float"/>
              <param name="Y" type="float"/>
              <param name="Z" type="float"/>
            </accessor>
          </technique_common>
        </source>
        <source id="HAMR3_Sim_Map_-_파티션-1_003-mesh-normals">
          <float_array id="HAMR3_Sim_Map_-_파티션-1_003-mesh-normals-array" count="108">-1 0 0 -1 0 0 0 0 1 0 0 1 0 0 -1 0 0 -1 0 -1 0 0 -1 0 0 1 0 0 1 0 1 0 0 1 0 0 0 0 1 0 0 1 0 0 -1 0 0 -1 0 -1 0 0 -1 0 0 1 0 0 1 0 -1 0 0 -1 0 0 1 0 0 1 0 0 0 1 0 0 1 0 0 -1 0 0 -1 0 0 0 1 0 0 1 0 0 -1 0 0 -1 1 0 0 1 0 0 -1 0 0 -1 0 0</float_array>
          <technique_common>
            <accessor source="#HAMR3_Sim_Map_-_파티션-1_003-mesh-normals-array" count="36" stride="3">
              <param name="X" type="float"/>
              <param name="Y" type="float"/>
              <param name="Z" type="float"/>
            </accessor>
          </technique_common>
        </source>
        <vertices id="HAMR3_Sim_Map_-_파티션-1_003-mesh-vertices">
          <input semantic="POSITION" source="#HAMR3_Sim_Map_-_파티션-1_003-mesh-positions"/>
        </vertices>
        <triangles material="Material_016-material" count="36">
          <input semantic="VERTEX" source="#HAMR3_Sim_Map_-_파티션-1_003-mesh-vertices" offset="0"/>
          <input semantic="NORMAL" source="#HAMR3_Sim_Map_-_파티션-1_003-mesh-normals" offset="1"/>
          <p>0 0 1 0 2 0 2 1 1 1 3 1 4 2 1 2 5 2 5 3 1 3 0 3 2 4 3 4 6 4 6 5 3 5 7 5 5 6 0 6 6 6 6 7 0 7 2 7 7 8 3 8 4 8 4 9 3 9 1 9 4 10 5 10 7 10 7 11 5 11 6 11 8 12 9 12 10 12 10 13 9 13 11 13 12 14 13 14 14 14 14 15 13 15 15 15 10 16 11 16 14 16 14 17 11 17 12 17 15 18 13 18 8 18 8 19 13 19 9 19 13 20 12 20 9 20 9 21 12 21 11 21 8 22 10 22 15 22 15 23 10 23 14 23 16 24 17 24 18 24 18 25 17 25 19 25 20 26 21 26 22 26 22 27 21 27 23 27 22 28 23 28 16 28 16 29 23 29 17 29 19 30 21 30 18 30 18 31 21 31 20 31 17 32 23 32 19 32 19 33 23 33 21 33 18 34 20 34 16 34 16 35 20 35 22 35</p>
        </triangles>
      </mesh>
    </geometry>
    <geometry id="HAMR3_Sim_Map_-_출하물품-38_003-mesh" name="HAMR3_Sim_Map - 출하물품-38.003">
      <mesh>
        <source id="HAMR3_Sim_Map_-_출하물품-38_003-mesh-positions">
          <float_array id="HAMR3_Sim_Map_-_출하물품-38_003-mesh-positions-array" count="24">29554.12 36652.51 2600.5 27054.12 36652.51 2600.5 29554.12 36652.51 100.5 27054.12 36652.51 100.5 29554.12 41652.51 2600.5 29554.12 41652.51 100.5 27054.12 41652.51 2600.5 27054.12 41652.51 100.5</float_array>
          <technique_common>
            <accessor source="#HAMR3_Sim_Map_-_출하물품-38_003-mesh-positions-array" count="8" stride="3">
              <param name="X" type="float"/>
              <param name="Y" type="float"/>
              <param name="Z" type="float"/>
            </accessor>
          </technique_common>
        </source>
        <source id="HAMR3_Sim_Map_-_출하물품-38_003-mesh-normals">
          <float_array id="HAMR3_Sim_Map_-_출하물품-38_003-mesh-normals-array" count="36">0 -1 0 0 -1 0 1 0 0 1 0 0 0 1 0 0 1 0 -1 0 0 -1 0 0 0 0 1 0 0 1 0 0 -1 0 0 -1</float_array>
          <technique_common>
            <accessor source="#HAMR3_Sim_Map_-_출하물품-38_003-mesh-normals-array" count="12" stride="3">
              <param name="X" type="float"/>
              <param name="Y" type="float"/>
              <param name="Z" type="float"/>
            </accessor>
          </technique_common>
        </source>
        <vertices id="HAMR3_Sim_Map_-_출하물품-38_003-mesh-vertices">
          <input semantic="POSITION" source="#HAMR3_Sim_Map_-_출하물품-38_003-mesh-positions"/>
        </vertices>
        <triangles material="Material_020-material" count="12">
          <input semantic="VERTEX" source="#HAMR3_Sim_Map_-_출하물품-38_003-mesh-vertices" offset="0"/>
          <input semantic="NORMAL" source="#HAMR3_Sim_Map_-_출하물품-38_003-mesh-normals" offset="1"/>
          <p>0 0 1 0 2 0 2 1 1 1 3 1 4 2 0 2 5 2 5 3 0 3 2 3 6 4 4 4 7 4 7 5 4 5 5 5 1 6 6 6 3 6 3 7 6 7 7 7 4 8 6 8 0 8 0 9 6 9 1 9 7 10 5 10 3 10 3 11 5 11 2 11</p>
        </triangles>
      </mesh>
    </geometry>
    <geometry id="HAMR3_Sim_Map_-_출하물품-37_003-mesh" name="HAMR3_Sim_Map - 출하물품-37.003">
      <mesh>
        <source id="HAMR3_Sim_Map_-_출하물품-37_003-mesh-positions">
          <float_array id="HAMR3_Sim_Map_-_출하물품-37_003-mesh-positions-array" count="24">27054.12 36652.51 2600.5 24554.12 36652.51 2600.5 27054.12 36652.51 100.5 24554.12 36652.51 100.5 27054.12 41652.51 2600.5 27054.12 41652.51 100.5 24554.12 41652.51 2600.5 24554.12 41652.51 100.5</float_array>
          <technique_common>
            <accessor source="#HAMR3_Sim_Map_-_출하물품-37_003-mesh-positions-array" count="8" stride="3">
              <param name="X" type="float"/>
              <param name="Y" type="float"/>
              <param name="Z" type="float"/>
            </accessor>
          </technique_common>
        </source>
        <source id="HAMR3_Sim_Map_-_출하물품-37_003-mesh-normals">
          <float_array id="HAMR3_Sim_Map_-_출하물품-37_003-mesh-normals-array" count="36">0 -1 0 0 -1 0 1 0 0 1 0 0 0 1 0 0 1 0 -1 0 0 -1 0 0 0 0 1 0 0 1 0 0 -1 0 0 -1</float_array>
          <technique_common>
            <accessor source="#HAMR3_Sim_Map_-_출하물품-37_003-mesh-normals-array" count="12" stride="3">
              <param name="X" type="float"/>
              <param name="Y" type="float"/>
              <param name="Z" type="float"/>
            </accessor>
          </technique_common>
        </source>
        <vertices id="HAMR3_Sim_Map_-_출하물품-37_003-mesh-vertices">
          <input semantic="POSITION" source="#HAMR3_Sim_Map_-_출하물품-37_003-mesh-positions"/>
        </vertices>
        <triangles material="Material_020-material" count="12">
          <input semantic="VERTEX" source="#HAMR3_Sim_Map_-_출하물품-37_003-mesh-vertices" offset="0"/>
          <input semantic="NORMAL" source="#HAMR3_Sim_Map_-_출하물품-37_003-mesh-normals" offset="1"/>
          <p>0 0 1 0 2 0 2 1 1 1 3 1 4 2 0 2 5 2 5 3 0 3 2 3 6 4 4 4 7 4 7 5 4 5 5 5 1 6 6 6 3 6 3 7 6 7 7 7 4 8 6 8 0 8 0 9 6 9 1 9 7 10 5 10 3 10 3 11 5 11 2 11</p>
        </triangles>
      </mesh>
    </geometry>
    <geometry id="HAMR3_Sim_Map_-_출하물품-36_003-mesh" name="HAMR3_Sim_Map - 출하물품-36.003">
      <mesh>
        <source id="HAMR3_Sim_Map_-_출하물품-36_003-mesh-positions">
          <float_array id="HAMR3_Sim_Map_-_출하물품-36_003-mesh-positions-array" count="24">24554.12 36652.51 2600.5 22054.12 36652.51 2600.5 24554.12 36652.51 100.5 22054.12 36652.51 100.5 24554.12 41652.51 2600.5 24554.12 41652.51 100.5 22054.12 41652.51 2600.5 22054.12 41652.51 100.5</float_array>
          <technique_common>
            <accessor source="#HAMR3_Sim_Map_-_출하물품-36_003-mesh-positions-array" count="8" stride="3">
              <param name="X" type="float"/>
              <param name="Y" type="float"/>
              <param name="Z" type="float"/>
            </accessor>
          </technique_common>
        </source>
        <source id="HAMR3_Sim_Map_-_출하물품-36_003-mesh-normals">
          <float_array id="HAMR3_Sim_Map_-_출하물품-36_003-mesh-normals-array" count="36">0 -1 0 0 -1 0 1 0 0 1 0 0 0 1 0 0 1 0 -1 0 0 -1 0 0 0 0 1 0 0 1 0 0 -1 0 0 -1</float_array>
          <technique_common>
            <accessor source="#HAMR3_Sim_Map_-_출하물품-36_003-mesh-normals-array" count="12" stride="3">
              <param name="X" type="float"/>
              <param name="Y" type="float"/>
              <param name="Z" type="float"/>
            </accessor>
          </technique_common>
        </source>
        <vertices id="HAMR3_Sim_Map_-_출하물품-36_003-mesh-vertices">
          <input semantic="POSITION" source="#HAMR3_Sim_Map_-_출하물품-36_003-mesh-positions"/>
        </vertices>
        <triangles material="Material_020-material" count="12">
          <input semantic="VERTEX" source="#HAMR3_Sim_Map_-_출하물품-36_003-mesh-vertices" offset="0"/>
          <input semantic="NORMAL" source="#HAMR3_Sim_Map_-_출하물품-36_003-mesh-normals" offset="1"/>
          <p>0 0 1 0 2 0 2 1 1 1 3 1 4 2 0 2 5 2 5 3 0 3 2 3 6 4 4 4 7 4 7 5 4 5 5 5 1 6 6 6 3 6 3 7 6 7 7 7 4 8 6 8 0 8 0 9 6 9 1 9 7 10 5 10 3 10 3 11 5 11 2 11</p>
        </triangles>
      </mesh>
    </geometry>
    <geometry id="HAMR3_Sim_Map_-_출하물품-35_003-mesh" name="HAMR3_Sim_Map - 출하물품-35.003">
      <mesh>
        <source id="HAMR3_Sim_Map_-_출하물품-35_003-mesh-positions">
          <float_array id="HAMR3_Sim_Map_-_출하물품-35_003-mesh-positions-array" count="24">22054.12 36652.51 2600.5 19554.12 36652.51 2600.5 22054.12 36652.51 100.5 19554.12 36652.51 100.5 22054.12 41652.51 2600.5 22054.12 41652.51 100.5 19554.12 41652.51 2600.5 19554.12 41652.51 100.5</float_array>
          <technique_common>
            <accessor source="#HAMR3_Sim_Map_-_출하물품-35_003-mesh-positions-array" count="8" stride="3">
              <param name="X" type="float"/>
              <param name="Y" type="float"/>
              <param name="Z" type="float"/>
            </accessor>
          </technique_common>
        </source>
        <source id="HAMR3_Sim_Map_-_출하물품-35_003-mesh-normals">
          <float_array id="HAMR3_Sim_Map_-_출하물품-35_003-mesh-normals-array" count="36">0 -1 0 0 -1 0 1 0 0 1 0 0 0 1 0 0 1 0 -1 0 0 -1 0 0 0 0 1 0 0 1 0 0 -1 0 0 -1</float_array>
          <technique_common>
            <accessor source="#HAMR3_Sim_Map_-_출하물품-35_003-mesh-normals-array" count="12" stride="3">
              <param name="X" type="float"/>
              <param name="Y" type="float"/>
              <param name="Z" type="float"/>
            </accessor>
          </technique_common>
        </source>
        <vertices id="HAMR3_Sim_Map_-_출하물품-35_003-mesh-vertices">
          <input semantic="POSITION" source="#HAMR3_Sim_Map_-_출하물품-35_003-mesh-positions"/>
        </vertices>
        <triangles material="Material_020-material" count="12">
          <input semantic="VERTEX" source="#HAMR3_Sim_Map_-_출하물품-35_003-mesh-vertices" offset="0"/>
          <input semantic="NORMAL" source="#HAMR3_Sim_Map_-_출하물품-35_003-mesh-normals" offset="1"/>
          <p>0 0 1 0 2 0 2 1 1 1 3 1 4 2 0 2 5 2 5 3 0 3 2 3 6 4 4 4 7 4 7 5 4 5 5 5 1 6 6 6 3 6 3 7 6 7 7 7 4 8 6 8 0 8 0 9 6 9 1 9 7 10 5 10 3 10 3 11 5 11 2 11</p>
        </triangles>
      </mesh>
    </geometry>
    <geometry id="HAMR3_Sim_Map_-_출하물품-34_003-mesh" name="HAMR3_Sim_Map - 출하물품-34.003">
      <mesh>
        <source id="HAMR3_Sim_Map_-_출하물품-34_003-mesh-positions">
          <float_array id="HAMR3_Sim_Map_-_출하물품-34_003-mesh-positions-array" count="24">19554.12 36652.51 2600.5 17054.12 36652.51 2600.5 19554.12 36652.51 100.5 17054.12 36652.51 100.5 19554.12 41652.51 2600.5 19554.12 41652.51 100.5 17054.12 41652.51 2600.5 17054.12 41652.51 100.5</float_array>
          <technique_common>
            <accessor source="#HAMR3_Sim_Map_-_출하물품-34_003-mesh-positions-array" count="8" stride="3">
              <param name="X" type="float"/>
              <param name="Y" type="float"/>
              <param name="Z" type="float"/>
            </accessor>
          </technique_common>
        </source>
        <source id="HAMR3_Sim_Map_-_출하물품-34_003-mesh-normals">
          <float_array id="HAMR3_Sim_Map_-_출하물품-34_003-mesh-normals-array" count="36">0 -1 0 0 -1 0 1 0 0 1 0 0 0 1 0 0 1 0 -1 0 0 -1 0 0 0 0 1 0 0 1 0 0 -1 0 0 -1</float_array>
          <technique_common>
            <accessor source="#HAMR3_Sim_Map_-_출하물품-34_003-mesh-normals-array" count="12" stride="3">
              <param name="X" type="float"/>
              <param name="Y" type="float"/>
              <param name="Z" type="float"/>
            </accessor>
          </technique_common>
        </source>
        <vertices id="HAMR3_Sim_Map_-_출하물품-34_003-mesh-vertices">
          <input semantic="POSITION" source="#HAMR3_Sim_Map_-_출하물품-34_003-mesh-positions"/>
        </vertices>
        <triangles material="Material_020-material" count="12">
          <input semantic="VERTEX" source="#HAMR3_Sim_Map_-_출하물품-34_003-mesh-vertices" offset="0"/>
          <input semantic="NORMAL" source="#HAMR3_Sim_Map_-_출하물품-34_003-mesh-normals" offset="1"/>
          <p>0 0 1 0 2 0 2 1 1 1 3 1 4 2 0 2 5 2 5 3 0 3 2 3 6 4 4 4 7 4 7 5 4 5 5 5 1 6 6 6 3 6 3 7 6 7 7 7 4 8 6 8 0 8 0 9 6 9 1 9 7 10 5 10 3 10 3 11 5 11 2 11</p>
        </triangles>
      </mesh>
    </geometry>
    <geometry id="HAMR3_Sim_Map_-_출하물품-33_003-mesh" name="HAMR3_Sim_Map - 출하물품-33.003">
      <mesh>
        <source id="HAMR3_Sim_Map_-_출하물품-33_003-mesh-positions">
          <float_array id="HAMR3_Sim_Map_-_출하물품-33_003-mesh-positions-array" count="24">17054.12 36652.51 2600.5 14554.12 36652.51 2600.5 17054.12 36652.51 100.5 14554.12 36652.51 100.5 17054.12 41652.51 2600.5 17054.12 41652.51 100.5 14554.12 41652.51 2600.5 14554.12 41652.51 100.5</float_array>
          <technique_common>
            <accessor source="#HAMR3_Sim_Map_-_출하물품-33_003-mesh-positions-array" count="8" stride="3">
              <param name="X" type="float"/>
              <param name="Y" type="float"/>
              <param name="Z" type="float"/>
            </accessor>
          </technique_common>
        </source>
        <source id="HAMR3_Sim_Map_-_출하물품-33_003-mesh-normals">
          <float_array id="HAMR3_Sim_Map_-_출하물품-33_003-mesh-normals-array" count="36">0 -1 0 0 -1 0 1 0 0 1 0 0 0 1 0 0 1 0 -1 0 0 -1 0 0 0 0 1 0 0 1 0 0 -1 0 0 -1</float_array>
          <technique_common>
            <accessor source="#HAMR3_Sim_Map_-_출하물품-33_003-mesh-normals-array" count="12" stride="3">
              <param name="X" type="float"/>
              <param name="Y" type="float"/>
              <param name="Z" type="float"/>
            </accessor>
          </technique_common>
        </source>
        <vertices id="HAMR3_Sim_Map_-_출하물품-33_003-mesh-vertices">
          <input semantic="POSITION" source="#HAMR3_Sim_Map_-_출하물품-33_003-mesh-positions"/>
        </vertices>
        <triangles material="Material_020-material" count="12">
          <input semantic="VERTEX" source="#HAMR3_Sim_Map_-_출하물품-33_003-mesh-vertices" offset="0"/>
          <input semantic="NORMAL" source="#HAMR3_Sim_Map_-_출하물품-33_003-mesh-normals" offset="1"/>
          <p>0 0 1 0 2 0 2 1 1 1 3 1 4 2 0 2 5 2 5 3 0 3 2 3 6 4 4 4 7 4 7 5 4 5 5 5 1 6 6 6 3 6 3 7 6 7 7 7 4 8 6 8 0 8 0 9 6 9 1 9 7 10 5 10 3 10 3 11 5 11 2 11</p>
        </triangles>
      </mesh>
    </geometry>
    <geometry id="HAMR3_Sim_Map_-_출하물품-32_003-mesh" name="HAMR3_Sim_Map - 출하물품-32.003">
      <mesh>
        <source id="HAMR3_Sim_Map_-_출하물품-32_003-mesh-positions">
          <float_array id="HAMR3_Sim_Map_-_출하물품-32_003-mesh-positions-array" count="24">14554.12 36652.51 2600.5 12054.12 36652.51 2600.5 14554.12 36652.51 100.5 12054.12 36652.51 100.5 14554.12 41652.51 2600.5 14554.12 41652.51 100.5 12054.12 41652.51 2600.5 12054.12 41652.51 100.5</float_array>
          <technique_common>
            <accessor source="#HAMR3_Sim_Map_-_출하물품-32_003-mesh-positions-array" count="8" stride="3">
              <param name="X" type="float"/>
              <param name="Y" type="float"/>
              <param name="Z" type="float"/>
            </accessor>
          </technique_common>
        </source>
        <source id="HAMR3_Sim_Map_-_출하물품-32_003-mesh-normals">
          <float_array id="HAMR3_Sim_Map_-_출하물품-32_003-mesh-normals-array" count="36">0 -1 0 0 -1 0 1 0 0 1 0 0 0 1 0 0 1 0 -1 0 0 -1 0 0 0 0 1 0 0 1 0 0 -1 0 0 -1</float_array>
          <technique_common>
            <accessor source="#HAMR3_Sim_Map_-_출하물품-32_003-mesh-normals-array" count="12" stride="3">
              <param name="X" type="float"/>
              <param name="Y" type="float"/>
              <param name="Z" type="float"/>
            </accessor>
          </technique_common>
        </source>
        <vertices id="HAMR3_Sim_Map_-_출하물품-32_003-mesh-vertices">
          <input semantic="POSITION" source="#HAMR3_Sim_Map_-_출하물품-32_003-mesh-positions"/>
        </vertices>
        <triangles material="Material_020-material" count="12">
          <input semantic="VERTEX" source="#HAMR3_Sim_Map_-_출하물품-32_003-mesh-vertices" offset="0"/>
          <input semantic="NORMAL" source="#HAMR3_Sim_Map_-_출하물품-32_003-mesh-normals" offset="1"/>
          <p>0 0 1 0 2 0 2 1 1 1 3 1 4 2 0 2 5 2 5 3 0 3 2 3 6 4 4 4 7 4 7 5 4 5 5 5 1 6 6 6 3 6 3 7 6 7 7 7 4 8 6 8 0 8 0 9 6 9 1 9 7 10 5 10 3 10 3 11 5 11 2 11</p>
        </triangles>
      </mesh>
    </geometry>
    <geometry id="HAMR3_Sim_Map_-_출하물품-31_003-mesh" name="HAMR3_Sim_Map - 출하물품-31.003">
      <mesh>
        <source id="HAMR3_Sim_Map_-_출하물품-31_003-mesh-positions">
          <float_array id="HAMR3_Sim_Map_-_출하물품-31_003-mesh-positions-array" count="24">12054.12 36652.51 2600.5 9554.122 36652.51 2600.5 12054.12 36652.51 100.5 9554.122 36652.51 100.5 12054.12 41652.51 2600.5 12054.12 41652.51 100.5 9554.122 41652.51 2600.5 9554.122 41652.51 100.5</float_array>
          <technique_common>
            <accessor source="#HAMR3_Sim_Map_-_출하물품-31_003-mesh-positions-array" count="8" stride="3">
              <param name="X" type="float"/>
              <param name="Y" type="float"/>
              <param name="Z" type="float"/>
            </accessor>
          </technique_common>
        </source>
        <source id="HAMR3_Sim_Map_-_출하물품-31_003-mesh-normals">
          <float_array id="HAMR3_Sim_Map_-_출하물품-31_003-mesh-normals-array" count="36">0 -1 0 0 -1 0 1 0 0 1 0 0 0 1 0 0 1 0 -1 0 0 -1 0 0 0 0 1 0 0 1 0 0 -1 0 0 -1</float_array>
          <technique_common>
            <accessor source="#HAMR3_Sim_Map_-_출하물품-31_003-mesh-normals-array" count="12" stride="3">
              <param name="X" type="float"/>
              <param name="Y" type="float"/>
              <param name="Z" type="float"/>
            </accessor>
          </technique_common>
        </source>
        <vertices id="HAMR3_Sim_Map_-_출하물품-31_003-mesh-vertices">
          <input semantic="POSITION" source="#HAMR3_Sim_Map_-_출하물품-31_003-mesh-positions"/>
        </vertices>
        <triangles material="Material_020-material" count="12">
          <input semantic="VERTEX" source="#HAMR3_Sim_Map_-_출하물품-31_003-mesh-vertices" offset="0"/>
          <input semantic="NORMAL" source="#HAMR3_Sim_Map_-_출하물품-31_003-mesh-normals" offset="1"/>
          <p>0 0 1 0 2 0 2 1 1 1 3 1 4 2 0 2 5 2 5 3 0 3 2 3 6 4 4 4 7 4 7 5 4 5 5 5 1 6 6 6 3 6 3 7 6 7 7 7 4 8 6 8 0 8 0 9 6 9 1 9 7 10 5 10 3 10 3 11 5 11 2 11</p>
        </triangles>
      </mesh>
    </geometry>
    <geometry id="HAMR3_Sim_Map_-_출하물품-30_003-mesh" name="HAMR3_Sim_Map - 출하물품-30.003">
      <mesh>
        <source id="HAMR3_Sim_Map_-_출하물품-30_003-mesh-positions">
          <float_array id="HAMR3_Sim_Map_-_출하물품-30_003-mesh-positions-array" count="24">29554.12 31652.52 2600.5 27054.12 31652.52 2600.5 29554.12 31652.52 100.5 27054.12 31652.52 100.5 29554.12 36652.51 2600.5 29554.12 36652.51 100.5 27054.12 36652.51 2600.5 27054.12 36652.51 100.5</float_array>
          <technique_common>
            <accessor source="#HAMR3_Sim_Map_-_출하물품-30_003-mesh-positions-array" count="8" stride="3">
              <param name="X" type="float"/>
              <param name="Y" type="float"/>
              <param name="Z" type="float"/>
            </accessor>
          </technique_common>
        </source>
        <source id="HAMR3_Sim_Map_-_출하물품-30_003-mesh-normals">
          <float_array id="HAMR3_Sim_Map_-_출하물품-30_003-mesh-normals-array" count="36">0 -1 0 0 -1 0 1 0 0 1 0 0 0 1 0 0 1 0 -1 0 0 -1 0 0 0 0 1 0 0 1 0 0 -1 0 0 -1</float_array>
          <technique_common>
            <accessor source="#HAMR3_Sim_Map_-_출하물품-30_003-mesh-normals-array" count="12" stride="3">
              <param name="X" type="float"/>
              <param name="Y" type="float"/>
              <param name="Z" type="float"/>
            </accessor>
          </technique_common>
        </source>
        <vertices id="HAMR3_Sim_Map_-_출하물품-30_003-mesh-vertices">
          <input semantic="POSITION" source="#HAMR3_Sim_Map_-_출하물품-30_003-mesh-positions"/>
        </vertices>
        <triangles material="Material_020-material" count="12">
          <input semantic="VERTEX" source="#HAMR3_Sim_Map_-_출하물품-30_003-mesh-vertices" offset="0"/>
          <input semantic="NORMAL" source="#HAMR3_Sim_Map_-_출하물품-30_003-mesh-normals" offset="1"/>
          <p>0 0 1 0 2 0 2 1 1 1 3 1 4 2 0 2 5 2 5 3 0 3 2 3 6 4 4 4 7 4 7 5 4 5 5 5 1 6 6 6 3 6 3 7 6 7 7 7 4 8 6 8 0 8 0 9 6 9 1 9 7 10 5 10 3 10 3 11 5 11 2 11</p>
        </triangles>
      </mesh>
    </geometry>
    <geometry id="HAMR3_Sim_Map_-_출하물품-29_003-mesh" name="HAMR3_Sim_Map - 출하물품-29.003">
      <mesh>
        <source id="HAMR3_Sim_Map_-_출하물품-29_003-mesh-positions">
          <float_array id="HAMR3_Sim_Map_-_출하물품-29_003-mesh-positions-array" count="24">27054.12 31652.52 2600.5 24554.12 31652.52 2600.5 27054.12 31652.52 100.5 24554.12 31652.52 100.5 27054.12 36652.51 2600.5 27054.12 36652.51 100.5 24554.12 36652.51 2600.5 24554.12 36652.51 100.5</float_array>
          <technique_common>
            <accessor source="#HAMR3_Sim_Map_-_출하물품-29_003-mesh-positions-array" count="8" stride="3">
              <param name="X" type="float"/>
              <param name="Y" type="float"/>
              <param name="Z" type="float"/>
            </accessor>
          </technique_common>
        </source>
        <source id="HAMR3_Sim_Map_-_출하물품-29_003-mesh-normals">
          <float_array id="HAMR3_Sim_Map_-_출하물품-29_003-mesh-normals-array" count="36">0 -1 0 0 -1 0 1 0 0 1 0 0 0 1 0 0 1 0 -1 0 0 -1 0 0 0 0 1 0 0 1 0 0 -1 0 0 -1</float_array>
          <technique_common>
            <accessor source="#HAMR3_Sim_Map_-_출하물품-29_003-mesh-normals-array" count="12" stride="3">
              <param name="X" type="float"/>
              <param name="Y" type="float"/>
              <param name="Z" type="float"/>
            </accessor>
          </technique_common>
        </source>
        <vertices id="HAMR3_Sim_Map_-_출하물품-29_003-mesh-vertices">
          <input semantic="POSITION" source="#HAMR3_Sim_Map_-_출하물품-29_003-mesh-positions"/>
        </vertices>
        <triangles material="Material_020-material" count="12">
          <input semantic="VERTEX" source="#HAMR3_Sim_Map_-_출하물품-29_003-mesh-vertices" offset="0"/>
          <input semantic="NORMAL" source="#HAMR3_Sim_Map_-_출하물품-29_003-mesh-normals" offset="1"/>
          <p>0 0 1 0 2 0 2 1 1 1 3 1 4 2 0 2 5 2 5 3 0 3 2 3 6 4 4 4 7 4 7 5 4 5 5 5 1 6 6 6 3 6 3 7 6 7 7 7 4 8 6 8 0 8 0 9 6 9 1 9 7 10 5 10 3 10 3 11 5 11 2 11</p>
        </triangles>
      </mesh>
    </geometry>
    <geometry id="HAMR3_Sim_Map_-_출하물품-28_003-mesh" name="HAMR3_Sim_Map - 출하물품-28.003">
      <mesh>
        <source id="HAMR3_Sim_Map_-_출하물품-28_003-mesh-positions">
          <float_array id="HAMR3_Sim_Map_-_출하물품-28_003-mesh-positions-array" count="24">24554.12 31652.52 2600.5 22054.12 31652.52 2600.5 24554.12 31652.52 100.5 22054.12 31652.52 100.5 24554.12 36652.51 2600.5 24554.12 36652.51 100.5 22054.12 36652.51 2600.5 22054.12 36652.51 100.5</float_array>
          <technique_common>
            <accessor source="#HAMR3_Sim_Map_-_출하물품-28_003-mesh-positions-array" count="8" stride="3">
              <param name="X" type="float"/>
              <param name="Y" type="float"/>
              <param name="Z" type="float"/>
            </accessor>
          </technique_common>
        </source>
        <source id="HAMR3_Sim_Map_-_출하물품-28_003-mesh-normals">
          <float_array id="HAMR3_Sim_Map_-_출하물품-28_003-mesh-normals-array" count="36">0 -1 0 0 -1 0 1 0 0 1 0 0 0 1 0 0 1 0 -1 0 0 -1 0 0 0 0 1 0 0 1 0 0 -1 0 0 -1</float_array>
          <technique_common>
            <accessor source="#HAMR3_Sim_Map_-_출하물품-28_003-mesh-normals-array" count="12" stride="3">
              <param name="X" type="float"/>
              <param name="Y" type="float"/>
              <param name="Z" type="float"/>
            </accessor>
          </technique_common>
        </source>
        <vertices id="HAMR3_Sim_Map_-_출하물품-28_003-mesh-vertices">
          <input semantic="POSITION" source="#HAMR3_Sim_Map_-_출하물품-28_003-mesh-positions"/>
        </vertices>
        <triangles material="Material_020-material" count="12">
          <input semantic="VERTEX" source="#HAMR3_Sim_Map_-_출하물품-28_003-mesh-vertices" offset="0"/>
          <input semantic="NORMAL" source="#HAMR3_Sim_Map_-_출하물품-28_003-mesh-normals" offset="1"/>
          <p>0 0 1 0 2 0 2 1 1 1 3 1 4 2 0 2 5 2 5 3 0 3 2 3 6 4 4 4 7 4 7 5 4 5 5 5 1 6 6 6 3 6 3 7 6 7 7 7 4 8 6 8 0 8 0 9 6 9 1 9 7 10 5 10 3 10 3 11 5 11 2 11</p>
        </triangles>
      </mesh>
    </geometry>
    <geometry id="HAMR3_Sim_Map_-_출하물품-27_003-mesh" name="HAMR3_Sim_Map - 출하물품-27.003">
      <mesh>
        <source id="HAMR3_Sim_Map_-_출하물품-27_003-mesh-positions">
          <float_array id="HAMR3_Sim_Map_-_출하물품-27_003-mesh-positions-array" count="24">22054.12 31652.52 2600.5 19554.12 31652.52 2600.5 22054.12 31652.52 100.5 19554.12 31652.52 100.5 22054.12 36652.51 2600.5 22054.12 36652.51 100.5 19554.12 36652.51 2600.5 19554.12 36652.51 100.5</float_array>
          <technique_common>
            <accessor source="#HAMR3_Sim_Map_-_출하물품-27_003-mesh-positions-array" count="8" stride="3">
              <param name="X" type="float"/>
              <param name="Y" type="float"/>
              <param name="Z" type="float"/>
            </accessor>
          </technique_common>
        </source>
        <source id="HAMR3_Sim_Map_-_출하물품-27_003-mesh-normals">
          <float_array id="HAMR3_Sim_Map_-_출하물품-27_003-mesh-normals-array" count="36">0 -1 0 0 -1 0 1 0 0 1 0 0 0 1 0 0 1 0 -1 0 0 -1 0 0 0 0 1 0 0 1 0 0 -1 0 0 -1</float_array>
          <technique_common>
            <accessor source="#HAMR3_Sim_Map_-_출하물품-27_003-mesh-normals-array" count="12" stride="3">
              <param name="X" type="float"/>
              <param name="Y" type="float"/>
              <param name="Z" type="float"/>
            </accessor>
          </technique_common>
        </source>
        <vertices id="HAMR3_Sim_Map_-_출하물품-27_003-mesh-vertices">
          <input semantic="POSITION" source="#HAMR3_Sim_Map_-_출하물품-27_003-mesh-positions"/>
        </vertices>
        <triangles material="Material_020-material" count="12">
          <input semantic="VERTEX" source="#HAMR3_Sim_Map_-_출하물품-27_003-mesh-vertices" offset="0"/>
          <input semantic="NORMAL" source="#HAMR3_Sim_Map_-_출하물품-27_003-mesh-normals" offset="1"/>
          <p>0 0 1 0 2 0 2 1 1 1 3 1 4 2 0 2 5 2 5 3 0 3 2 3 6 4 4 4 7 4 7 5 4 5 5 5 1 6 6 6 3 6 3 7 6 7 7 7 4 8 6 8 0 8 0 9 6 9 1 9 7 10 5 10 3 10 3 11 5 11 2 11</p>
        </triangles>
      </mesh>
    </geometry>
    <geometry id="HAMR3_Sim_Map_-_출하물품-26_003-mesh" name="HAMR3_Sim_Map - 출하물품-26.003">
      <mesh>
        <source id="HAMR3_Sim_Map_-_출하물품-26_003-mesh-positions">
          <float_array id="HAMR3_Sim_Map_-_출하물품-26_003-mesh-positions-array" count="24">19554.12 31652.52 2600.5 17054.12 31652.52 2600.5 19554.12 31652.52 100.5 17054.12 31652.52 100.5 19554.12 36652.51 2600.5 19554.12 36652.51 100.5 17054.12 36652.51 2600.5 17054.12 36652.51 100.5</float_array>
          <technique_common>
            <accessor source="#HAMR3_Sim_Map_-_출하물품-26_003-mesh-positions-array" count="8" stride="3">
              <param name="X" type="float"/>
              <param name="Y" type="float"/>
              <param name="Z" type="float"/>
            </accessor>
          </technique_common>
        </source>
        <source id="HAMR3_Sim_Map_-_출하물품-26_003-mesh-normals">
          <float_array id="HAMR3_Sim_Map_-_출하물품-26_003-mesh-normals-array" count="36">0 -1 0 0 -1 0 1 0 0 1 0 0 0 1 0 0 1 0 -1 0 0 -1 0 0 0 0 1 0 0 1 0 0 -1 0 0 -1</float_array>
          <technique_common>
            <accessor source="#HAMR3_Sim_Map_-_출하물품-26_003-mesh-normals-array" count="12" stride="3">
              <param name="X" type="float"/>
              <param name="Y" type="float"/>
              <param name="Z" type="float"/>
            </accessor>
          </technique_common>
        </source>
        <vertices id="HAMR3_Sim_Map_-_출하물품-26_003-mesh-vertices">
          <input semantic="POSITION" source="#HAMR3_Sim_Map_-_출하물품-26_003-mesh-positions"/>
        </vertices>
        <triangles material="Material_020-material" count="12">
          <input semantic="VERTEX" source="#HAMR3_Sim_Map_-_출하물품-26_003-mesh-vertices" offset="0"/>
          <input semantic="NORMAL" source="#HAMR3_Sim_Map_-_출하물품-26_003-mesh-normals" offset="1"/>
          <p>0 0 1 0 2 0 2 1 1 1 3 1 4 2 0 2 5 2 5 3 0 3 2 3 6 4 4 4 7 4 7 5 4 5 5 5 1 6 6 6 3 6 3 7 6 7 7 7 4 8 6 8 0 8 0 9 6 9 1 9 7 10 5 10 3 10 3 11 5 11 2 11</p>
        </triangles>
      </mesh>
    </geometry>
    <geometry id="HAMR3_Sim_Map_-_출하물품-25_003-mesh" name="HAMR3_Sim_Map - 출하물품-25.003">
      <mesh>
        <source id="HAMR3_Sim_Map_-_출하물품-25_003-mesh-positions">
          <float_array id="HAMR3_Sim_Map_-_출하물품-25_003-mesh-positions-array" count="24">17054.12 31652.52 2600.5 14554.12 31652.52 2600.5 17054.12 31652.52 100.5 14554.12 31652.52 100.5 17054.12 36652.51 2600.5 17054.12 36652.51 100.5 14554.12 36652.51 2600.5 14554.12 36652.51 100.5</float_array>
          <technique_common>
            <accessor source="#HAMR3_Sim_Map_-_출하물품-25_003-mesh-positions-array" count="8" stride="3">
              <param name="X" type="float"/>
              <param name="Y" type="float"/>
              <param name="Z" type="float"/>
            </accessor>
          </technique_common>
        </source>
        <source id="HAMR3_Sim_Map_-_출하물품-25_003-mesh-normals">
          <float_array id="HAMR3_Sim_Map_-_출하물품-25_003-mesh-normals-array" count="36">0 -1 0 0 -1 0 1 0 0 1 0 0 0 1 0 0 1 0 -1 0 0 -1 0 0 0 0 1 0 0 1 0 0 -1 0 0 -1</float_array>
          <technique_common>
            <accessor source="#HAMR3_Sim_Map_-_출하물품-25_003-mesh-normals-array" count="12" stride="3">
              <param name="X" type="float"/>
              <param name="Y" type="float"/>
              <param name="Z" type="float"/>
            </accessor>
          </technique_common>
        </source>
        <vertices id="HAMR3_Sim_Map_-_출하물품-25_003-mesh-vertices">
          <input semantic="POSITION" source="#HAMR3_Sim_Map_-_출하물품-25_003-mesh-positions"/>
        </vertices>
        <triangles material="Material_020-material" count="12">
          <input semantic="VERTEX" source="#HAMR3_Sim_Map_-_출하물품-25_003-mesh-vertices" offset="0"/>
          <input semantic="NORMAL" source="#HAMR3_Sim_Map_-_출하물품-25_003-mesh-normals" offset="1"/>
          <p>0 0 1 0 2 0 2 1 1 1 3 1 4 2 0 2 5 2 5 3 0 3 2 3 6 4 4 4 7 4 7 5 4 5 5 5 1 6 6 6 3 6 3 7 6 7 7 7 4 8 6 8 0 8 0 9 6 9 1 9 7 10 5 10 3 10 3 11 5 11 2 11</p>
        </triangles>
      </mesh>
    </geometry>
    <geometry id="HAMR3_Sim_Map_-_출하물품-24_003-mesh" name="HAMR3_Sim_Map - 출하물품-24.003">
      <mesh>
        <source id="HAMR3_Sim_Map_-_출하물품-24_003-mesh-positions">
          <float_array id="HAMR3_Sim_Map_-_출하물품-24_003-mesh-positions-array" count="24">14554.12 31652.52 2600.5 12054.12 31652.52 2600.5 14554.12 31652.52 100.5 12054.12 31652.52 100.5 14554.12 36652.51 2600.5 14554.12 36652.51 100.5 12054.12 36652.51 2600.5 12054.12 36652.51 100.5</float_array>
          <technique_common>
            <accessor source="#HAMR3_Sim_Map_-_출하물품-24_003-mesh-positions-array" count="8" stride="3">
              <param name="X" type="float"/>
              <param name="Y" type="float"/>
              <param name="Z" type="float"/>
            </accessor>
          </technique_common>
        </source>
        <source id="HAMR3_Sim_Map_-_출하물품-24_003-mesh-normals">
          <float_array id="HAMR3_Sim_Map_-_출하물품-24_003-mesh-normals-array" count="36">0 -1 0 0 -1 0 1 0 0 1 0 0 0 1 0 0 1 0 -1 0 0 -1 0 0 0 0 1 0 0 1 0 0 -1 0 0 -1</float_array>
          <technique_common>
            <accessor source="#HAMR3_Sim_Map_-_출하물품-24_003-mesh-normals-array" count="12" stride="3">
              <param name="X" type="float"/>
              <param name="Y" type="float"/>
              <param name="Z" type="float"/>
            </accessor>
          </technique_common>
        </source>
        <vertices id="HAMR3_Sim_Map_-_출하물품-24_003-mesh-vertices">
          <input semantic="POSITION" source="#HAMR3_Sim_Map_-_출하물품-24_003-mesh-positions"/>
        </vertices>
        <triangles material="Material_020-material" count="12">
          <input semantic="VERTEX" source="#HAMR3_Sim_Map_-_출하물품-24_003-mesh-vertices" offset="0"/>
          <input semantic="NORMAL" source="#HAMR3_Sim_Map_-_출하물품-24_003-mesh-normals" offset="1"/>
          <p>0 0 1 0 2 0 2 1 1 1 3 1 4 2 0 2 5 2 5 3 0 3 2 3 6 4 4 4 7 4 7 5 4 5 5 5 1 6 6 6 3 6 3 7 6 7 7 7 4 8 6 8 0 8 0 9 6 9 1 9 7 10 5 10 3 10 3 11 5 11 2 11</p>
        </triangles>
      </mesh>
    </geometry>
    <geometry id="HAMR3_Sim_Map_-_출하물품-23_003-mesh" name="HAMR3_Sim_Map - 출하물품-23.003">
      <mesh>
        <source id="HAMR3_Sim_Map_-_출하물품-23_003-mesh-positions">
          <float_array id="HAMR3_Sim_Map_-_출하물품-23_003-mesh-positions-array" count="24">12054.12 31652.52 2600.5 9554.122 31652.52 2600.5 12054.12 31652.52 100.5 9554.122 31652.52 100.5 12054.12 36652.51 2600.5 12054.12 36652.51 100.5 9554.122 36652.51 2600.5 9554.122 36652.51 100.5</float_array>
          <technique_common>
            <accessor source="#HAMR3_Sim_Map_-_출하물품-23_003-mesh-positions-array" count="8" stride="3">
              <param name="X" type="float"/>
              <param name="Y" type="float"/>
              <param name="Z" type="float"/>
            </accessor>
          </technique_common>
        </source>
        <source id="HAMR3_Sim_Map_-_출하물품-23_003-mesh-normals">
          <float_array id="HAMR3_Sim_Map_-_출하물품-23_003-mesh-normals-array" count="36">0 -1 0 0 -1 0 1 0 0 1 0 0 0 1 0 0 1 0 -1 0 0 -1 0 0 0 0 1 0 0 1 0 0 -1 0 0 -1</float_array>
          <technique_common>
            <accessor source="#HAMR3_Sim_Map_-_출하물품-23_003-mesh-normals-array" count="12" stride="3">
              <param name="X" type="float"/>
              <param name="Y" type="float"/>
              <param name="Z" type="float"/>
            </accessor>
          </technique_common>
        </source>
        <vertices id="HAMR3_Sim_Map_-_출하물품-23_003-mesh-vertices">
          <input semantic="POSITION" source="#HAMR3_Sim_Map_-_출하물품-23_003-mesh-positions"/>
        </vertices>
        <triangles material="Material_020-material" count="12">
          <input semantic="VERTEX" source="#HAMR3_Sim_Map_-_출하물품-23_003-mesh-vertices" offset="0"/>
          <input semantic="NORMAL" source="#HAMR3_Sim_Map_-_출하물품-23_003-mesh-normals" offset="1"/>
          <p>0 0 1 0 2 0 2 1 1 1 3 1 4 2 0 2 5 2 5 3 0 3 2 3 6 4 4 4 7 4 7 5 4 5 5 5 1 6 6 6 3 6 3 7 6 7 7 7 4 8 6 8 0 8 0 9 6 9 1 9 7 10 5 10 3 10 3 11 5 11 2 11</p>
        </triangles>
      </mesh>
    </geometry>
    <geometry id="HAMR3_Sim_Map_-_출하물품-22_003-mesh" name="HAMR3_Sim_Map - 출하물품-22.003">
      <mesh>
        <source id="HAMR3_Sim_Map_-_출하물품-22_003-mesh-positions">
          <float_array id="HAMR3_Sim_Map_-_출하물품-22_003-mesh-positions-array" count="24">9554.122 36652.51 2600.5 7054.121 36652.51 2600.5 9554.122 36652.51 100.5 7054.121 36652.51 100.5 9554.122 41652.51 2600.5 9554.122 41652.51 100.5 7054.121 41652.51 2600.5 7054.121 41652.51 100.5</float_array>
          <technique_common>
            <accessor source="#HAMR3_Sim_Map_-_출하물품-22_003-mesh-positions-array" count="8" stride="3">
              <param name="X" type="float"/>
              <param name="Y" type="float"/>
              <param name="Z" type="float"/>
            </accessor>
          </technique_common>
        </source>
        <source id="HAMR3_Sim_Map_-_출하물품-22_003-mesh-normals">
          <float_array id="HAMR3_Sim_Map_-_출하물품-22_003-mesh-normals-array" count="36">0 -1 0 0 -1 0 1 0 0 1 0 0 0 1 0 0 1 0 -1 0 0 -1 0 0 0 0 1 0 0 1 0 0 -1 0 0 -1</float_array>
          <technique_common>
            <accessor source="#HAMR3_Sim_Map_-_출하물품-22_003-mesh-normals-array" count="12" stride="3">
              <param name="X" type="float"/>
              <param name="Y" type="float"/>
              <param name="Z" type="float"/>
            </accessor>
          </technique_common>
        </source>
        <vertices id="HAMR3_Sim_Map_-_출하물품-22_003-mesh-vertices">
          <input semantic="POSITION" source="#HAMR3_Sim_Map_-_출하물품-22_003-mesh-positions"/>
        </vertices>
        <triangles material="Material_020-material" count="12">
          <input semantic="VERTEX" source="#HAMR3_Sim_Map_-_출하물품-22_003-mesh-vertices" offset="0"/>
          <input semantic="NORMAL" source="#HAMR3_Sim_Map_-_출하물품-22_003-mesh-normals" offset="1"/>
          <p>0 0 1 0 2 0 2 1 1 1 3 1 4 2 0 2 5 2 5 3 0 3 2 3 6 4 4 4 7 4 7 5 4 5 5 5 1 6 6 6 3 6 3 7 6 7 7 7 4 8 6 8 0 8 0 9 6 9 1 9 7 10 5 10 3 10 3 11 5 11 2 11</p>
        </triangles>
      </mesh>
    </geometry>
    <geometry id="HAMR3_Sim_Map_-_출하물품-21_003-mesh" name="HAMR3_Sim_Map - 출하물품-21.003">
      <mesh>
        <source id="HAMR3_Sim_Map_-_출하물품-21_003-mesh-positions">
          <float_array id="HAMR3_Sim_Map_-_출하물품-21_003-mesh-positions-array" count="24">9554.122 31652.52 2600.5 7054.121 31652.52 2600.5 9554.122 31652.52 100.5 7054.121 31652.52 100.5 9554.122 36652.51 2600.5 9554.122 36652.51 100.5 7054.121 36652.51 2600.5 7054.121 36652.51 100.5</float_array>
          <technique_common>
            <accessor source="#HAMR3_Sim_Map_-_출하물품-21_003-mesh-positions-array" count="8" stride="3">
              <param name="X" type="float"/>
              <param name="Y" type="float"/>
              <param name="Z" type="float"/>
            </accessor>
          </technique_common>
        </source>
        <source id="HAMR3_Sim_Map_-_출하물품-21_003-mesh-normals">
          <float_array id="HAMR3_Sim_Map_-_출하물품-21_003-mesh-normals-array" count="36">0 -1 0 0 -1 0 1 0 0 1 0 0 0 1 0 0 1 0 -1 0 0 -1 0 0 0 0 1 0 0 1 0 0 -1 0 0 -1</float_array>
          <technique_common>
            <accessor source="#HAMR3_Sim_Map_-_출하물품-21_003-mesh-normals-array" count="12" stride="3">
              <param name="X" type="float"/>
              <param name="Y" type="float"/>
              <param name="Z" type="float"/>
            </accessor>
          </technique_common>
        </source>
        <vertices id="HAMR3_Sim_Map_-_출하물품-21_003-mesh-vertices">
          <input semantic="POSITION" source="#HAMR3_Sim_Map_-_출하물품-21_003-mesh-positions"/>
        </vertices>
        <triangles material="Material_020-material" count="12">
          <input semantic="VERTEX" source="#HAMR3_Sim_Map_-_출하물품-21_003-mesh-vertices" offset="0"/>
          <input semantic="NORMAL" source="#HAMR3_Sim_Map_-_출하물품-21_003-mesh-normals" offset="1"/>
          <p>0 0 1 0 2 0 2 1 1 1 3 1 4 2 0 2 5 2 5 3 0 3 2 3 6 4 4 4 7 4 7 5 4 5 5 5 1 6 6 6 3 6 3 7 6 7 7 7 4 8 6 8 0 8 0 9 6 9 1 9 7 10 5 10 3 10 3 11 5 11 2 11</p>
        </triangles>
      </mesh>
    </geometry>
    <geometry id="HAMR3_Sim_Map_-_출하물품-20_003-mesh" name="HAMR3_Sim_Map - 출하물품-20.003">
      <mesh>
        <source id="HAMR3_Sim_Map_-_출하물품-20_003-mesh-positions">
          <float_array id="HAMR3_Sim_Map_-_출하물품-20_003-mesh-positions-array" count="24">29554.12 20652.52 2600.5 27054.12 20652.52 2600.5 29554.12 20652.52 100.5 27054.12 20652.52 100.5 29554.12 25652.52 2600.5 29554.12 25652.52 100.5 27054.12 25652.52 2600.5 27054.12 25652.52 100.5</float_array>
          <technique_common>
            <accessor source="#HAMR3_Sim_Map_-_출하물품-20_003-mesh-positions-array" count="8" stride="3">
              <param name="X" type="float"/>
              <param name="Y" type="float"/>
              <param name="Z" type="float"/>
            </accessor>
          </technique_common>
        </source>
        <source id="HAMR3_Sim_Map_-_출하물품-20_003-mesh-normals">
          <float_array id="HAMR3_Sim_Map_-_출하물품-20_003-mesh-normals-array" count="36">0 -1 0 0 -1 0 1 0 0 1 0 0 0 1 0 0 1 0 -1 0 0 -1 0 0 0 0 1 0 0 1 0 0 -1 0 0 -1</float_array>
          <technique_common>
            <accessor source="#HAMR3_Sim_Map_-_출하물품-20_003-mesh-normals-array" count="12" stride="3">
              <param name="X" type="float"/>
              <param name="Y" type="float"/>
              <param name="Z" type="float"/>
            </accessor>
          </technique_common>
        </source>
        <vertices id="HAMR3_Sim_Map_-_출하물품-20_003-mesh-vertices">
          <input semantic="POSITION" source="#HAMR3_Sim_Map_-_출하물품-20_003-mesh-positions"/>
        </vertices>
        <triangles material="Material_020-material" count="12">
          <input semantic="VERTEX" source="#HAMR3_Sim_Map_-_출하물품-20_003-mesh-vertices" offset="0"/>
          <input semantic="NORMAL" source="#HAMR3_Sim_Map_-_출하물품-20_003-mesh-normals" offset="1"/>
          <p>0 0 1 0 2 0 2 1 1 1 3 1 4 2 0 2 5 2 5 3 0 3 2 3 6 4 4 4 7 4 7 5 4 5 5 5 1 6 6 6 3 6 3 7 6 7 7 7 4 8 6 8 0 8 0 9 6 9 1 9 7 10 5 10 3 10 3 11 5 11 2 11</p>
        </triangles>
      </mesh>
    </geometry>
    <geometry id="HAMR3_Sim_Map_-_출하물품-19_003-mesh" name="HAMR3_Sim_Map - 출하물품-19.003">
      <mesh>
        <source id="HAMR3_Sim_Map_-_출하물품-19_003-mesh-positions">
          <float_array id="HAMR3_Sim_Map_-_출하물품-19_003-mesh-positions-array" count="24">27054.12 20652.52 2600.5 24554.12 20652.52 2600.5 27054.12 20652.52 100.5 24554.12 20652.52 100.5 27054.12 25652.52 2600.5 27054.12 25652.52 100.5 24554.12 25652.52 2600.5 24554.12 25652.52 100.5</float_array>
          <technique_common>
            <accessor source="#HAMR3_Sim_Map_-_출하물품-19_003-mesh-positions-array" count="8" stride="3">
              <param name="X" type="float"/>
              <param name="Y" type="float"/>
              <param name="Z" type="float"/>
            </accessor>
          </technique_common>
        </source>
        <source id="HAMR3_Sim_Map_-_출하물품-19_003-mesh-normals">
          <float_array id="HAMR3_Sim_Map_-_출하물품-19_003-mesh-normals-array" count="36">0 -1 0 0 -1 0 1 0 0 1 0 0 0 1 0 0 1 0 -1 0 0 -1 0 0 0 0 1 0 0 1 0 0 -1 0 0 -1</float_array>
          <technique_common>
            <accessor source="#HAMR3_Sim_Map_-_출하물품-19_003-mesh-normals-array" count="12" stride="3">
              <param name="X" type="float"/>
              <param name="Y" type="float"/>
              <param name="Z" type="float"/>
            </accessor>
          </technique_common>
        </source>
        <vertices id="HAMR3_Sim_Map_-_출하물품-19_003-mesh-vertices">
          <input semantic="POSITION" source="#HAMR3_Sim_Map_-_출하물품-19_003-mesh-positions"/>
        </vertices>
        <triangles material="Material_020-material" count="12">
          <input semantic="VERTEX" source="#HAMR3_Sim_Map_-_출하물품-19_003-mesh-vertices" offset="0"/>
          <input semantic="NORMAL" source="#HAMR3_Sim_Map_-_출하물품-19_003-mesh-normals" offset="1"/>
          <p>0 0 1 0 2 0 2 1 1 1 3 1 4 2 0 2 5 2 5 3 0 3 2 3 6 4 4 4 7 4 7 5 4 5 5 5 1 6 6 6 3 6 3 7 6 7 7 7 4 8 6 8 0 8 0 9 6 9 1 9 7 10 5 10 3 10 3 11 5 11 2 11</p>
        </triangles>
      </mesh>
    </geometry>
    <geometry id="HAMR3_Sim_Map_-_출하물품-18_003-mesh" name="HAMR3_Sim_Map - 출하물품-18.003">
      <mesh>
        <source id="HAMR3_Sim_Map_-_출하물품-18_003-mesh-positions">
          <float_array id="HAMR3_Sim_Map_-_출하물품-18_003-mesh-positions-array" count="24">24554.12 20652.52 2600.5 22054.12 20652.52 2600.5 24554.12 20652.52 100.5 22054.12 20652.52 100.5 24554.12 25652.52 2600.5 24554.12 25652.52 100.5 22054.12 25652.52 2600.5 22054.12 25652.52 100.5</float_array>
          <technique_common>
            <accessor source="#HAMR3_Sim_Map_-_출하물품-18_003-mesh-positions-array" count="8" stride="3">
              <param name="X" type="float"/>
              <param name="Y" type="float"/>
              <param name="Z" type="float"/>
            </accessor>
          </technique_common>
        </source>
        <source id="HAMR3_Sim_Map_-_출하물품-18_003-mesh-normals">
          <float_array id="HAMR3_Sim_Map_-_출하물품-18_003-mesh-normals-array" count="36">0 -1 0 0 -1 0 1 0 0 1 0 0 0 1 0 0 1 0 -1 0 0 -1 0 0 0 0 1 0 0 1 0 0 -1 0 0 -1</float_array>
          <technique_common>
            <accessor source="#HAMR3_Sim_Map_-_출하물품-18_003-mesh-normals-array" count="12" stride="3">
              <param name="X" type="float"/>
              <param name="Y" type="float"/>
              <param name="Z" type="float"/>
            </accessor>
          </technique_common>
        </source>
        <vertices id="HAMR3_Sim_Map_-_출하물품-18_003-mesh-vertices">
          <input semantic="POSITION" source="#HAMR3_Sim_Map_-_출하물품-18_003-mesh-positions"/>
        </vertices>
        <triangles material="Material_020-material" count="12">
          <input semantic="VERTEX" source="#HAMR3_Sim_Map_-_출하물품-18_003-mesh-vertices" offset="0"/>
          <input semantic="NORMAL" source="#HAMR3_Sim_Map_-_출하물품-18_003-mesh-normals" offset="1"/>
          <p>0 0 1 0 2 0 2 1 1 1 3 1 4 2 0 2 5 2 5 3 0 3 2 3 6 4 4 4 7 4 7 5 4 5 5 5 1 6 6 6 3 6 3 7 6 7 7 7 4 8 6 8 0 8 0 9 6 9 1 9 7 10 5 10 3 10 3 11 5 11 2 11</p>
        </triangles>
      </mesh>
    </geometry>
    <geometry id="HAMR3_Sim_Map_-_출하물품-17_003-mesh" name="HAMR3_Sim_Map - 출하물품-17.003">
      <mesh>
        <source id="HAMR3_Sim_Map_-_출하물품-17_003-mesh-positions">
          <float_array id="HAMR3_Sim_Map_-_출하물품-17_003-mesh-positions-array" count="24">22054.12 20652.52 2600.5 19554.12 20652.52 2600.5 22054.12 20652.52 100.5 19554.12 20652.52 100.5 22054.12 25652.52 2600.5 22054.12 25652.52 100.5 19554.12 25652.52 2600.5 19554.12 25652.52 100.5</float_array>
          <technique_common>
            <accessor source="#HAMR3_Sim_Map_-_출하물품-17_003-mesh-positions-array" count="8" stride="3">
              <param name="X" type="float"/>
              <param name="Y" type="float"/>
              <param name="Z" type="float"/>
            </accessor>
          </technique_common>
        </source>
        <source id="HAMR3_Sim_Map_-_출하물품-17_003-mesh-normals">
          <float_array id="HAMR3_Sim_Map_-_출하물품-17_003-mesh-normals-array" count="36">0 -1 0 0 -1 0 1 0 0 1 0 0 0 1 0 0 1 0 -1 0 0 -1 0 0 0 0 1 0 0 1 0 0 -1 0 0 -1</float_array>
          <technique_common>
            <accessor source="#HAMR3_Sim_Map_-_출하물품-17_003-mesh-normals-array" count="12" stride="3">
              <param name="X" type="float"/>
              <param name="Y" type="float"/>
              <param name="Z" type="float"/>
            </accessor>
          </technique_common>
        </source>
        <vertices id="HAMR3_Sim_Map_-_출하물품-17_003-mesh-vertices">
          <input semantic="POSITION" source="#HAMR3_Sim_Map_-_출하물품-17_003-mesh-positions"/>
        </vertices>
        <triangles material="Material_020-material" count="12">
          <input semantic="VERTEX" source="#HAMR3_Sim_Map_-_출하물품-17_003-mesh-vertices" offset="0"/>
          <input semantic="NORMAL" source="#HAMR3_Sim_Map_-_출하물품-17_003-mesh-normals" offset="1"/>
          <p>0 0 1 0 2 0 2 1 1 1 3 1 4 2 0 2 5 2 5 3 0 3 2 3 6 4 4 4 7 4 7 5 4 5 5 5 1 6 6 6 3 6 3 7 6 7 7 7 4 8 6 8 0 8 0 9 6 9 1 9 7 10 5 10 3 10 3 11 5 11 2 11</p>
        </triangles>
      </mesh>
    </geometry>
    <geometry id="HAMR3_Sim_Map_-_출하물품-16_003-mesh" name="HAMR3_Sim_Map - 출하물품-16.003">
      <mesh>
        <source id="HAMR3_Sim_Map_-_출하물품-16_003-mesh-positions">
          <float_array id="HAMR3_Sim_Map_-_출하물품-16_003-mesh-positions-array" count="24">19554.12 20652.52 2600.5 17054.12 20652.52 2600.5 19554.12 20652.52 100.5 17054.12 20652.52 100.5 19554.12 25652.52 2600.5 19554.12 25652.52 100.5 17054.12 25652.52 2600.5 17054.12 25652.52 100.5</float_array>
          <technique_common>
            <accessor source="#HAMR3_Sim_Map_-_출하물품-16_003-mesh-positions-array" count="8" stride="3">
              <param name="X" type="float"/>
              <param name="Y" type="float"/>
              <param name="Z" type="float"/>
            </accessor>
          </technique_common>
        </source>
        <source id="HAMR3_Sim_Map_-_출하물품-16_003-mesh-normals">
          <float_array id="HAMR3_Sim_Map_-_출하물품-16_003-mesh-normals-array" count="36">0 -1 0 0 -1 0 1 0 0 1 0 0 0 1 0 0 1 0 -1 0 0 -1 0 0 0 0 1 0 0 1 0 0 -1 0 0 -1</float_array>
          <technique_common>
            <accessor source="#HAMR3_Sim_Map_-_출하물품-16_003-mesh-normals-array" count="12" stride="3">
              <param name="X" type="float"/>
              <param name="Y" type="float"/>
              <param name="Z" type="float"/>
            </accessor>
          </technique_common>
        </source>
        <vertices id="HAMR3_Sim_Map_-_출하물품-16_003-mesh-vertices">
          <input semantic="POSITION" source="#HAMR3_Sim_Map_-_출하물품-16_003-mesh-positions"/>
        </vertices>
        <triangles material="Material_020-material" count="12">
          <input semantic="VERTEX" source="#HAMR3_Sim_Map_-_출하물품-16_003-mesh-vertices" offset="0"/>
          <input semantic="NORMAL" source="#HAMR3_Sim_Map_-_출하물품-16_003-mesh-normals" offset="1"/>
          <p>0 0 1 0 2 0 2 1 1 1 3 1 4 2 0 2 5 2 5 3 0 3 2 3 6 4 4 4 7 4 7 5 4 5 5 5 1 6 6 6 3 6 3 7 6 7 7 7 4 8 6 8 0 8 0 9 6 9 1 9 7 10 5 10 3 10 3 11 5 11 2 11</p>
        </triangles>
      </mesh>
    </geometry>
    <geometry id="HAMR3_Sim_Map_-_출하물품-15_003-mesh" name="HAMR3_Sim_Map - 출하물품-15.003">
      <mesh>
        <source id="HAMR3_Sim_Map_-_출하물품-15_003-mesh-positions">
          <float_array id="HAMR3_Sim_Map_-_출하물품-15_003-mesh-positions-array" count="24">17054.12 20652.52 2600.5 14554.12 20652.52 2600.5 17054.12 20652.52 100.5 14554.12 20652.52 100.5 17054.12 25652.52 2600.5 17054.12 25652.52 100.5 14554.12 25652.52 2600.5 14554.12 25652.52 100.5</float_array>
          <technique_common>
            <accessor source="#HAMR3_Sim_Map_-_출하물품-15_003-mesh-positions-array" count="8" stride="3">
              <param name="X" type="float"/>
              <param name="Y" type="float"/>
              <param name="Z" type="float"/>
            </accessor>
          </technique_common>
        </source>
        <source id="HAMR3_Sim_Map_-_출하물품-15_003-mesh-normals">
          <float_array id="HAMR3_Sim_Map_-_출하물품-15_003-mesh-normals-array" count="36">0 -1 0 0 -1 0 1 0 0 1 0 0 0 1 0 0 1 0 -1 0 0 -1 0 0 0 0 1 0 0 1 0 0 -1 0 0 -1</float_array>
          <technique_common>
            <accessor source="#HAMR3_Sim_Map_-_출하물품-15_003-mesh-normals-array" count="12" stride="3">
              <param name="X" type="float"/>
              <param name="Y" type="float"/>
              <param name="Z" type="float"/>
            </accessor>
          </technique_common>
        </source>
        <vertices id="HAMR3_Sim_Map_-_출하물품-15_003-mesh-vertices">
          <input semantic="POSITION" source="#HAMR3_Sim_Map_-_출하물품-15_003-mesh-positions"/>
        </vertices>
        <triangles material="Material_020-material" count="12">
          <input semantic="VERTEX" source="#HAMR3_Sim_Map_-_출하물품-15_003-mesh-vertices" offset="0"/>
          <input semantic="NORMAL" source="#HAMR3_Sim_Map_-_출하물품-15_003-mesh-normals" offset="1"/>
          <p>0 0 1 0 2 0 2 1 1 1 3 1 4 2 0 2 5 2 5 3 0 3 2 3 6 4 4 4 7 4 7 5 4 5 5 5 1 6 6 6 3 6 3 7 6 7 7 7 4 8 6 8 0 8 0 9 6 9 1 9 7 10 5 10 3 10 3 11 5 11 2 11</p>
        </triangles>
      </mesh>
    </geometry>
    <geometry id="HAMR3_Sim_Map_-_출하물품-14_003-mesh" name="HAMR3_Sim_Map - 출하물품-14.003">
      <mesh>
        <source id="HAMR3_Sim_Map_-_출하물품-14_003-mesh-positions">
          <float_array id="HAMR3_Sim_Map_-_출하물품-14_003-mesh-positions-array" count="24">14554.12 20652.52 2600.5 12054.12 20652.52 2600.5 14554.12 20652.52 100.5 12054.12 20652.52 100.5 14554.12 25652.52 2600.5 14554.12 25652.52 100.5 12054.12 25652.52 2600.5 12054.12 25652.52 100.5</float_array>
          <technique_common>
            <accessor source="#HAMR3_Sim_Map_-_출하물품-14_003-mesh-positions-array" count="8" stride="3">
              <param name="X" type="float"/>
              <param name="Y" type="float"/>
              <param name="Z" type="float"/>
            </accessor>
          </technique_common>
        </source>
        <source id="HAMR3_Sim_Map_-_출하물품-14_003-mesh-normals">
          <float_array id="HAMR3_Sim_Map_-_출하물품-14_003-mesh-normals-array" count="36">0 -1 0 0 -1 0 1 0 0 1 0 0 0 1 0 0 1 0 -1 0 0 -1 0 0 0 0 1 0 0 1 0 0 -1 0 0 -1</float_array>
          <technique_common>
            <accessor source="#HAMR3_Sim_Map_-_출하물품-14_003-mesh-normals-array" count="12" stride="3">
              <param name="X" type="float"/>
              <param name="Y" type="float"/>
              <param name="Z" type="float"/>
            </accessor>
          </technique_common>
        </source>
        <vertices id="HAMR3_Sim_Map_-_출하물품-14_003-mesh-vertices">
          <input semantic="POSITION" source="#HAMR3_Sim_Map_-_출하물품-14_003-mesh-positions"/>
        </vertices>
        <triangles material="Material_020-material" count="12">
          <input semantic="VERTEX" source="#HAMR3_Sim_Map_-_출하물품-14_003-mesh-vertices" offset="0"/>
          <input semantic="NORMAL" source="#HAMR3_Sim_Map_-_출하물품-14_003-mesh-normals" offset="1"/>
          <p>0 0 1 0 2 0 2 1 1 1 3 1 4 2 0 2 5 2 5 3 0 3 2 3 6 4 4 4 7 4 7 5 4 5 5 5 1 6 6 6 3 6 3 7 6 7 7 7 4 8 6 8 0 8 0 9 6 9 1 9 7 10 5 10 3 10 3 11 5 11 2 11</p>
        </triangles>
      </mesh>
    </geometry>
    <geometry id="HAMR3_Sim_Map_-_출하물품-13_003-mesh" name="HAMR3_Sim_Map - 출하물품-13.003">
      <mesh>
        <source id="HAMR3_Sim_Map_-_출하물품-13_003-mesh-positions">
          <float_array id="HAMR3_Sim_Map_-_출하물품-13_003-mesh-positions-array" count="24">12054.12 20652.52 2600.5 9554.122 20652.52 2600.5 12054.12 20652.52 100.5 9554.122 20652.52 100.5 12054.12 25652.52 2600.5 12054.12 25652.52 100.5 9554.122 25652.52 2600.5 9554.122 25652.52 100.5</float_array>
          <technique_common>
            <accessor source="#HAMR3_Sim_Map_-_출하물품-13_003-mesh-positions-array" count="8" stride="3">
              <param name="X" type="float"/>
              <param name="Y" type="float"/>
              <param name="Z" type="float"/>
            </accessor>
          </technique_common>
        </source>
        <source id="HAMR3_Sim_Map_-_출하물품-13_003-mesh-normals">
          <float_array id="HAMR3_Sim_Map_-_출하물품-13_003-mesh-normals-array" count="36">0 -1 0 0 -1 0 1 0 0 1 0 0 0 1 0 0 1 0 -1 0 0 -1 0 0 0 0 1 0 0 1 0 0 -1 0 0 -1</float_array>
          <technique_common>
            <accessor source="#HAMR3_Sim_Map_-_출하물품-13_003-mesh-normals-array" count="12" stride="3">
              <param name="X" type="float"/>
              <param name="Y" type="float"/>
              <param name="Z" type="float"/>
            </accessor>
          </technique_common>
        </source>
        <vertices id="HAMR3_Sim_Map_-_출하물품-13_003-mesh-vertices">
          <input semantic="POSITION" source="#HAMR3_Sim_Map_-_출하물품-13_003-mesh-positions"/>
        </vertices>
        <triangles material="Material_020-material" count="12">
          <input semantic="VERTEX" source="#HAMR3_Sim_Map_-_출하물품-13_003-mesh-vertices" offset="0"/>
          <input semantic="NORMAL" source="#HAMR3_Sim_Map_-_출하물품-13_003-mesh-normals" offset="1"/>
          <p>0 0 1 0 2 0 2 1 1 1 3 1 4 2 0 2 5 2 5 3 0 3 2 3 6 4 4 4 7 4 7 5 4 5 5 5 1 6 6 6 3 6 3 7 6 7 7 7 4 8 6 8 0 8 0 9 6 9 1 9 7 10 5 10 3 10 3 11 5 11 2 11</p>
        </triangles>
      </mesh>
    </geometry>
    <geometry id="HAMR3_Sim_Map_-_출하물품-12_003-mesh" name="HAMR3_Sim_Map - 출하물품-12.003">
      <mesh>
        <source id="HAMR3_Sim_Map_-_출하물품-12_003-mesh-positions">
          <float_array id="HAMR3_Sim_Map_-_출하물품-12_003-mesh-positions-array" count="24">29554.12 15652.52 2600.5 27054.12 15652.52 2600.5 29554.12 15652.52 100.5 27054.12 15652.52 100.5 29554.12 20652.52 2600.5 29554.12 20652.52 100.5 27054.12 20652.52 2600.5 27054.12 20652.52 100.5</float_array>
          <technique_common>
            <accessor source="#HAMR3_Sim_Map_-_출하물품-12_003-mesh-positions-array" count="8" stride="3">
              <param name="X" type="float"/>
              <param name="Y" type="float"/>
              <param name="Z" type="float"/>
            </accessor>
          </technique_common>
        </source>
        <source id="HAMR3_Sim_Map_-_출하물품-12_003-mesh-normals">
          <float_array id="HAMR3_Sim_Map_-_출하물품-12_003-mesh-normals-array" count="36">0 -1 0 0 -1 0 1 0 0 1 0 0 0 1 0 0 1 0 -1 0 0 -1 0 0 0 0 1 0 0 1 0 0 -1 0 0 -1</float_array>
          <technique_common>
            <accessor source="#HAMR3_Sim_Map_-_출하물품-12_003-mesh-normals-array" count="12" stride="3">
              <param name="X" type="float"/>
              <param name="Y" type="float"/>
              <param name="Z" type="float"/>
            </accessor>
          </technique_common>
        </source>
        <vertices id="HAMR3_Sim_Map_-_출하물품-12_003-mesh-vertices">
          <input semantic="POSITION" source="#HAMR3_Sim_Map_-_출하물품-12_003-mesh-positions"/>
        </vertices>
        <triangles material="Material_020-material" count="12">
          <input semantic="VERTEX" source="#HAMR3_Sim_Map_-_출하물품-12_003-mesh-vertices" offset="0"/>
          <input semantic="NORMAL" source="#HAMR3_Sim_Map_-_출하물품-12_003-mesh-normals" offset="1"/>
          <p>0 0 1 0 2 0 2 1 1 1 3 1 4 2 0 2 5 2 5 3 0 3 2 3 6 4 4 4 7 4 7 5 4 5 5 5 1 6 6 6 3 6 3 7 6 7 7 7 4 8 6 8 0 8 0 9 6 9 1 9 7 10 5 10 3 10 3 11 5 11 2 11</p>
        </triangles>
      </mesh>
    </geometry>
    <geometry id="HAMR3_Sim_Map_-_출하물품-11_003-mesh" name="HAMR3_Sim_Map - 출하물품-11.003">
      <mesh>
        <source id="HAMR3_Sim_Map_-_출하물품-11_003-mesh-positions">
          <float_array id="HAMR3_Sim_Map_-_출하물품-11_003-mesh-positions-array" count="24">27054.12 15652.52 2600.5 24554.12 15652.52 2600.5 27054.12 15652.52 100.5 24554.12 15652.52 100.5 27054.12 20652.52 2600.5 27054.12 20652.52 100.5 24554.12 20652.52 2600.5 24554.12 20652.52 100.5</float_array>
          <technique_common>
            <accessor source="#HAMR3_Sim_Map_-_출하물품-11_003-mesh-positions-array" count="8" stride="3">
              <param name="X" type="float"/>
              <param name="Y" type="float"/>
              <param name="Z" type="float"/>
            </accessor>
          </technique_common>
        </source>
        <source id="HAMR3_Sim_Map_-_출하물품-11_003-mesh-normals">
          <float_array id="HAMR3_Sim_Map_-_출하물품-11_003-mesh-normals-array" count="36">0 -1 0 0 -1 0 1 0 0 1 0 0 0 1 0 0 1 0 -1 0 0 -1 0 0 0 0 1 0 0 1 0 0 -1 0 0 -1</float_array>
          <technique_common>
            <accessor source="#HAMR3_Sim_Map_-_출하물품-11_003-mesh-normals-array" count="12" stride="3">
              <param name="X" type="float"/>
              <param name="Y" type="float"/>
              <param name="Z" type="float"/>
            </accessor>
          </technique_common>
        </source>
        <vertices id="HAMR3_Sim_Map_-_출하물품-11_003-mesh-vertices">
          <input semantic="POSITION" source="#HAMR3_Sim_Map_-_출하물품-11_003-mesh-positions"/>
        </vertices>
        <triangles material="Material_020-material" count="12">
          <input semantic="VERTEX" source="#HAMR3_Sim_Map_-_출하물품-11_003-mesh-vertices" offset="0"/>
          <input semantic="NORMAL" source="#HAMR3_Sim_Map_-_출하물품-11_003-mesh-normals" offset="1"/>
          <p>0 0 1 0 2 0 2 1 1 1 3 1 4 2 0 2 5 2 5 3 0 3 2 3 6 4 4 4 7 4 7 5 4 5 5 5 1 6 6 6 3 6 3 7 6 7 7 7 4 8 6 8 0 8 0 9 6 9 1 9 7 10 5 10 3 10 3 11 5 11 2 11</p>
        </triangles>
      </mesh>
    </geometry>
    <geometry id="HAMR3_Sim_Map_-_출하물품-10_003-mesh" name="HAMR3_Sim_Map - 출하물품-10.003">
      <mesh>
        <source id="HAMR3_Sim_Map_-_출하물품-10_003-mesh-positions">
          <float_array id="HAMR3_Sim_Map_-_출하물품-10_003-mesh-positions-array" count="24">24554.12 15652.52 2600.5 22054.12 15652.52 2600.5 24554.12 15652.52 100.5 22054.12 15652.52 100.5 24554.12 20652.52 2600.5 24554.12 20652.52 100.5 22054.12 20652.52 2600.5 22054.12 20652.52 100.5</float_array>
          <technique_common>
            <accessor source="#HAMR3_Sim_Map_-_출하물품-10_003-mesh-positions-array" count="8" stride="3">
              <param name="X" type="float"/>
              <param name="Y" type="float"/>
              <param name="Z" type="float"/>
            </accessor>
          </technique_common>
        </source>
        <source id="HAMR3_Sim_Map_-_출하물품-10_003-mesh-normals">
          <float_array id="HAMR3_Sim_Map_-_출하물품-10_003-mesh-normals-array" count="36">0 -1 0 0 -1 0 1 0 0 1 0 0 0 1 0 0 1 0 -1 0 0 -1 0 0 0 0 1 0 0 1 0 0 -1 0 0 -1</float_array>
          <technique_common>
            <accessor source="#HAMR3_Sim_Map_-_출하물품-10_003-mesh-normals-array" count="12" stride="3">
              <param name="X" type="float"/>
              <param name="Y" type="float"/>
              <param name="Z" type="float"/>
            </accessor>
          </technique_common>
        </source>
        <vertices id="HAMR3_Sim_Map_-_출하물품-10_003-mesh-vertices">
          <input semantic="POSITION" source="#HAMR3_Sim_Map_-_출하물품-10_003-mesh-positions"/>
        </vertices>
        <triangles material="Material_020-material" count="12">
          <input semantic="VERTEX" source="#HAMR3_Sim_Map_-_출하물품-10_003-mesh-vertices" offset="0"/>
          <input semantic="NORMAL" source="#HAMR3_Sim_Map_-_출하물품-10_003-mesh-normals" offset="1"/>
          <p>0 0 1 0 2 0 2 1 1 1 3 1 4 2 0 2 5 2 5 3 0 3 2 3 6 4 4 4 7 4 7 5 4 5 5 5 1 6 6 6 3 6 3 7 6 7 7 7 4 8 6 8 0 8 0 9 6 9 1 9 7 10 5 10 3 10 3 11 5 11 2 11</p>
        </triangles>
      </mesh>
    </geometry>
    <geometry id="HAMR3_Sim_Map_-_출하물품-9_003-mesh" name="HAMR3_Sim_Map - 출하물품-9.003">
      <mesh>
        <source id="HAMR3_Sim_Map_-_출하물품-9_003-mesh-positions">
          <float_array id="HAMR3_Sim_Map_-_출하물품-9_003-mesh-positions-array" count="24">22054.12 15652.52 2600.5 19554.12 15652.52 2600.5 22054.12 15652.52 100.5 19554.12 15652.52 100.5 22054.12 20652.52 2600.5 22054.12 20652.52 100.5 19554.12 20652.52 2600.5 19554.12 20652.52 100.5</float_array>
          <technique_common>
            <accessor source="#HAMR3_Sim_Map_-_출하물품-9_003-mesh-positions-array" count="8" stride="3">
              <param name="X" type="float"/>
              <param name="Y" type="float"/>
              <param name="Z" type="float"/>
            </accessor>
          </technique_common>
        </source>
        <source id="HAMR3_Sim_Map_-_출하물품-9_003-mesh-normals">
          <float_array id="HAMR3_Sim_Map_-_출하물품-9_003-mesh-normals-array" count="36">0 -1 0 0 -1 0 1 0 0 1 0 0 0 1 0 0 1 0 -1 0 0 -1 0 0 0 0 1 0 0 1 0 0 -1 0 0 -1</float_array>
          <technique_common>
            <accessor source="#HAMR3_Sim_Map_-_출하물품-9_003-mesh-normals-array" count="12" stride="3">
              <param name="X" type="float"/>
              <param name="Y" type="float"/>
              <param name="Z" type="float"/>
            </accessor>
          </technique_common>
        </source>
        <vertices id="HAMR3_Sim_Map_-_출하물품-9_003-mesh-vertices">
          <input semantic="POSITION" source="#HAMR3_Sim_Map_-_출하물품-9_003-mesh-positions"/>
        </vertices>
        <triangles material="Material_020-material" count="12">
          <input semantic="VERTEX" source="#HAMR3_Sim_Map_-_출하물품-9_003-mesh-vertices" offset="0"/>
          <input semantic="NORMAL" source="#HAMR3_Sim_Map_-_출하물품-9_003-mesh-normals" offset="1"/>
          <p>0 0 1 0 2 0 2 1 1 1 3 1 4 2 0 2 5 2 5 3 0 3 2 3 6 4 4 4 7 4 7 5 4 5 5 5 1 6 6 6 3 6 3 7 6 7 7 7 4 8 6 8 0 8 0 9 6 9 1 9 7 10 5 10 3 10 3 11 5 11 2 11</p>
        </triangles>
      </mesh>
    </geometry>
    <geometry id="HAMR3_Sim_Map_-_출하물품-8_003-mesh" name="HAMR3_Sim_Map - 출하물품-8.003">
      <mesh>
        <source id="HAMR3_Sim_Map_-_출하물품-8_003-mesh-positions">
          <float_array id="HAMR3_Sim_Map_-_출하물품-8_003-mesh-positions-array" count="24">19554.12 15652.52 2600.5 17054.12 15652.52 2600.5 19554.12 15652.52 100.5 17054.12 15652.52 100.5 19554.12 20652.52 2600.5 19554.12 20652.52 100.5 17054.12 20652.52 2600.5 17054.12 20652.52 100.5</float_array>
          <technique_common>
            <accessor source="#HAMR3_Sim_Map_-_출하물품-8_003-mesh-positions-array" count="8" stride="3">
              <param name="X" type="float"/>
              <param name="Y" type="float"/>
              <param name="Z" type="float"/>
            </accessor>
          </technique_common>
        </source>
        <source id="HAMR3_Sim_Map_-_출하물품-8_003-mesh-normals">
          <float_array id="HAMR3_Sim_Map_-_출하물품-8_003-mesh-normals-array" count="36">0 -1 0 0 -1 0 1 0 0 1 0 0 0 1 0 0 1 0 -1 0 0 -1 0 0 0 0 1 0 0 1 0 0 -1 0 0 -1</float_array>
          <technique_common>
            <accessor source="#HAMR3_Sim_Map_-_출하물품-8_003-mesh-normals-array" count="12" stride="3">
              <param name="X" type="float"/>
              <param name="Y" type="float"/>
              <param name="Z" type="float"/>
            </accessor>
          </technique_common>
        </source>
        <vertices id="HAMR3_Sim_Map_-_출하물품-8_003-mesh-vertices">
          <input semantic="POSITION" source="#HAMR3_Sim_Map_-_출하물품-8_003-mesh-positions"/>
        </vertices>
        <triangles material="Material_020-material" count="12">
          <input semantic="VERTEX" source="#HAMR3_Sim_Map_-_출하물품-8_003-mesh-vertices" offset="0"/>
          <input semantic="NORMAL" source="#HAMR3_Sim_Map_-_출하물품-8_003-mesh-normals" offset="1"/>
          <p>0 0 1 0 2 0 2 1 1 1 3 1 4 2 0 2 5 2 5 3 0 3 2 3 6 4 4 4 7 4 7 5 4 5 5 5 1 6 6 6 3 6 3 7 6 7 7 7 4 8 6 8 0 8 0 9 6 9 1 9 7 10 5 10 3 10 3 11 5 11 2 11</p>
        </triangles>
      </mesh>
    </geometry>
    <geometry id="HAMR3_Sim_Map_-_출하물품-7_003-mesh" name="HAMR3_Sim_Map - 출하물품-7.003">
      <mesh>
        <source id="HAMR3_Sim_Map_-_출하물품-7_003-mesh-positions">
          <float_array id="HAMR3_Sim_Map_-_출하물품-7_003-mesh-positions-array" count="24">17054.12 15652.52 2600.5 14554.12 15652.52 2600.5 17054.12 15652.52 100.5 14554.12 15652.52 100.5 17054.12 20652.52 2600.5 17054.12 20652.52 100.5 14554.12 20652.52 2600.5 14554.12 20652.52 100.5</float_array>
          <technique_common>
            <accessor source="#HAMR3_Sim_Map_-_출하물품-7_003-mesh-positions-array" count="8" stride="3">
              <param name="X" type="float"/>
              <param name="Y" type="float"/>
              <param name="Z" type="float"/>
            </accessor>
          </technique_common>
        </source>
        <source id="HAMR3_Sim_Map_-_출하물품-7_003-mesh-normals">
          <float_array id="HAMR3_Sim_Map_-_출하물품-7_003-mesh-normals-array" count="36">0 -1 0 0 -1 0 1 0 0 1 0 0 0 1 0 0 1 0 -1 0 0 -1 0 0 0 0 1 0 0 1 0 0 -1 0 0 -1</float_array>
          <technique_common>
            <accessor source="#HAMR3_Sim_Map_-_출하물품-7_003-mesh-normals-array" count="12" stride="3">
              <param name="X" type="float"/>
              <param name="Y" type="float"/>
              <param name="Z" type="float"/>
            </accessor>
          </technique_common>
        </source>
        <vertices id="HAMR3_Sim_Map_-_출하물품-7_003-mesh-vertices">
          <input semantic="POSITION" source="#HAMR3_Sim_Map_-_출하물품-7_003-mesh-positions"/>
        </vertices>
        <triangles material="Material_020-material" count="12">
          <input semantic="VERTEX" source="#HAMR3_Sim_Map_-_출하물품-7_003-mesh-vertices" offset="0"/>
          <input semantic="NORMAL" source="#HAMR3_Sim_Map_-_출하물품-7_003-mesh-normals" offset="1"/>
          <p>0 0 1 0 2 0 2 1 1 1 3 1 4 2 0 2 5 2 5 3 0 3 2 3 6 4 4 4 7 4 7 5 4 5 5 5 1 6 6 6 3 6 3 7 6 7 7 7 4 8 6 8 0 8 0 9 6 9 1 9 7 10 5 10 3 10 3 11 5 11 2 11</p>
        </triangles>
      </mesh>
    </geometry>
    <geometry id="HAMR3_Sim_Map_-_출하물품-6_003-mesh" name="HAMR3_Sim_Map - 출하물품-6.003">
      <mesh>
        <source id="HAMR3_Sim_Map_-_출하물품-6_003-mesh-positions">
          <float_array id="HAMR3_Sim_Map_-_출하물품-6_003-mesh-positions-array" count="24">14554.12 15652.52 2600.5 12054.12 15652.52 2600.5 14554.12 15652.52 100.5 12054.12 15652.52 100.5 14554.12 20652.52 2600.5 14554.12 20652.52 100.5 12054.12 20652.52 2600.5 12054.12 20652.52 100.5</float_array>
          <technique_common>
            <accessor source="#HAMR3_Sim_Map_-_출하물품-6_003-mesh-positions-array" count="8" stride="3">
              <param name="X" type="float"/>
              <param name="Y" type="float"/>
              <param name="Z" type="float"/>
            </accessor>
          </technique_common>
        </source>
        <source id="HAMR3_Sim_Map_-_출하물품-6_003-mesh-normals">
          <float_array id="HAMR3_Sim_Map_-_출하물품-6_003-mesh-normals-array" count="36">0 -1 0 0 -1 0 1 0 0 1 0 0 0 1 0 0 1 0 -1 0 0 -1 0 0 0 0 1 0 0 1 0 0 -1 0 0 -1</float_array>
          <technique_common>
            <accessor source="#HAMR3_Sim_Map_-_출하물품-6_003-mesh-normals-array" count="12" stride="3">
              <param name="X" type="float"/>
              <param name="Y" type="float"/>
              <param name="Z" type="float"/>
            </accessor>
          </technique_common>
        </source>
        <vertices id="HAMR3_Sim_Map_-_출하물품-6_003-mesh-vertices">
          <input semantic="POSITION" source="#HAMR3_Sim_Map_-_출하물품-6_003-mesh-positions"/>
        </vertices>
        <triangles material="Material_020-material" count="12">
          <input semantic="VERTEX" source="#HAMR3_Sim_Map_-_출하물품-6_003-mesh-vertices" offset="0"/>
          <input semantic="NORMAL" source="#HAMR3_Sim_Map_-_출하물품-6_003-mesh-normals" offset="1"/>
          <p>0 0 1 0 2 0 2 1 1 1 3 1 4 2 0 2 5 2 5 3 0 3 2 3 6 4 4 4 7 4 7 5 4 5 5 5 1 6 6 6 3 6 3 7 6 7 7 7 4 8 6 8 0 8 0 9 6 9 1 9 7 10 5 10 3 10 3 11 5 11 2 11</p>
        </triangles>
      </mesh>
    </geometry>
    <geometry id="HAMR3_Sim_Map_-_출하물품-5_003-mesh" name="HAMR3_Sim_Map - 출하물품-5.003">
      <mesh>
        <source id="HAMR3_Sim_Map_-_출하물품-5_003-mesh-positions">
          <float_array id="HAMR3_Sim_Map_-_출하물품-5_003-mesh-positions-array" count="24">12054.12 15652.52 2600.5 9554.122 15652.52 2600.5 12054.12 15652.52 100.5 9554.122 15652.52 100.5 12054.12 20652.52 2600.5 12054.12 20652.52 100.5 9554.122 20652.52 2600.5 9554.122 20652.52 100.5</float_array>
          <technique_common>
            <accessor source="#HAMR3_Sim_Map_-_출하물품-5_003-mesh-positions-array" count="8" stride="3">
              <param name="X" type="float"/>
              <param name="Y" type="float"/>
              <param name="Z" type="float"/>
            </accessor>
          </technique_common>
        </source>
        <source id="HAMR3_Sim_Map_-_출하물품-5_003-mesh-normals">
          <float_array id="HAMR3_Sim_Map_-_출하물품-5_003-mesh-normals-array" count="36">0 -1 0 0 -1 0 1 0 0 1 0 0 0 1 0 0 1 0 -1 0 0 -1 0 0 0 0 1 0 0 1 0 0 -1 0 0 -1</float_array>
          <technique_common>
            <accessor source="#HAMR3_Sim_Map_-_출하물품-5_003-mesh-normals-array" count="12" stride="3">
              <param name="X" type="float"/>
              <param name="Y" type="float"/>
              <param name="Z" type="float"/>
            </accessor>
          </technique_common>
        </source>
        <vertices id="HAMR3_Sim_Map_-_출하물품-5_003-mesh-vertices">
          <input semantic="POSITION" source="#HAMR3_Sim_Map_-_출하물품-5_003-mesh-positions"/>
        </vertices>
        <triangles material="Material_020-material" count="12">
          <input semantic="VERTEX" source="#HAMR3_Sim_Map_-_출하물품-5_003-mesh-vertices" offset="0"/>
          <input semantic="NORMAL" source="#HAMR3_Sim_Map_-_출하물품-5_003-mesh-normals" offset="1"/>
          <p>0 0 1 0 2 0 2 1 1 1 3 1 4 2 0 2 5 2 5 3 0 3 2 3 6 4 4 4 7 4 7 5 4 5 5 5 1 6 6 6 3 6 3 7 6 7 7 7 4 8 6 8 0 8 0 9 6 9 1 9 7 10 5 10 3 10 3 11 5 11 2 11</p>
        </triangles>
      </mesh>
    </geometry>
    <geometry id="HAMR3_Sim_Map_-_출하물품-4_003-mesh" name="HAMR3_Sim_Map - 출하물품-4.003">
      <mesh>
        <source id="HAMR3_Sim_Map_-_출하물품-4_003-mesh-positions">
          <float_array id="HAMR3_Sim_Map_-_출하물품-4_003-mesh-positions-array" count="24">9554.122 20652.52 2600.5 7054.121 20652.52 2600.5 9554.122 20652.52 100.5 7054.121 20652.52 100.5 9554.122 25652.52 2600.5 9554.122 25652.52 100.5 7054.121 25652.52 2600.5 7054.121 25652.52 100.5</float_array>
          <technique_common>
            <accessor source="#HAMR3_Sim_Map_-_출하물품-4_003-mesh-positions-array" count="8" stride="3">
              <param name="X" type="float"/>
              <param name="Y" type="float"/>
              <param name="Z" type="float"/>
            </accessor>
          </technique_common>
        </source>
        <source id="HAMR3_Sim_Map_-_출하물품-4_003-mesh-normals">
          <float_array id="HAMR3_Sim_Map_-_출하물품-4_003-mesh-normals-array" count="36">0 -1 0 0 -1 0 1 0 0 1 0 0 0 1 0 0 1 0 -1 0 0 -1 0 0 0 0 1 0 0 1 0 0 -1 0 0 -1</float_array>
          <technique_common>
            <accessor source="#HAMR3_Sim_Map_-_출하물품-4_003-mesh-normals-array" count="12" stride="3">
              <param name="X" type="float"/>
              <param name="Y" type="float"/>
              <param name="Z" type="float"/>
            </accessor>
          </technique_common>
        </source>
        <vertices id="HAMR3_Sim_Map_-_출하물품-4_003-mesh-vertices">
          <input semantic="POSITION" source="#HAMR3_Sim_Map_-_출하물품-4_003-mesh-positions"/>
        </vertices>
        <triangles material="Material_020-material" count="12">
          <input semantic="VERTEX" source="#HAMR3_Sim_Map_-_출하물품-4_003-mesh-vertices" offset="0"/>
          <input semantic="NORMAL" source="#HAMR3_Sim_Map_-_출하물품-4_003-mesh-normals" offset="1"/>
          <p>0 0 1 0 2 0 2 1 1 1 3 1 4 2 0 2 5 2 5 3 0 3 2 3 6 4 4 4 7 4 7 5 4 5 5 5 1 6 6 6 3 6 3 7 6 7 7 7 4 8 6 8 0 8 0 9 6 9 1 9 7 10 5 10 3 10 3 11 5 11 2 11</p>
        </triangles>
      </mesh>
    </geometry>
    <geometry id="HAMR3_Sim_Map_-_출하물품-3_003-mesh" name="HAMR3_Sim_Map - 출하물품-3.003">
      <mesh>
        <source id="HAMR3_Sim_Map_-_출하물품-3_003-mesh-positions">
          <float_array id="HAMR3_Sim_Map_-_출하물품-3_003-mesh-positions-array" count="24">9554.122 15652.52 2600.5 7054.121 15652.52 2600.5 9554.122 15652.52 100.5 7054.121 15652.52 100.5 9554.122 20652.52 2600.5 9554.122 20652.52 100.5 7054.121 20652.52 2600.5 7054.121 20652.52 100.5</float_array>
          <technique_common>
            <accessor source="#HAMR3_Sim_Map_-_출하물품-3_003-mesh-positions-array" count="8" stride="3">
              <param name="X" type="float"/>
              <param name="Y" type="float"/>
              <param name="Z" type="float"/>
            </accessor>
          </technique_common>
        </source>
        <source id="HAMR3_Sim_Map_-_출하물품-3_003-mesh-normals">
          <float_array id="HAMR3_Sim_Map_-_출하물품-3_003-mesh-normals-array" count="36">0 -1 0 0 -1 0 1 0 0 1 0 0 0 1 0 0 1 0 -1 0 0 -1 0 0 0 0 1 0 0 1 0 0 -1 0 0 -1</float_array>
          <technique_common>
            <accessor source="#HAMR3_Sim_Map_-_출하물품-3_003-mesh-normals-array" count="12" stride="3">
              <param name="X" type="float"/>
              <param name="Y" type="float"/>
              <param name="Z" type="float"/>
            </accessor>
          </technique_common>
        </source>
        <vertices id="HAMR3_Sim_Map_-_출하물품-3_003-mesh-vertices">
          <input semantic="POSITION" source="#HAMR3_Sim_Map_-_출하물품-3_003-mesh-positions"/>
        </vertices>
        <triangles material="Material_020-material" count="12">
          <input semantic="VERTEX" source="#HAMR3_Sim_Map_-_출하물품-3_003-mesh-vertices" offset="0"/>
          <input semantic="NORMAL" source="#HAMR3_Sim_Map_-_출하물품-3_003-mesh-normals" offset="1"/>
          <p>0 0 1 0 2 0 2 1 1 1 3 1 4 2 0 2 5 2 5 3 0 3 2 3 6 4 4 4 7 4 7 5 4 5 5 5 1 6 6 6 3 6 3 7 6 7 7 7 4 8 6 8 0 8 0 9 6 9 1 9 7 10 5 10 3 10 3 11 5 11 2 11</p>
        </triangles>
      </mesh>
    </geometry>
    <geometry id="HAMR3_Sim_Map_-_출하물품-2_003-mesh" name="HAMR3_Sim_Map - 출하물품-2.003">
      <mesh>
        <source id="HAMR3_Sim_Map_-_출하물품-2_003-mesh-positions">
          <float_array id="HAMR3_Sim_Map_-_출하물품-2_003-mesh-positions-array" count="24">72105.75 13164.58 2600.5 72105.75 10664.58 2600.5 72105.75 13164.58 100.5 72105.75 10664.58 100.5 67105.75 13164.58 2600.5 67105.75 13164.58 100.5 67105.75 10664.58 2600.5 67105.75 10664.58 100.5</float_array>
          <technique_common>
            <accessor source="#HAMR3_Sim_Map_-_출하물품-2_003-mesh-positions-array" count="8" stride="3">
              <param name="X" type="float"/>
              <param name="Y" type="float"/>
              <param name="Z" type="float"/>
            </accessor>
          </technique_common>
        </source>
        <source id="HAMR3_Sim_Map_-_출하물품-2_003-mesh-normals">
          <float_array id="HAMR3_Sim_Map_-_출하물품-2_003-mesh-normals-array" count="36">1 0 0 1 0 0 0 1 0 0 1 0 -1 0 0 -1 0 0 0 -1 0 0 -1 0 0 0 1 0 0 1 0 0 -1 0 0 -1</float_array>
          <technique_common>
            <accessor source="#HAMR3_Sim_Map_-_출하물품-2_003-mesh-normals-array" count="12" stride="3">
              <param name="X" type="float"/>
              <param name="Y" type="float"/>
              <param name="Z" type="float"/>
            </accessor>
          </technique_common>
        </source>
        <vertices id="HAMR3_Sim_Map_-_출하물품-2_003-mesh-vertices">
          <input semantic="POSITION" source="#HAMR3_Sim_Map_-_출하물품-2_003-mesh-positions"/>
        </vertices>
        <triangles material="Material_020-material" count="12">
          <input semantic="VERTEX" source="#HAMR3_Sim_Map_-_출하물품-2_003-mesh-vertices" offset="0"/>
          <input semantic="NORMAL" source="#HAMR3_Sim_Map_-_출하물품-2_003-mesh-normals" offset="1"/>
          <p>0 0 1 0 2 0 2 1 1 1 3 1 4 2 0 2 5 2 5 3 0 3 2 3 6 4 4 4 7 4 7 5 4 5 5 5 1 6 6 6 3 6 3 7 6 7 7 7 4 8 6 8 0 8 0 9 6 9 1 9 7 10 5 10 3 10 3 11 5 11 2 11</p>
        </triangles>
      </mesh>
    </geometry>
    <geometry id="HAMR3_Sim_Map_-_출하물품-1_003-mesh" name="HAMR3_Sim_Map - 출하물품-1.003">
      <mesh>
        <source id="HAMR3_Sim_Map_-_출하물품-1_003-mesh-positions">
          <float_array id="HAMR3_Sim_Map_-_출하물품-1_003-mesh-positions-array" count="24">72105.75 10664.58 2600.5 72105.75 8164.577 2600.5 72105.75 10664.58 100.5 72105.75 8164.577 100.5 67105.75 10664.58 2600.5 67105.75 10664.58 100.5 67105.75 8164.577 2600.5 67105.75 8164.577 100.5</float_array>
          <technique_common>
            <accessor source="#HAMR3_Sim_Map_-_출하물품-1_003-mesh-positions-array" count="8" stride="3">
              <param name="X" type="float"/>
              <param name="Y" type="float"/>
              <param name="Z" type="float"/>
            </accessor>
          </technique_common>
        </source>
        <source id="HAMR3_Sim_Map_-_출하물품-1_003-mesh-normals">
          <float_array id="HAMR3_Sim_Map_-_출하물품-1_003-mesh-normals-array" count="36">1 0 0 1 0 0 0 1 0 0 1 0 -1 0 0 -1 0 0 0 -1 0 0 -1 0 0 0 1 0 0 1 0 0 -1 0 0 -1</float_array>
          <technique_common>
            <accessor source="#HAMR3_Sim_Map_-_출하물품-1_003-mesh-normals-array" count="12" stride="3">
              <param name="X" type="float"/>
              <param name="Y" type="float"/>
              <param name="Z" type="float"/>
            </accessor>
          </technique_common>
        </source>
        <vertices id="HAMR3_Sim_Map_-_출하물품-1_003-mesh-vertices">
          <input semantic="POSITION" source="#HAMR3_Sim_Map_-_출하물품-1_003-mesh-positions"/>
        </vertices>
        <triangles material="Material_020-material" count="12">
          <input semantic="VERTEX" source="#HAMR3_Sim_Map_-_출하물품-1_003-mesh-vertices" offset="0"/>
          <input semantic="NORMAL" source="#HAMR3_Sim_Map_-_출하물품-1_003-mesh-normals" offset="1"/>
          <p>0 0 1 0 2 0 2 1 1 1 3 1 4 2 0 2 5 2 5 3 0 3 2 3 6 4 4 4 7 4 7 5 4 5 5 5 1 6 6 6 3 6 3 7 6 7 7 7 4 8 6 8 0 8 0 9 6 9 1 9 7 10 5 10 3 10 3 11 5 11 2 11</p>
        </triangles>
      </mesh>
    </geometry>
    <geometry id="HAMR3_Sim_Map_-_진동시험실_X-RAY검사실_방산-1_003-mesh" name="HAMR3_Sim_Map - 진동시험실_X-RAY검사실_방산-1.003">
      <mesh>
        <source id="HAMR3_Sim_Map_-_진동시험실_X-RAY검사실_방산-1_003-mesh-positions">
          <float_array id="HAMR3_Sim_Map_-_진동시험실_X-RAY검사실_방산-1_003-mesh-positions-array" count="24">94302.53 88269.02 2600.5 94302.53 61282.51 2600.5 94302.53 88269.02 100.5 94302.53 61282.51 100.5 85915.03 88269.02 2600.5 85915.03 88269.02 100.5 85915.03 61282.51 2600.5 85915.03 61282.51 100.5</float_array>
          <technique_common>
            <accessor source="#HAMR3_Sim_Map_-_진동시험실_X-RAY검사실_방산-1_003-mesh-positions-array" count="8" stride="3">
              <param name="X" type="float"/>
              <param name="Y" type="float"/>
              <param name="Z" type="float"/>
            </accessor>
          </technique_common>
        </source>
        <source id="HAMR3_Sim_Map_-_진동시험실_X-RAY검사실_방산-1_003-mesh-normals">
          <float_array id="HAMR3_Sim_Map_-_진동시험실_X-RAY검사실_방산-1_003-mesh-normals-array" count="36">1 0 0 1 0 0 0 1 0 0 1 0 -1 0 0 -1 0 0 0 -1 0 0 -1 0 0 0 1 0 0 1 0 0 -1 0 0 -1</float_array>
          <technique_common>
            <accessor source="#HAMR3_Sim_Map_-_진동시험실_X-RAY검사실_방산-1_003-mesh-normals-array" count="12" stride="3">
              <param name="X" type="float"/>
              <param name="Y" type="float"/>
              <param name="Z" type="float"/>
            </accessor>
          </technique_common>
        </source>
        <vertices id="HAMR3_Sim_Map_-_진동시험실_X-RAY검사실_방산-1_003-mesh-vertices">
          <input semantic="POSITION" source="#HAMR3_Sim_Map_-_진동시험실_X-RAY검사실_방산-1_003-mesh-positions"/>
        </vertices>
        <triangles material="Material_016-material" count="12">
          <input semantic="VERTEX" source="#HAMR3_Sim_Map_-_진동시험실_X-RAY검사실_방산-1_003-mesh-vertices" offset="0"/>
          <input semantic="NORMAL" source="#HAMR3_Sim_Map_-_진동시험실_X-RAY검사실_방산-1_003-mesh-normals" offset="1"/>
          <p>0 0 1 0 2 0 2 1 1 1 3 1 4 2 0 2 5 2 5 3 0 3 2 3 6 4 4 4 7 4 7 5 4 5 5 5 1 6 6 6 3 6 3 7 6 7 7 7 4 8 6 8 0 8 0 9 6 9 1 9 7 10 5 10 3 10 3 11 5 11 2 11</p>
        </triangles>
      </mesh>
    </geometry>
    <geometry id="HAMR3_Sim_Map_-_주출입구-1_003-mesh" name="HAMR3_Sim_Map - 주출입구-1.003">
      <mesh>
        <source id="HAMR3_Sim_Map_-_주출입구-1_003-mesh-positions">
          <float_array id="HAMR3_Sim_Map_-_주출입구-1_003-mesh-positions-array" count="72">39351.57 1200.907 2600.5 53351.57 1200.907 2600.5 39351.57 1200.907 100.5 53351.57 1200.907 100.5 53351.57 700.9071 2600.5 39351.57 700.9071 2600.5 53351.57 700.9071 100.5 39351.57 700.9071 100.5 53351.57 450.9071 2600.5 54351.57 450.9071 2600.5 39351.57 1450.907 2600.5 38351.57 1450.907 2600.5 38351.57 450.9071 2600.5 39351.57 450.9071 2600.5 54351.57 1450.907 2600.5 53351.57 1450.907 2600.5 39351.57 450.9071 100.5 38351.57 450.9071 100.5 54351.57 450.9071 100.5 53351.57 450.9071 100.5 54351.57 1450.907 100.5 38351.57 1450.907 100.5 39351.57 1450.907 100.5 53351.57 1450.907 100.5</float_array>
          <technique_common>
            <accessor source="#HAMR3_Sim_Map_-_주출입구-1_003-mesh-positions-array" count="24" stride="3">
              <param name="X" type="float"/>
              <param name="Y" type="float"/>
              <param name="Z" type="float"/>
            </accessor>
          </technique_common>
        </source>
        <source id="HAMR3_Sim_Map_-_주출입구-1_003-mesh-normals">
          <float_array id="HAMR3_Sim_Map_-_주출입구-1_003-mesh-normals-array" count="132">0 1 0 0 1 0 0 -1 0 0 -1 0 0 0 1 0 0 1 0 0 1 0 0 1 0 0 1 0 0 1 0 0 1 0 0 1 0 0 1 0 0 1 0 0 -1 0 0 -1 0 0 -1 0 0 -1 0 0 -1 0 0 -1 0 0 -1 0 0 -1 0 0 -1 0 0 -1 1 0 0 1 0 0 1 0 0 1 0 0 0 1 0 0 1 0 -1 0 0 -1 0 0 0 -1 0 0 -1 0 -1 0 0 -1 0 0 0 1 0 0 1 0 -1 0 0 -1 0 0 0 -1 0 0 -1 0 1 0 0 1 0 0</float_array>
          <technique_common>
            <accessor source="#HAMR3_Sim_Map_-_주출입구-1_003-mesh-normals-array" count="44" stride="3">
              <param name="X" type="float"/>
              <param name="Y" type="float"/>
              <param name="Z" type="float"/>
            </accessor>
          </technique_common>
        </source>
        <vertices id="HAMR3_Sim_Map_-_주출입구-1_003-mesh-vertices">
          <input semantic="POSITION" source="#HAMR3_Sim_Map_-_주출입구-1_003-mesh-positions"/>
        </vertices>
        <triangles material="Material_023-material" count="44">
          <input semantic="VERTEX" source="#HAMR3_Sim_Map_-_주출입구-1_003-mesh-vertices" offset="0"/>
          <input semantic="NORMAL" source="#HAMR3_Sim_Map_-_주출입구-1_003-mesh-normals" offset="1"/>
          <p>0 0 1 0 2 0 2 1 1 1 3 1 4 2 5 2 6 2 6 3 5 3 7 3 4 4 8 4 9 4 0 5 10 5 11 5 12 6 13 6 5 6 14 7 15 7 1 7 11 8 12 8 0 8 0 9 12 9 5 9 0 10 5 10 1 10 1 11 5 11 4 11 1 12 4 12 14 12 14 13 4 13 9 13 7 14 16 14 17 14 18 15 19 15 20 15 20 16 19 16 6 16 21 17 22 17 2 17 23 18 20 18 3 18 3 19 20 19 6 19 3 20 6 20 2 20 2 21 6 21 7 21 2 22 7 22 21 22 21 23 7 23 17 23 2 24 22 24 0 24 0 25 22 25 10 25 13 26 16 26 5 26 5 27 16 27 7 27 11 28 10 28 21 28 21 29 10 29 22 29 12 30 11 30 17 30 17 31 11 31 21 31 13 32 12 32 16 32 16 33 12 33 17 33 6 34 19 34 4 34 4 35 19 35 8 35 15 36 14 36 23 36 23 37 14 37 20 37 15 38 23 38 1 38 1 39 23 39 3 39 9 40 8 40 18 40 18 41 8 41 19 41 14 42 9 42 20 42 20 43 9 43 18 43</p>
        </triangles>
      </mesh>
    </geometry>
    <geometry id="HAMR3_Sim_Map_-_자재사무실_항온항습_자재보관_001-mesh" name="HAMR3_Sim_Map - 자재사무실_항온항습 자재보관.001">
      <mesh>
        <source id="HAMR3_Sim_Map_-_자재사무실_항온항습_자재보관_001-mesh-positions">
          <float_array id="HAMR3_Sim_Map_-_자재사무실_항온항습_자재보관_001-mesh-positions-array" count="24">62002.11 88269.02 2600.5 62002.11 76681.52 2600.5 62002.11 88269.02 100.5 62002.11 76681.52 100.5 34301.11 88269.02 2600.5 34301.11 88269.02 100.5 34301.11 76681.52 2600.5 34301.11 76681.52 100.5</float_array>
          <technique_common>
            <accessor source="#HAMR3_Sim_Map_-_자재사무실_항온항습_자재보관_001-mesh-positions-array" count="8" stride="3">
              <param name="X" type="float"/>
              <param name="Y" type="float"/>
              <param name="Z" type="float"/>
            </accessor>
          </technique_common>
        </source>
        <source id="HAMR3_Sim_Map_-_자재사무실_항온항습_자재보관_001-mesh-normals">
          <float_array id="HAMR3_Sim_Map_-_자재사무실_항온항습_자재보관_001-mesh-normals-array" count="36">1 0 0 1 0 0 0 1 0 0 1 0 -1 0 0 -1 0 0 0 -1 0 0 -1 0 0 0 1 0 0 1 0 0 -1 0 0 -1</float_array>
          <technique_common>
            <accessor source="#HAMR3_Sim_Map_-_자재사무실_항온항습_자재보관_001-mesh-normals-array" count="12" stride="3">
              <param name="X" type="float"/>
              <param name="Y" type="float"/>
              <param name="Z" type="float"/>
            </accessor>
          </technique_common>
        </source>
        <vertices id="HAMR3_Sim_Map_-_자재사무실_항온항습_자재보관_001-mesh-vertices">
          <input semantic="POSITION" source="#HAMR3_Sim_Map_-_자재사무실_항온항습_자재보관_001-mesh-positions"/>
        </vertices>
        <triangles material="Material_016-material" count="12">
          <input semantic="VERTEX" source="#HAMR3_Sim_Map_-_자재사무실_항온항습_자재보관_001-mesh-vertices" offset="0"/>
          <input semantic="NORMAL" source="#HAMR3_Sim_Map_-_자재사무실_항온항습_자재보관_001-mesh-normals" offset="1"/>
          <p>0 0 1 0 2 0 2 1 1 1 3 1 4 2 0 2 5 2 5 3 0 3 2 3 6 4 4 4 7 4 7 5 4 5 5 5 1 6 6 6 3 6 3 7 6 7 7 7 4 8 6 8 0 8 0 9 6 9 1 9 7 10 5 10 3 10 3 11 5 11 2 11</p>
        </triangles>
      </mesh>
    </geometry>
    <geometry id="HAMR3_Sim_Map_-_입고차-출하차_구역-3-mesh" name="HAMR3_Sim_Map - 입고차-출하차 구역-3">
      <mesh>
        <source id="HAMR3_Sim_Map_-_입고차-출하차_구역-3-mesh-positions">
          <float_array id="HAMR3_Sim_Map_-_입고차-출하차_구역-3-mesh-positions-array" count="24">81158.71 46459.51 50.5 72553.6 46459.51 50.5 81158.71 46459.51 100.5 72553.6 46459.51 100.5 81158.71 41096.12 50.5 81158.71 41096.12 100.5 72553.6 41096.12 50.5 72553.6 41096.12 100.5</float_array>
          <technique_common>
            <accessor source="#HAMR3_Sim_Map_-_입고차-출하차_구역-3-mesh-positions-array" count="8" stride="3">
              <param name="X" type="float"/>
              <param name="Y" type="float"/>
              <param name="Z" type="float"/>
            </accessor>
          </technique_common>
        </source>
        <source id="HAMR3_Sim_Map_-_입고차-출하차_구역-3-mesh-normals">
          <float_array id="HAMR3_Sim_Map_-_입고차-출하차_구역-3-mesh-normals-array" count="36">0 1 0 0 1 0 1 0 0 1 0 0 0 -1 0 0 -1 0 -1 0 0 -1 0 0 0 0 -1 0 0 -1 0 0 1 0 0 1</float_array>
          <technique_common>
            <accessor source="#HAMR3_Sim_Map_-_입고차-출하차_구역-3-mesh-normals-array" count="12" stride="3">
              <param name="X" type="float"/>
              <param name="Y" type="float"/>
              <param name="Z" type="float"/>
            </accessor>
          </technique_common>
        </source>
        <vertices id="HAMR3_Sim_Map_-_입고차-출하차_구역-3-mesh-vertices">
          <input semantic="POSITION" source="#HAMR3_Sim_Map_-_입고차-출하차_구역-3-mesh-positions"/>
        </vertices>
        <triangles material="Material_019-material" count="12">
          <input semantic="VERTEX" source="#HAMR3_Sim_Map_-_입고차-출하차_구역-3-mesh-vertices" offset="0"/>
          <input semantic="NORMAL" source="#HAMR3_Sim_Map_-_입고차-출하차_구역-3-mesh-normals" offset="1"/>
          <p>0 0 1 0 2 0 2 1 1 1 3 1 4 2 0 2 5 2 5 3 0 3 2 3 6 4 4 4 7 4 7 5 4 5 5 5 1 6 6 6 3 6 3 7 6 7 7 7 4 8 6 8 0 8 0 9 6 9 1 9 7 10 5 10 3 10 3 11 5 11 2 11</p>
        </triangles>
      </mesh>
    </geometry>
    <geometry id="HAMR3_Sim_Map_-_입고차-출하차_구역-2-mesh" name="HAMR3_Sim_Map - 입고차-출하차 구역-2">
      <mesh>
        <source id="HAMR3_Sim_Map_-_입고차-출하차_구역-2-mesh-positions">
          <float_array id="HAMR3_Sim_Map_-_입고차-출하차_구역-2-mesh-positions-array" count="24">36271.54 32667.75 50.5 36271.54 41272.87 50.5 36271.54 32667.75 100.5 36271.54 41272.87 100.5 30908.14 32667.75 50.5 30908.14 32667.75 100.5 30908.14 41272.87 50.5 30908.14 41272.87 100.5</float_array>
          <technique_common>
            <accessor source="#HAMR3_Sim_Map_-_입고차-출하차_구역-2-mesh-positions-array" count="8" stride="3">
              <param name="X" type="float"/>
              <param name="Y" type="float"/>
              <param name="Z" type="float"/>
            </accessor>
          </technique_common>
        </source>
        <source id="HAMR3_Sim_Map_-_입고차-출하차_구역-2-mesh-normals">
          <float_array id="HAMR3_Sim_Map_-_입고차-출하차_구역-2-mesh-normals-array" count="36">1 0 0 1 0 0 0 -1 0 0 -1 0 -1 0 0 -1 0 0 0 1 0 0 1 0 0 0 -1 0 0 -1 0 0 1 0 0 1</float_array>
          <technique_common>
            <accessor source="#HAMR3_Sim_Map_-_입고차-출하차_구역-2-mesh-normals-array" count="12" stride="3">
              <param name="X" type="float"/>
              <param name="Y" type="float"/>
              <param name="Z" type="float"/>
            </accessor>
          </technique_common>
        </source>
        <vertices id="HAMR3_Sim_Map_-_입고차-출하차_구역-2-mesh-vertices">
          <input semantic="POSITION" source="#HAMR3_Sim_Map_-_입고차-출하차_구역-2-mesh-positions"/>
        </vertices>
        <triangles material="Material_019-material" count="12">
          <input semantic="VERTEX" source="#HAMR3_Sim_Map_-_입고차-출하차_구역-2-mesh-vertices" offset="0"/>
          <input semantic="NORMAL" source="#HAMR3_Sim_Map_-_입고차-출하차_구역-2-mesh-normals" offset="1"/>
          <p>0 0 1 0 2 0 2 1 1 1 3 1 4 2 0 2 5 2 5 3 0 3 2 3 6 4 4 4 7 4 7 5 4 5 5 5 1 6 6 6 3 6 3 7 6 7 7 7 4 8 6 8 0 8 0 9 6 9 1 9 7 10 5 10 3 10 3 11 5 11 2 11</p>
        </triangles>
      </mesh>
    </geometry>
    <geometry id="HAMR3_Sim_Map_-_입고차-출하차_구역-1-mesh" name="HAMR3_Sim_Map - 입고차-출하차 구역-1">
      <mesh>
        <source id="HAMR3_Sim_Map_-_입고차-출하차_구역-1-mesh-positions">
          <float_array id="HAMR3_Sim_Map_-_입고차-출하차_구역-1-mesh-positions-array" count="24">36271.54 16790.9 50.5 36271.54 25396.02 50.5 36271.54 16790.9 100.5 36271.54 25396.02 100.5 30908.14 16790.9 50.5 30908.14 16790.9 100.5 30908.14 25396.02 50.5 30908.14 25396.02 100.5</float_array>
          <technique_common>
            <accessor source="#HAMR3_Sim_Map_-_입고차-출하차_구역-1-mesh-positions-array" count="8" stride="3">
              <param name="X" type="float"/>
              <param name="Y" type="float"/>
              <param name="Z" type="float"/>
            </accessor>
          </technique_common>
        </source>
        <source id="HAMR3_Sim_Map_-_입고차-출하차_구역-1-mesh-normals">
          <float_array id="HAMR3_Sim_Map_-_입고차-출하차_구역-1-mesh-normals-array" count="36">1 0 0 1 0 0 0 -1 0 0 -1 0 -1 0 0 -1 0 0 0 1 0 0 1 0 0 0 -1 0 0 -1 0 0 1 0 0 1</float_array>
          <technique_common>
            <accessor source="#HAMR3_Sim_Map_-_입고차-출하차_구역-1-mesh-normals-array" count="12" stride="3">
              <param name="X" type="float"/>
              <param name="Y" type="float"/>
              <param name="Z" type="float"/>
            </accessor>
          </technique_common>
        </source>
        <vertices id="HAMR3_Sim_Map_-_입고차-출하차_구역-1-mesh-vertices">
          <input semantic="POSITION" source="#HAMR3_Sim_Map_-_입고차-출하차_구역-1-mesh-positions"/>
        </vertices>
        <triangles material="Material_019-material" count="12">
          <input semantic="VERTEX" source="#HAMR3_Sim_Map_-_입고차-출하차_구역-1-mesh-vertices" offset="0"/>
          <input semantic="NORMAL" source="#HAMR3_Sim_Map_-_입고차-출하차_구역-1-mesh-normals" offset="1"/>
          <p>0 0 1 0 2 0 2 1 1 1 3 1 4 2 0 2 5 2 5 3 0 3 2 3 6 4 4 4 7 4 7 5 4 5 5 5 1 6 6 6 3 6 3 7 6 7 7 7 4 8 6 8 0 8 0 9 6 9 1 9 7 10 5 10 3 10 3 11 5 11 2 11</p>
        </triangles>
      </mesh>
    </geometry>
    <geometry id="HAMR3_Sim_Map_-_사무동-공장-1_003-mesh" name="HAMR3_Sim_Map - 사무동-공장-1.003">
      <mesh>
        <source id="HAMR3_Sim_Map_-_사무동-공장-1_003-mesh-positions">
          <float_array id="HAMR3_Sim_Map_-_사무동-공장-1_003-mesh-positions-array" count="24">91088.22 52269.01 2600.5 91088.22 39250.91 2600.5 91088.22 52269.01 100.5 91088.22 39250.91 100.5 88538.22 52269.01 2600.5 88538.22 52269.01 100.5 88538.22 39250.91 2600.5 88538.22 39250.91 100.5</float_array>
          <technique_common>
            <accessor source="#HAMR3_Sim_Map_-_사무동-공장-1_003-mesh-positions-array" count="8" stride="3">
              <param name="X" type="float"/>
              <param name="Y" type="float"/>
              <param name="Z" type="float"/>
            </accessor>
          </technique_common>
        </source>
        <source id="HAMR3_Sim_Map_-_사무동-공장-1_003-mesh-normals">
          <float_array id="HAMR3_Sim_Map_-_사무동-공장-1_003-mesh-normals-array" count="36">1 0 0 1 0 0 0 1 0 0 1 0 -1 0 0 -1 0 0 0 -1 0 0 -1 0 0 0 1 0 0 1 0 0 -1 0 0 -1</float_array>
          <technique_common>
            <accessor source="#HAMR3_Sim_Map_-_사무동-공장-1_003-mesh-normals-array" count="12" stride="3">
              <param name="X" type="float"/>
              <param name="Y" type="float"/>
              <param name="Z" type="float"/>
            </accessor>
          </technique_common>
        </source>
        <vertices id="HAMR3_Sim_Map_-_사무동-공장-1_003-mesh-vertices">
          <input semantic="POSITION" source="#HAMR3_Sim_Map_-_사무동-공장-1_003-mesh-positions"/>
        </vertices>
        <triangles material="Material_016-material" count="12">
          <input semantic="VERTEX" source="#HAMR3_Sim_Map_-_사무동-공장-1_003-mesh-vertices" offset="0"/>
          <input semantic="NORMAL" source="#HAMR3_Sim_Map_-_사무동-공장-1_003-mesh-normals" offset="1"/>
          <p>0 0 1 0 2 0 2 1 1 1 3 1 4 2 0 2 5 2 5 3 0 3 2 3 6 4 4 4 7 4 7 5 4 5 5 5 1 6 6 6 3 6 3 7 6 7 7 7 4 8 6 8 0 8 0 9 6 9 1 9 7 10 5 10 3 10 3 11 5 11 2 11</p>
        </triangles>
      </mesh>
    </geometry>
    <geometry id="HAMR3_Sim_Map_-_바닥-1_003-mesh" name="HAMR3_Sim_Map - 바닥-1.003">
      <mesh>
        <source id="HAMR3_Sim_Map_-_바닥-1_003-mesh-positions">
          <float_array id="HAMR3_Sim_Map_-_바닥-1_003-mesh-positions-array" count="648">26114.02 13402.26 50.5 26114.02 13402.26 100.5 25672.12 12624.7 50.5 25672.12 12624.7 100.5 25672.12 11730.33 50.5 25672.12 11730.33 100.5 26114.02 10952.77 50.5 26114.02 10952.77 100.5 40614.02 10952.77 50.5 40614.02 10952.77 100.5 41055.92 11730.33 50.5 41055.92 11730.33 100.5 41055.92 12624.7 50.5 41055.92 12624.7 100.5 40614.02 13402.26 50.5 40614.02 13402.26 100.5 40614.02 10927.52 100.5 39351.41 450.9087 100.5 28364.02 5702.519 100.5 26364.02 5702.519 100.5 26364.02 8702.519 100.5 26114.02 8702.519 100.5 72553.6 46459.51 100.5 67615.03 60587.67 100.5 67615.03 47266.76 100.5 53351.41 700.9087 100.5 53351.41 450.9087 100.5 95151.41 450.9087 100.5 473.3925 450.9087 100.5 30908.14 32667.75 100.5 30908.14 25396.02 100.5 36271.54 32667.75 100.5 36271.54 25396.02 100.5 68058.43 46483.44 100.5 68053.85 45583.33 100.5 72553.6 41096.12 100.5 40614.02 44792.01 100.5 65140.28 44792.01 100.5 65923.6 44348.6 100.5 78901.11 86282.18 100.5 81401.11 86282.18 100.5 95151.41 90632.17 100.5 81401.11 63062.42 100.5 81844.53 62279.1 100.5 66823.71 44353.2 100.5 67602.46 44804.58 100.5 38916.84 10485.62 100.5 38139.28 10927.52 100.5 28614.02 10927.52 100.5 26114.02 13427.52 100.5 75051.11 86282.18 100.5 75051.11 63087.67 100.5 78901.11 63087.67 100.5 26139.28 13427.52 100.5 26916.84 13869.42 100.5 81839.93 61379 100.5 81388.55 60600.24 100.5 81158.71 46459.51 100.5 80609.79 60148.85 100.5 79709.69 60144.26 100.5 78926.37 60587.67 100.5 72576.37 60587.67 100.5 73353.93 60145.78 100.5 74248.29 60145.78 100.5 75025.86 60587.67 100.5 81158.71 41096.12 100.5 32675.2 45583.33 100.5 32670.61 46483.44 100.5 473.3925 90632.17 100.5 36271.54 41272.87 100.5 38114.02 44792.01 100.5 38114.02 13427.52 100.5 36271.54 16790.9 100.5 28588.77 13427.52 100.5 30908.14 16790.9 100.5 27811.2 13869.42 100.5 39811.2 10485.62 100.5 39351.41 700.9087 100.5 28614.02 8702.519 100.5 28364.02 8702.519 100.5 40588.76 10927.52 100.5 33126.58 44804.58 100.5 30908.14 41272.87 100.5 67615.03 73425.85 100.5 67615.03 63087.67 100.5 68058.43 74209.17 100.5 72551.11 63087.67 100.5 68053.85 75109.28 100.5 72551.11 86282.18 100.5 67602.46 75888.03 100.5 35588.76 44792.01 100.5 34805.44 44348.6 100.5 33905.34 44353.2 100.5 35588.76 75900.6 100.5 65140.28 75900.6 100.5 34805.44 76344.01 100.5 65923.6 76344.01 100.5 66823.71 76339.42 100.5 33114.02 47266.76 100.5 33114.02 73425.85 100.5 32670.61 74209.17 100.5 33905.34 76339.42 100.5 32675.2 75109.28 100.5 33126.58 75888.03 100.5 39811.2 47733.92 100.5 40588.76 47292.01 100.5 65115.02 47292.01 100.5 65115.02 63062.42 100.5 65115.02 73400.6 100.5 64673.12 62284.86 100.5 35614.02 73400.6 100.5 64673.12 61390.5 100.5 35614.02 47292.01 100.5 65115.02 60612.93 100.5 38916.84 47733.92 100.5 38139.28 47292.01 100.5 39351.41 450.9087 0.4999973 473.3925 450.9087 0.4999973 95151.41 90632.17 0.4999973 95151.41 450.9087 0.4999973 473.3925 90632.17 0.4999973 53351.41 450.9087 0.4999973 39351.41 700.9087 0.4999973 53351.41 700.9087 0.4999973 30908.14 16790.9 50.5 30908.14 25396.02 50.5 36271.54 25396.02 50.5 36271.54 16790.9 50.5 30908.14 32667.75 50.5 30908.14 41272.87 50.5 36271.54 41272.87 50.5 36271.54 32667.75 50.5 72553.6 41096.12 50.5 72553.6 46459.51 50.5 81158.71 46459.51 50.5 81158.71 41096.12 50.5 65115.02 63062.42 50.5 65115.02 73400.6 50.5 35614.02 73400.6 50.5 35614.02 47292.01 50.5 38139.28 47292.01 50.5 38114.02 44792.01 50.5 35588.76 44792.01 50.5 33114.02 47266.76 50.5 33114.02 73425.85 50.5 35588.76 75900.6 50.5 65140.28 75900.6 50.5 67615.03 73425.85 50.5 67615.03 63087.67 50.5 72551.11 63087.67 50.5 72551.11 86282.18 50.5 75051.11 86282.18 50.5 75051.11 63087.67 50.5 78901.11 63087.67 50.5 78901.11 86282.18 50.5 81401.11 86282.18 50.5 81401.11 63062.42 50.5 78926.37 60587.67 50.5 75025.86 60587.67 50.5 72576.37 60587.67 50.5 67615.03 60587.67 50.5 67615.03 47266.76 50.5 65140.28 44792.01 50.5 40614.02 44792.01 50.5 40588.76 47292.01 50.5 65115.02 47292.01 50.5 65115.02 60612.93 50.5 28364.02 8702.519 50.5 28614.02 8702.519 50.5 28614.02 10927.52 50.5 65923.6 44348.6 50.5 66823.71 44353.2 50.5 67602.46 44804.58 50.5 81388.55 60600.24 50.5 81839.93 61379 50.5 81844.53 62279.1 50.5 26364.02 5702.519 50.5 28364.02 5702.519 50.5 26364.02 8702.519 50.5 33905.34 44353.2 50.5 34805.44 44348.6 50.5 40588.76 10927.52 50.5 40614.02 10927.52 50.5 38114.02 13427.52 50.5 26139.28 13427.52 50.5 26114.02 13427.52 50.5 33126.58 44804.58 50.5 64673.12 62284.86 50.5 38916.84 47733.92 50.5 39811.2 47733.92 50.5 32670.61 46483.44 50.5 32675.2 45583.33 50.5 67602.46 75888.03 50.5 66823.71 76339.42 50.5 32670.61 74209.17 50.5 32675.2 75109.28 50.5 33126.58 75888.03 50.5 34805.44 76344.01 50.5 33905.34 76339.42 50.5 27811.2 13869.42 50.5 26916.84 13869.42 50.5 26114.02 8702.519 50.5 38139.28 10927.52 50.5 28588.77 13427.52 50.5 68058.43 46483.44 50.5 65923.6 76344.01 50.5 68053.85 75109.28 50.5 68058.43 74209.17 50.5 38916.84 10485.62 50.5 39811.2 10485.62 50.5 80609.79 60148.85 50.5 79709.69 60144.26 50.5 68053.85 45583.33 50.5 74248.29 60145.78 50.5 73353.93 60145.78 50.5 64673.12 61390.5 50.5</float_array>
          <technique_common>
            <accessor source="#HAMR3_Sim_Map_-_바닥-1_003-mesh-positions-array" count="216" stride="3">
              <param name="X" type="float"/>
              <param name="Y" type="float"/>
              <param name="Z" type="float"/>
            </accessor>
          </technique_common>
        </source>
        <source id="HAMR3_Sim_Map_-_바닥-1_003-mesh-normals">
          <float_array id="HAMR3_Sim_Map_-_바닥-1_003-mesh-normals-array" count="1284">0.8694067 -0.4940971 0 0.8694067 -0.4940971 0 1 0 0 1 0 0 0.8694053 0.4940994 0 0.8694053 0.4940994 0 -0.8694053 0.4940994 0 -0.8694053 0.4940994 0 -1 0 0 -1 0 0 -0.8694067 -0.4940971 0 -0.8694067 -0.4940971 0 0 0 1 0 0 1 0 0 1 0 0 1 0 0 1 0 0 1 0 0 1 0 0 1 0 0 1 0 0 1 0 0 1 0 0 1 0 0 1 0 0 1 0 0 1 0 0 1 0 0 1 0 0 1 0 0 1 0 0 1 0 0 1 0 0 1 0 0 1 0 0 1 0 0 1 0 0 1 0 0 1 0 0 1 0 0 1 0 0 1 0 0 1 0 0 1 0 0 1 0 0 1 0 0 1 0 0 1 0 0 1 0 0 1 0 0 1 0 0 1 0 0 1 0 0 1 0 0 1 0 0 1 0 0 1 0 0 1 0 0 1 0 0 1 0 0 1 0 0 1 0 0 1 0 0 1 0 0 1 0 0 1 0 0 1 0 0 1 0 0 1 0 0 1 0 0 1 0 0 1 0 0 1 0 0 1 0 0 1 0 0 1 0 0 1 0 0 1 0 0 1 0 0 1 0 0 1 0 0 1 0 0 1 0 0 1 0 0 1 0 0 1 0 0 1 0 0 1 0 0 1 0 0 1 0 0 1 0 0 1 0 0 1 0 0 1 0 0 1 0 0 1 0 0 1 0 0 1 0 0 1 0 0 1 0 0 1 0 0 1 0 0 1 0 0 1 0 0 1 0 0 1 0 0 1 0 0 1 0 0 1 0 0 1 0 0 1 0 0 1 0 0 1 0 0 1 0 0 1 0 0 1 0 0 1 0 0 1 0 0 1 0 0 1 0 0 1 0 0 1 0 0 1 0 0 1 0 -1 0 0 -1 0 1 0 0 1 0 0 0 1 0 0 1 0 -1 0 0 -1 0 0 0 -1 0 0 -1 0 0 0 -1 0 0 -1 0 0 -1 0 0 -1 0 0 -1 0 0 -1 1 0 0 1 0 0 0 -1 0 0 -1 0 -1 0 0 -1 0 0 1 0 0 1 0 0 0 -1 0 0 -1 0 -1 0 0 -1 0 0 0 1 0 0 1 0 0 0 1 0 0 1 1 0 0 1 0 0 0 -1 0 0 -1 0 -1 0 0 -1 0 0 0 1 0 0 1 0 0 0 1 0 0 1 1 0 0 1 0 0 0 -1 0 0 -1 0 -1 0 0 -1 0 0 0 1 0 0 1 0 0 0 1 0 0 1 1 0 0 1 0 0 0 1 0 0 1 0 -1 0 0 -1 0 0 0 -1 0 0 -1 0 0 1 0 0 1 0 1 0 0 1 0 0 0 -1 0 0 -1 0 -1 0 0 -1 0 0 0 -1 0 0 -1 0 1 0 0 1 0 0 0 -1 0 0 -1 0 -1 0 0 -1 0 0 0 -1 0 0 -1 0 1 0 0 1 0 0 0 -1 0 0 -1 0 -1 0 0 -1 0 0 0 1 0 0 1 0 0 1 0 0 1 0 -1 0 0 -1 0 0 0 1 0 0 1 0 0 -1 0 0 -1 0 1 0 0 1 0 0 0 0 1 0 0 1 0 0 1 0 0 1 0 0 1 0 0 1 0 0 1 0 0 1 0 0 1 0 0 1 0 0 1 0 0 1 0 0 1 0 0 1 0 0 1 0 0 1 0 0 1 0 0 1 0 0 1 0 0 1 0 0 1 0 0 1 0 0 1 0 0 1 0 0 1 0 0 1 0 0 1 0 0 1 0 0 1 0 0 1 0 0 1 0 0 1 0 0 1 0 0 1 0 0 1 0 0 1 0 0 1 0 0 1 0 0 1 0 0 1 0 0 1 0 0 1 0 0 1 0 0 1 0 0 1 0 0 1 0 0 1 0 0 1 0 0 1 0 0 1 0 0 1 0 0 1 0 0 1 0 0 1 0 0 1 0 0 1 0 0 1 0 0 1 0 0 1 0 0 1 0 0 1 0 0 1 0 0 1 0 0 1 0 0 1 0 0 1 0 0 1 0 0 1 0 0 1 0 0 1 0 0 1 0 0 1 0 0 1 0 0 1 0 0 1 0 0 1 0 0 1 0 0 1 0 0 1 0 0 1 0 0 1 0 0 1 0 0 1 0 0 1 0 0 1 0 0 1 0 0 1 0 0 1 -0.4926194 -0.8702449 0 -0.4926194 -0.8702449 0 0.005103468 -0.999987 0 0.005103468 -0.999987 0 0.5014733 -0.8651732 0 0.5014733 -0.8651732 0 0.8651711 -0.5014768 0 0.8651711 -0.5014768 0 0.999987 -0.005101263 0 0.999987 -0.005101263 0 0.8702467 0.4926161 0 0.8702467 0.4926161 0 0.4926161 0.8702467 0 0.4926161 0.8702467 0 -0.005099177 0.999987 0 -0.005099177 0.999987 0 -0.5014714 0.8651743 0 -0.5014714 0.8651743 0 -0.8651743 0.5014714 0 -0.8651743 0.5014714 0 -0.999987 0.005103468 0 -0.999987 0.005103468 0 -0.8702449 -0.4926194 0 -0.8702449 -0.4926194 0 0.4940952 0.8694078 0 0.4940952 0.8694078 0 0 1 0 0 1 0 -0.4940915 0.8694099 0 -0.4940915 0.8694099 0 -0.8702486 0.4926128 0 -0.8702486 0.4926128 0 -0.999987 -0.005094766 0 -0.999987 -0.005094766 0 -0.865172 -0.5014752 0 -0.865172 -0.5014752 0 -0.5014714 -0.8651743 0 -0.5014714 -0.8651743 0 -0.005103468 -0.999987 0 -0.005103468 -0.999987 0 0.4926213 -0.8702438 0 0.4926213 -0.8702438 0 0.8694078 -0.4940952 0 0.8694078 -0.4940952 0 1 0 0 1 0 0 0.8694078 0.4940952 0 0.8694078 0.4940952 0 0.492618 0.8702456 0 0.492618 0.8702456 0 -0.005103468 0.999987 0 -0.005103468 0.999987 0 -0.5014714 0.8651743 0 -0.5014714 0.8651743 0 -0.8651732 0.5014733 0 -0.8651732 0.5014733 0 -0.9999871 0.005094766 0 -0.9999871 0.005094766 0 -0.8702486 -0.4926128 0 -0.8702486 -0.4926128 0 -0.4940986 -0.8694059 0 -0.4940986 -0.8694059 0 0 -1 0 0 -1 0 0.4940986 -0.8694059 0 0.4940986 -0.8694059 0 0.8702467 -0.4926161 0 0.8702467 -0.4926161 0 0.999987 0.005101323 0 0.999987 0.005101323 0 0.8651722 0.5014749 0 0.8651722 0.5014749 0 0.5014733 0.8651732 0 0.5014733 0.8651732 0 0.005103468 0.999987 0 0.005103468 0.999987 0 -0.4926161 0.8702467 0 -0.4926161 0.8702467 0 -0.4940976 -0.8694065 0 -0.4940976 -0.8694065 0 0 -1 0 0 -1 0 0.4940986 -0.8694059 0 0.4940986 -0.8694059 0 0.4940977 0.8694064 0 0.4940977 0.8694064 0 0 1 0 0 1 0 -0.4940977 0.8694064 0 -0.4940977 0.8694064 0 -1 0 0 -1 0 0 0 1 0 0 1 0 1 0 0 1 0 0 0 1 0 0 1 0 0 1 0 0 1 0 0 1 0 0 1 0 -1 0 0 -1 0 0 0 -1 0 0 -1 0 1 0 0 1 0 0 1 0 0 1 0 0 -1 0 0 -1 0 0 0 1 0 0 1 0 -1 0 0 -1 0 0 1 0 0 1 0 0 0 -1 0 0 -1 0</float_array>
          <technique_common>
            <accessor source="#HAMR3_Sim_Map_-_바닥-1_003-mesh-normals-array" count="428" stride="3">
              <param name="X" type="float"/>
              <param name="Y" type="float"/>
              <param name="Z" type="float"/>
            </accessor>
          </technique_common>
        </source>
        <vertices id="HAMR3_Sim_Map_-_바닥-1_003-mesh-vertices">
          <input semantic="POSITION" source="#HAMR3_Sim_Map_-_바닥-1_003-mesh-positions"/>
        </vertices>
        <triangles material="Material_018-material" count="428">
          <input semantic="VERTEX" source="#HAMR3_Sim_Map_-_바닥-1_003-mesh-vertices" offset="0"/>
          <input semantic="NORMAL" source="#HAMR3_Sim_Map_-_바닥-1_003-mesh-normals" offset="1"/>
          <p>0 0 1 0 2 0 2 1 1 1 3 1 2 2 3 2 4 2 4 3 3 3 5 3 4 4 5 4 6 4 6 5 5 5 7 5 8 6 9 6 10 6 10 7 9 7 11 7 10 8 11 8 12 8 12 9 11 9 13 9 12 10 13 10 14 10 14 11 13 11 15 11 11 12 9 12 16 12 17 13 18 13 19 13 19 14 20 14 21 14 22 15 23 15 24 15 25 16 26 16 27 16 17 17 19 17 28 17 28 18 19 18 21 18 28 19 21 19 7 19 29 20 30 20 31 20 31 21 30 21 32 21 24 22 33 22 22 22 22 23 33 23 34 23 22 24 34 24 35 24 36 25 15 25 37 25 37 26 15 26 13 26 37 27 13 27 38 27 39 28 40 28 41 28 41 29 40 29 42 29 41 30 42 30 43 30 13 31 11 31 38 31 38 32 11 32 16 32 38 33 16 33 44 33 44 34 16 34 35 34 44 35 35 35 45 35 45 36 35 36 34 36 46 37 47 37 48 37 1 38 49 38 3 38 3 39 49 39 28 39 3 40 28 40 5 40 5 41 28 41 7 41 50 42 51 42 52 42 49 43 53 43 54 43 55 44 56 44 57 44 57 45 56 45 58 45 57 46 58 46 22 46 22 47 58 47 59 47 22 48 59 48 60 48 61 49 23 49 62 49 62 50 23 50 22 50 62 51 22 51 63 51 63 52 22 52 60 52 63 53 60 53 64 53 43 54 55 54 41 54 41 55 55 55 57 55 41 56 57 56 27 56 27 57 57 57 65 57 27 58 65 58 25 58 66 59 67 59 68 59 69 60 31 60 70 60 70 61 31 61 32 61 70 62 32 62 71 62 71 63 32 63 72 63 71 64 72 64 73 64 73 65 72 65 74 65 73 66 74 66 75 66 76 67 46 67 77 67 77 68 46 68 48 68 77 69 48 69 17 69 17 70 48 70 78 70 17 71 78 71 18 71 18 72 78 72 79 72 65 73 35 73 25 73 25 74 35 74 16 74 25 75 16 75 77 75 77 76 16 76 80 76 77 77 80 77 76 77 81 78 66 78 82 78 82 79 66 79 68 79 82 80 68 80 29 80 29 81 68 81 28 81 29 82 28 82 30 82 30 83 28 83 49 83 30 84 49 84 74 84 74 85 49 85 54 85 74 86 54 86 75 86 83 87 84 87 85 87 85 88 84 88 86 88 85 89 86 89 87 89 87 90 86 90 88 90 87 91 88 91 89 91 70 92 90 92 69 92 69 93 90 93 91 93 69 94 91 94 82 94 82 95 91 95 92 95 82 96 92 96 81 96 93 97 94 97 95 97 95 98 94 98 96 98 95 99 96 99 88 99 88 100 96 100 97 100 88 101 97 101 89 101 67 102 98 102 68 102 68 103 98 103 99 103 68 104 99 104 100 104 52 105 39 105 50 105 50 106 39 106 41 106 50 107 41 107 88 107 88 108 41 108 68 108 88 109 68 109 95 109 95 110 68 110 101 110 100 111 102 111 68 111 68 112 102 112 103 112 68 113 103 113 101 113 104 114 105 114 106 114 107 115 108 115 109 115 109 116 108 116 110 116 109 117 110 117 111 117 111 118 110 118 112 118 106 119 113 119 104 119 104 120 113 120 111 120 104 121 111 121 114 121 114 122 111 122 112 122 114 123 112 123 115 123 17 124 28 124 116 124 116 125 28 125 117 125 41 126 27 126 118 126 118 127 27 127 119 127 68 128 41 128 120 128 120 129 41 129 118 129 28 130 68 130 117 130 117 131 68 131 120 131 121 132 119 132 26 132 26 133 119 133 27 133 116 134 117 134 122 134 122 135 117 135 120 135 122 136 120 136 123 136 123 137 120 137 118 137 123 138 118 138 121 138 121 139 118 139 119 139 116 140 122 140 17 140 17 141 122 141 77 141 122 142 123 142 77 142 77 143 123 143 25 143 123 144 121 144 25 144 25 145 121 145 26 145 124 146 125 146 74 146 74 147 125 147 30 147 125 148 126 148 30 148 30 149 126 149 32 149 126 150 127 150 32 150 32 151 127 151 72 151 127 152 124 152 72 152 72 153 124 153 74 153 127 154 126 154 124 154 124 155 126 155 125 155 128 156 129 156 29 156 29 157 129 157 82 157 129 158 130 158 82 158 82 159 130 159 69 159 130 160 131 160 69 160 69 161 131 161 31 161 131 162 128 162 31 162 31 163 128 163 29 163 131 164 130 164 128 164 128 165 130 165 129 165 132 166 133 166 35 166 35 167 133 167 22 167 133 168 134 168 22 168 22 169 134 169 57 169 134 170 135 170 57 170 57 171 135 171 65 171 135 172 132 172 65 172 65 173 132 173 35 173 135 174 134 174 132 174 132 175 134 175 133 175 136 176 137 176 107 176 107 177 137 177 108 177 137 178 138 178 108 178 108 179 138 179 110 179 138 180 139 180 110 180 110 181 139 181 112 181 139 182 140 182 112 182 112 183 140 183 115 183 141 184 142 184 70 184 70 185 142 185 90 185 143 186 144 186 98 186 98 187 144 187 99 187 145 188 146 188 93 188 93 189 146 189 94 189 147 190 148 190 83 190 83 191 148 191 84 191 148 192 149 192 84 192 84 193 149 193 86 193 149 194 150 194 86 194 86 195 150 195 88 195 150 196 151 196 88 196 88 197 151 197 50 197 151 198 152 198 50 198 50 199 152 199 51 199 152 200 153 200 51 200 51 201 153 201 52 201 153 202 154 202 52 202 52 203 154 203 39 203 154 204 155 204 39 204 39 205 155 205 40 205 155 206 156 206 40 206 40 207 156 207 42 207 157 208 158 208 60 208 60 209 158 209 64 209 159 210 160 210 61 210 61 211 160 211 23 211 160 212 161 212 23 212 23 213 161 213 24 213 162 214 163 214 37 214 37 215 163 215 36 215 164 216 165 216 105 216 105 217 165 217 106 217 165 218 166 218 106 218 106 219 166 219 113 219 167 220 168 220 169 220 170 221 171 221 172 221 153 222 173 222 174 222 155 223 154 223 156 223 156 224 154 224 153 224 156 225 153 225 175 225 175 226 153 226 174 226 176 227 177 227 178 227 178 228 177 228 167 228 179 229 180 229 142 229 181 230 182 230 183 230 183 231 182 231 8 231 184 232 185 232 0 232 164 233 163 233 165 233 165 234 163 234 162 234 165 235 162 235 170 235 186 236 179 236 139 236 139 237 179 237 142 237 139 238 142 238 140 238 140 239 142 239 141 239 138 240 144 240 139 240 139 241 144 241 143 241 137 242 136 242 148 242 148 243 136 243 187 243 188 244 140 244 189 244 189 245 140 245 141 245 189 246 141 246 164 246 164 247 141 247 183 247 164 248 183 248 163 248 163 249 183 249 14 249 4 250 6 250 169 250 153 251 152 251 158 251 143 252 190 252 139 252 139 253 190 253 191 253 139 254 191 254 186 254 137 255 192 255 193 255 194 256 144 256 195 256 195 257 144 257 138 257 195 258 138 258 196 258 196 259 138 259 197 259 196 260 197 260 198 260 8 261 10 261 183 261 183 262 10 262 12 262 183 263 12 263 14 263 199 264 200 264 169 264 169 265 200 265 184 265 167 266 169 266 178 266 178 267 169 267 6 267 178 268 6 268 201 268 202 269 183 269 169 269 169 270 183 270 203 270 169 271 203 271 199 271 160 272 166 272 161 272 161 273 166 273 165 273 161 274 165 274 204 274 150 275 149 275 151 275 151 276 149 276 152 276 193 277 205 277 137 277 137 278 205 278 146 278 137 279 146 279 138 279 138 280 146 280 145 280 138 281 145 281 197 281 206 282 192 282 207 282 207 283 192 283 137 283 207 284 137 284 147 284 147 285 137 285 148 285 184 286 0 286 169 286 169 287 0 287 2 287 169 288 2 288 4 288 202 289 208 289 183 289 183 290 208 290 209 290 183 291 209 291 181 291 210 292 173 292 211 292 211 293 173 293 153 293 211 294 153 294 157 294 157 295 153 295 158 295 170 296 172 296 165 296 165 297 172 297 212 297 165 298 212 298 204 298 213 299 158 299 214 299 214 300 158 300 152 300 214 301 152 301 159 301 159 302 152 302 149 302 159 303 149 303 160 303 160 304 149 304 148 304 160 305 148 305 166 305 166 306 148 306 187 306 166 307 187 307 215 307 145 308 93 308 197 308 197 309 93 309 95 309 197 310 95 310 198 310 198 311 95 311 101 311 198 312 101 312 196 312 196 313 101 313 103 313 196 314 103 314 195 314 195 315 103 315 102 315 195 316 102 316 194 316 194 317 102 317 100 317 194 318 100 318 144 318 144 319 100 319 99 319 157 320 60 320 211 320 211 321 60 321 59 321 211 322 59 322 210 322 210 323 59 323 58 323 210 324 58 324 173 324 173 325 58 325 56 325 173 326 56 326 174 326 174 327 56 327 55 327 174 328 55 328 175 328 175 329 55 329 43 329 175 330 43 330 156 330 156 331 43 331 42 331 159 332 61 332 214 332 214 333 61 333 62 333 214 334 62 334 213 334 213 335 62 335 63 335 213 336 63 336 158 336 158 337 63 337 64 337 147 338 83 338 207 338 207 339 83 339 85 339 207 340 85 340 206 340 206 341 85 341 87 341 206 342 87 342 192 342 192 343 87 343 89 343 192 344 89 344 193 344 193 345 89 345 97 345 193 346 97 346 205 346 205 347 97 347 96 347 205 348 96 348 146 348 146 349 96 349 94 349 136 350 107 350 187 350 187 351 107 351 109 351 187 352 109 352 215 352 215 353 109 353 111 353 215 354 111 354 166 354 166 355 111 355 113 355 162 356 37 356 170 356 170 357 37 357 38 357 170 358 38 358 171 358 171 359 38 359 44 359 171 360 44 360 172 360 172 361 44 361 45 361 172 362 45 362 212 362 212 363 45 363 34 363 212 364 34 364 204 364 204 365 34 365 33 365 204 366 33 366 161 366 161 367 33 367 24 367 164 368 105 368 189 368 189 369 105 369 104 369 189 370 104 370 188 370 188 371 104 371 114 371 188 372 114 372 140 372 140 373 114 373 115 373 143 374 98 374 190 374 190 375 98 375 67 375 190 376 67 376 191 376 191 377 67 377 66 377 191 378 66 378 186 378 186 379 66 379 81 379 186 380 81 380 179 380 179 381 81 381 92 381 179 382 92 382 180 382 180 383 92 383 91 383 180 384 91 384 142 384 142 385 91 385 90 385 203 386 73 386 199 386 199 387 73 387 75 387 199 388 75 388 200 388 200 389 75 389 54 389 200 390 54 390 184 390 184 391 54 391 53 391 202 392 47 392 208 392 208 393 47 393 46 393 208 394 46 394 209 394 209 395 46 395 76 395 209 396 76 396 181 396 181 397 76 397 80 397 167 398 177 398 79 398 79 399 177 399 18 399 177 400 176 400 18 400 18 401 176 401 19 401 176 402 178 402 19 402 19 403 178 403 20 403 21 404 20 404 201 404 201 405 20 405 178 405 78 406 168 406 79 406 79 407 168 407 167 407 48 408 47 408 169 408 169 409 47 409 202 409 15 410 36 410 14 410 14 411 36 411 163 411 71 412 73 412 183 412 183 413 73 413 203 413 201 414 6 414 21 414 21 415 6 415 7 415 183 416 141 416 71 416 71 417 141 417 70 417 169 418 168 418 48 418 48 419 168 419 78 419 182 420 181 420 16 420 16 421 181 421 80 421 16 422 9 422 182 422 182 423 9 423 8 423 49 424 1 424 185 424 185 425 1 425 0 425 185 426 184 426 49 426 49 427 184 427 53 427</p>
        </triangles>
      </mesh>
    </geometry>
    <geometry id="HAMR3_Sim_Map_-_기둥-13-mesh" name="HAMR3_Sim_Map - 기둥-13">
      <mesh>
        <source id="HAMR3_Sim_Map_-_기둥-13-mesh-positions">
          <float_array id="HAMR3_Sim_Map_-_기둥-13-mesh-positions-array" count="24">30701.11 63981.17 100.5 30701.11 64681.17 100.5 30701.11 63981.17 5100.5 30701.11 64681.17 5100.5 30001.11 63981.17 100.5 30001.11 63981.17 5100.5 30001.11 64681.17 100.5 30001.11 64681.17 5100.5</float_array>
          <technique_common>
            <accessor source="#HAMR3_Sim_Map_-_기둥-13-mesh-positions-array" count="8" stride="3">
              <param name="X" type="float"/>
              <param name="Y" type="float"/>
              <param name="Z" type="float"/>
            </accessor>
          </technique_common>
        </source>
        <source id="HAMR3_Sim_Map_-_기둥-13-mesh-normals">
          <float_array id="HAMR3_Sim_Map_-_기둥-13-mesh-normals-array" count="36">1 0 0 1 0 0 0 -1 0 0 -1 0 -1 0 0 -1 0 0 0 1 0 0 1 0 0 0 -1 0 0 -1 0 0 1 0 0 1</float_array>
          <technique_common>
            <accessor source="#HAMR3_Sim_Map_-_기둥-13-mesh-normals-array" count="12" stride="3">
              <param name="X" type="float"/>
              <param name="Y" type="float"/>
              <param name="Z" type="float"/>
            </accessor>
          </technique_common>
        </source>
        <vertices id="HAMR3_Sim_Map_-_기둥-13-mesh-vertices">
          <input semantic="POSITION" source="#HAMR3_Sim_Map_-_기둥-13-mesh-positions"/>
        </vertices>
        <triangles material="Material_021-material" count="12">
          <input semantic="VERTEX" source="#HAMR3_Sim_Map_-_기둥-13-mesh-vertices" offset="0"/>
          <input semantic="NORMAL" source="#HAMR3_Sim_Map_-_기둥-13-mesh-normals" offset="1"/>
          <p>0 0 1 0 2 0 2 1 1 1 3 1 4 2 0 2 5 2 5 3 0 3 2 3 6 4 4 4 7 4 7 5 4 5 5 5 1 6 6 6 3 6 3 7 6 7 7 7 4 8 6 8 0 8 0 9 6 9 1 9 7 10 5 10 3 10 3 11 5 11 2 11</p>
        </triangles>
      </mesh>
    </geometry>
    <geometry id="HAMR3_Sim_Map_-_기둥-12-mesh" name="HAMR3_Sim_Map - 기둥-12">
      <mesh>
        <source id="HAMR3_Sim_Map_-_기둥-12-mesh-positions">
          <float_array id="HAMR3_Sim_Map_-_기둥-12-mesh-positions-array" count="24">30701.11 75981.18 100.5 30701.11 76681.18 100.5 30701.11 75981.18 5100.5 30701.11 76681.18 5100.5 30001.11 75981.18 100.5 30001.11 75981.18 5100.5 30001.11 76681.18 100.5 30001.11 76681.18 5100.5</float_array>
          <technique_common>
            <accessor source="#HAMR3_Sim_Map_-_기둥-12-mesh-positions-array" count="8" stride="3">
              <param name="X" type="float"/>
              <param name="Y" type="float"/>
              <param name="Z" type="float"/>
            </accessor>
          </technique_common>
        </source>
        <source id="HAMR3_Sim_Map_-_기둥-12-mesh-normals">
          <float_array id="HAMR3_Sim_Map_-_기둥-12-mesh-normals-array" count="36">1 0 0 1 0 0 0 -1 0 0 -1 0 -1 0 0 -1 0 0 0 1 0 0 1 0 0 0 -1 0 0 -1 0 0 1 0 0 1</float_array>
          <technique_common>
            <accessor source="#HAMR3_Sim_Map_-_기둥-12-mesh-normals-array" count="12" stride="3">
              <param name="X" type="float"/>
              <param name="Y" type="float"/>
              <param name="Z" type="float"/>
            </accessor>
          </technique_common>
        </source>
        <vertices id="HAMR3_Sim_Map_-_기둥-12-mesh-vertices">
          <input semantic="POSITION" source="#HAMR3_Sim_Map_-_기둥-12-mesh-positions"/>
        </vertices>
        <triangles material="Material_021-material" count="12">
          <input semantic="VERTEX" source="#HAMR3_Sim_Map_-_기둥-12-mesh-vertices" offset="0"/>
          <input semantic="NORMAL" source="#HAMR3_Sim_Map_-_기둥-12-mesh-normals" offset="1"/>
          <p>0 0 1 0 2 0 2 1 1 1 3 1 4 2 0 2 5 2 5 3 0 3 2 3 6 4 4 4 7 4 7 5 4 5 5 5 1 6 6 6 3 6 3 7 6 7 7 7 4 8 6 8 0 8 0 9 6 9 1 9 7 10 5 10 3 10 3 11 5 11 2 11</p>
        </triangles>
      </mesh>
    </geometry>
    <geometry id="HAMR3_Sim_Map_-_기둥-11-mesh" name="HAMR3_Sim_Map - 기둥-11">
      <mesh>
        <source id="HAMR3_Sim_Map_-_기둥-11-mesh-positions">
          <float_array id="HAMR3_Sim_Map_-_기둥-11-mesh-positions-array" count="24">38701.11 75981.18 100.5 38701.11 76681.18 100.5 38701.11 75981.18 5100.5 38701.11 76681.18 5100.5 38001.11 75981.18 100.5 38001.11 75981.18 5100.5 38001.11 76681.18 100.5 38001.11 76681.18 5100.5</float_array>
          <technique_common>
            <accessor source="#HAMR3_Sim_Map_-_기둥-11-mesh-positions-array" count="8" stride="3">
              <param name="X" type="float"/>
              <param name="Y" type="float"/>
              <param name="Z" type="float"/>
            </accessor>
          </technique_common>
        </source>
        <source id="HAMR3_Sim_Map_-_기둥-11-mesh-normals">
          <float_array id="HAMR3_Sim_Map_-_기둥-11-mesh-normals-array" count="36">1 0 0 1 0 0 0 -1 0 0 -1 0 -1 0 0 -1 0 0 0 1 0 0 1 0 0 0 -1 0 0 -1 0 0 1 0 0 1</float_array>
          <technique_common>
            <accessor source="#HAMR3_Sim_Map_-_기둥-11-mesh-normals-array" count="12" stride="3">
              <param name="X" type="float"/>
              <param name="Y" type="float"/>
              <param name="Z" type="float"/>
            </accessor>
          </technique_common>
        </source>
        <vertices id="HAMR3_Sim_Map_-_기둥-11-mesh-vertices">
          <input semantic="POSITION" source="#HAMR3_Sim_Map_-_기둥-11-mesh-positions"/>
        </vertices>
        <triangles material="Material_021-material" count="12">
          <input semantic="VERTEX" source="#HAMR3_Sim_Map_-_기둥-11-mesh-vertices" offset="0"/>
          <input semantic="NORMAL" source="#HAMR3_Sim_Map_-_기둥-11-mesh-normals" offset="1"/>
          <p>0 0 1 0 2 0 2 1 1 1 3 1 4 2 0 2 5 2 5 3 0 3 2 3 6 4 4 4 7 4 7 5 4 5 5 5 1 6 6 6 3 6 3 7 6 7 7 7 4 8 6 8 0 8 0 9 6 9 1 9 7 10 5 10 3 10 3 11 5 11 2 11</p>
        </triangles>
      </mesh>
    </geometry>
    <geometry id="HAMR3_Sim_Map_-_기둥-10-mesh" name="HAMR3_Sim_Map - 기둥-10">
      <mesh>
        <source id="HAMR3_Sim_Map_-_기둥-10-mesh-positions">
          <float_array id="HAMR3_Sim_Map_-_기둥-10-mesh-positions-array" count="24">46701.11 75981.18 100.5 46701.11 76681.18 100.5 46701.11 75981.18 5100.5 46701.11 76681.18 5100.5 46001.11 75981.18 100.5 46001.11 75981.18 5100.5 46001.11 76681.18 100.5 46001.11 76681.18 5100.5</float_array>
          <technique_common>
            <accessor source="#HAMR3_Sim_Map_-_기둥-10-mesh-positions-array" count="8" stride="3">
              <param name="X" type="float"/>
              <param name="Y" type="float"/>
              <param name="Z" type="float"/>
            </accessor>
          </technique_common>
        </source>
        <source id="HAMR3_Sim_Map_-_기둥-10-mesh-normals">
          <float_array id="HAMR3_Sim_Map_-_기둥-10-mesh-normals-array" count="36">1 0 0 1 0 0 0 -1 0 0 -1 0 -1 0 0 -1 0 0 0 1 0 0 1 0 0 0 -1 0 0 -1 0 0 1 0 0 1</float_array>
          <technique_common>
            <accessor source="#HAMR3_Sim_Map_-_기둥-10-mesh-normals-array" count="12" stride="3">
              <param name="X" type="float"/>
              <param name="Y" type="float"/>
              <param name="Z" type="float"/>
            </accessor>
          </technique_common>
        </source>
        <vertices id="HAMR3_Sim_Map_-_기둥-10-mesh-vertices">
          <input semantic="POSITION" source="#HAMR3_Sim_Map_-_기둥-10-mesh-positions"/>
        </vertices>
        <triangles material="Material_021-material" count="12">
          <input semantic="VERTEX" source="#HAMR3_Sim_Map_-_기둥-10-mesh-vertices" offset="0"/>
          <input semantic="NORMAL" source="#HAMR3_Sim_Map_-_기둥-10-mesh-normals" offset="1"/>
          <p>0 0 1 0 2 0 2 1 1 1 3 1 4 2 0 2 5 2 5 3 0 3 2 3 6 4 4 4 7 4 7 5 4 5 5 5 1 6 6 6 3 6 3 7 6 7 7 7 4 8 6 8 0 8 0 9 6 9 1 9 7 10 5 10 3 10 3 11 5 11 2 11</p>
        </triangles>
      </mesh>
    </geometry>
    <geometry id="HAMR3_Sim_Map_-_기둥-9-mesh" name="HAMR3_Sim_Map - 기둥-9">
      <mesh>
        <source id="HAMR3_Sim_Map_-_기둥-9-mesh-positions">
          <float_array id="HAMR3_Sim_Map_-_기둥-9-mesh-positions-array" count="24">54701.11 75981.18 100.5 54701.11 76681.18 100.5 54701.11 75981.18 5100.5 54701.11 76681.18 5100.5 54001.11 75981.18 100.5 54001.11 75981.18 5100.5 54001.11 76681.18 100.5 54001.11 76681.18 5100.5</float_array>
          <technique_common>
            <accessor source="#HAMR3_Sim_Map_-_기둥-9-mesh-positions-array" count="8" stride="3">
              <param name="X" type="float"/>
              <param name="Y" type="float"/>
              <param name="Z" type="float"/>
            </accessor>
          </technique_common>
        </source>
        <source id="HAMR3_Sim_Map_-_기둥-9-mesh-normals">
          <float_array id="HAMR3_Sim_Map_-_기둥-9-mesh-normals-array" count="36">1 0 0 1 0 0 0 -1 0 0 -1 0 -1 0 0 -1 0 0 0 1 0 0 1 0 0 0 -1 0 0 -1 0 0 1 0 0 1</float_array>
          <technique_common>
            <accessor source="#HAMR3_Sim_Map_-_기둥-9-mesh-normals-array" count="12" stride="3">
              <param name="X" type="float"/>
              <param name="Y" type="float"/>
              <param name="Z" type="float"/>
            </accessor>
          </technique_common>
        </source>
        <vertices id="HAMR3_Sim_Map_-_기둥-9-mesh-vertices">
          <input semantic="POSITION" source="#HAMR3_Sim_Map_-_기둥-9-mesh-positions"/>
        </vertices>
        <triangles material="Material_021-material" count="12">
          <input semantic="VERTEX" source="#HAMR3_Sim_Map_-_기둥-9-mesh-vertices" offset="0"/>
          <input semantic="NORMAL" source="#HAMR3_Sim_Map_-_기둥-9-mesh-normals" offset="1"/>
          <p>0 0 1 0 2 0 2 1 1 1 3 1 4 2 0 2 5 2 5 3 0 3 2 3 6 4 4 4 7 4 7 5 4 5 5 5 1 6 6 6 3 6 3 7 6 7 7 7 4 8 6 8 0 8 0 9 6 9 1 9 7 10 5 10 3 10 3 11 5 11 2 11</p>
        </triangles>
      </mesh>
    </geometry>
    <geometry id="HAMR3_Sim_Map_-_기둥-8-mesh" name="HAMR3_Sim_Map - 기둥-8">
      <mesh>
        <source id="HAMR3_Sim_Map_-_기둥-8-mesh-positions">
          <float_array id="HAMR3_Sim_Map_-_기둥-8-mesh-positions-array" count="24">62701.11 75981.18 100.5 62701.11 76681.18 100.5 62701.11 75981.18 5100.5 62701.11 76681.18 5100.5 62001.11 75981.18 100.5 62001.11 75981.18 5100.5 62001.11 76681.18 100.5 62001.11 76681.18 5100.5</float_array>
          <technique_common>
            <accessor source="#HAMR3_Sim_Map_-_기둥-8-mesh-positions-array" count="8" stride="3">
              <param name="X" type="float"/>
              <param name="Y" type="float"/>
              <param name="Z" type="float"/>
            </accessor>
          </technique_common>
        </source>
        <source id="HAMR3_Sim_Map_-_기둥-8-mesh-normals">
          <float_array id="HAMR3_Sim_Map_-_기둥-8-mesh-normals-array" count="36">1 0 0 1 0 0 0 -1 0 0 -1 0 -1 0 0 -1 0 0 0 1 0 0 1 0 0 0 -1 0 0 -1 0 0 1 0 0 1</float_array>
          <technique_common>
            <accessor source="#HAMR3_Sim_Map_-_기둥-8-mesh-normals-array" count="12" stride="3">
              <param name="X" type="float"/>
              <param name="Y" type="float"/>
              <param name="Z" type="float"/>
            </accessor>
          </technique_common>
        </source>
        <vertices id="HAMR3_Sim_Map_-_기둥-8-mesh-vertices">
          <input semantic="POSITION" source="#HAMR3_Sim_Map_-_기둥-8-mesh-positions"/>
        </vertices>
        <triangles material="Material_021-material" count="12">
          <input semantic="VERTEX" source="#HAMR3_Sim_Map_-_기둥-8-mesh-vertices" offset="0"/>
          <input semantic="NORMAL" source="#HAMR3_Sim_Map_-_기둥-8-mesh-normals" offset="1"/>
          <p>0 0 1 0 2 0 2 1 1 1 3 1 4 2 0 2 5 2 5 3 0 3 2 3 6 4 4 4 7 4 7 5 4 5 5 5 1 6 6 6 3 6 3 7 6 7 7 7 4 8 6 8 0 8 0 9 6 9 1 9 7 10 5 10 3 10 3 11 5 11 2 11</p>
        </triangles>
      </mesh>
    </geometry>
    <geometry id="HAMR3_Sim_Map_-_기둥-7-mesh" name="HAMR3_Sim_Map - 기둥-7">
      <mesh>
        <source id="HAMR3_Sim_Map_-_기둥-7-mesh-positions">
          <float_array id="HAMR3_Sim_Map_-_기둥-7-mesh-positions-array" count="24">70701.11 75981.18 100.5 70701.11 76681.18 100.5 70701.11 75981.18 5100.5 70701.11 76681.18 5100.5 70001.11 75981.18 100.5 70001.11 75981.18 5100.5 70001.11 76681.18 100.5 70001.11 76681.18 5100.5</float_array>
          <technique_common>
            <accessor source="#HAMR3_Sim_Map_-_기둥-7-mesh-positions-array" count="8" stride="3">
              <param name="X" type="float"/>
              <param name="Y" type="float"/>
              <param name="Z" type="float"/>
            </accessor>
          </technique_common>
        </source>
        <source id="HAMR3_Sim_Map_-_기둥-7-mesh-normals">
          <float_array id="HAMR3_Sim_Map_-_기둥-7-mesh-normals-array" count="36">1 0 0 1 0 0 0 -1 0 0 -1 0 -1 0 0 -1 0 0 0 1 0 0 1 0 0 0 -1 0 0 -1 0 0 1 0 0 1</float_array>
          <technique_common>
            <accessor source="#HAMR3_Sim_Map_-_기둥-7-mesh-normals-array" count="12" stride="3">
              <param name="X" type="float"/>
              <param name="Y" type="float"/>
              <param name="Z" type="float"/>
            </accessor>
          </technique_common>
        </source>
        <vertices id="HAMR3_Sim_Map_-_기둥-7-mesh-vertices">
          <input semantic="POSITION" source="#HAMR3_Sim_Map_-_기둥-7-mesh-positions"/>
        </vertices>
        <triangles material="Material_021-material" count="12">
          <input semantic="VERTEX" source="#HAMR3_Sim_Map_-_기둥-7-mesh-vertices" offset="0"/>
          <input semantic="NORMAL" source="#HAMR3_Sim_Map_-_기둥-7-mesh-normals" offset="1"/>
          <p>0 0 1 0 2 0 2 1 1 1 3 1 4 2 0 2 5 2 5 3 0 3 2 3 6 4 4 4 7 4 7 5 4 5 5 5 1 6 6 6 3 6 3 7 6 7 7 7 4 8 6 8 0 8 0 9 6 9 1 9 7 10 5 10 3 10 3 11 5 11 2 11</p>
        </triangles>
      </mesh>
    </geometry>
    <geometry id="HAMR3_Sim_Map_-_기둥-6-mesh" name="HAMR3_Sim_Map - 기둥-6">
      <mesh>
        <source id="HAMR3_Sim_Map_-_기둥-6-mesh-positions">
          <float_array id="HAMR3_Sim_Map_-_기둥-6-mesh-positions-array" count="24">62701.11 63981.17 100.5 62701.11 64681.17 100.5 62701.11 63981.17 5100.5 62701.11 64681.17 5100.5 62001.11 63981.17 100.5 62001.11 63981.17 5100.5 62001.11 64681.17 100.5 62001.11 64681.17 5100.5</float_array>
          <technique_common>
            <accessor source="#HAMR3_Sim_Map_-_기둥-6-mesh-positions-array" count="8" stride="3">
              <param name="X" type="float"/>
              <param name="Y" type="float"/>
              <param name="Z" type="float"/>
            </accessor>
          </technique_common>
        </source>
        <source id="HAMR3_Sim_Map_-_기둥-6-mesh-normals">
          <float_array id="HAMR3_Sim_Map_-_기둥-6-mesh-normals-array" count="36">1 0 0 1 0 0 0 -1 0 0 -1 0 -1 0 0 -1 0 0 0 1 0 0 1 0 0 0 -1 0 0 -1 0 0 1 0 0 1</float_array>
          <technique_common>
            <accessor source="#HAMR3_Sim_Map_-_기둥-6-mesh-normals-array" count="12" stride="3">
              <param name="X" type="float"/>
              <param name="Y" type="float"/>
              <param name="Z" type="float"/>
            </accessor>
          </technique_common>
        </source>
        <vertices id="HAMR3_Sim_Map_-_기둥-6-mesh-vertices">
          <input semantic="POSITION" source="#HAMR3_Sim_Map_-_기둥-6-mesh-positions"/>
        </vertices>
        <triangles material="Material_021-material" count="12">
          <input semantic="VERTEX" source="#HAMR3_Sim_Map_-_기둥-6-mesh-vertices" offset="0"/>
          <input semantic="NORMAL" source="#HAMR3_Sim_Map_-_기둥-6-mesh-normals" offset="1"/>
          <p>0 0 1 0 2 0 2 1 1 1 3 1 4 2 0 2 5 2 5 3 0 3 2 3 6 4 4 4 7 4 7 5 4 5 5 5 1 6 6 6 3 6 3 7 6 7 7 7 4 8 6 8 0 8 0 9 6 9 1 9 7 10 5 10 3 10 3 11 5 11 2 11</p>
        </triangles>
      </mesh>
    </geometry>
    <geometry id="HAMR3_Sim_Map_-_기둥-5-mesh" name="HAMR3_Sim_Map - 기둥-5">
      <mesh>
        <source id="HAMR3_Sim_Map_-_기둥-5-mesh-positions">
          <float_array id="HAMR3_Sim_Map_-_기둥-5-mesh-positions-array" count="24">70701.11 63981.17 100.5 70701.11 64681.17 100.5 70701.11 63981.17 5100.5 70701.11 64681.17 5100.5 70001.11 63981.17 100.5 70001.11 63981.17 5100.5 70001.11 64681.17 100.5 70001.11 64681.17 5100.5</float_array>
          <technique_common>
            <accessor source="#HAMR3_Sim_Map_-_기둥-5-mesh-positions-array" count="8" stride="3">
              <param name="X" type="float"/>
              <param name="Y" type="float"/>
              <param name="Z" type="float"/>
            </accessor>
          </technique_common>
        </source>
        <source id="HAMR3_Sim_Map_-_기둥-5-mesh-normals">
          <float_array id="HAMR3_Sim_Map_-_기둥-5-mesh-normals-array" count="36">1 0 0 1 0 0 0 -1 0 0 -1 0 -1 0 0 -1 0 0 0 1 0 0 1 0 0 0 -1 0 0 -1 0 0 1 0 0 1</float_array>
          <technique_common>
            <accessor source="#HAMR3_Sim_Map_-_기둥-5-mesh-normals-array" count="12" stride="3">
              <param name="X" type="float"/>
              <param name="Y" type="float"/>
              <param name="Z" type="float"/>
            </accessor>
          </technique_common>
        </source>
        <vertices id="HAMR3_Sim_Map_-_기둥-5-mesh-vertices">
          <input semantic="POSITION" source="#HAMR3_Sim_Map_-_기둥-5-mesh-positions"/>
        </vertices>
        <triangles material="Material_021-material" count="12">
          <input semantic="VERTEX" source="#HAMR3_Sim_Map_-_기둥-5-mesh-vertices" offset="0"/>
          <input semantic="NORMAL" source="#HAMR3_Sim_Map_-_기둥-5-mesh-normals" offset="1"/>
          <p>0 0 1 0 2 0 2 1 1 1 3 1 4 2 0 2 5 2 5 3 0 3 2 3 6 4 4 4 7 4 7 5 4 5 5 5 1 6 6 6 3 6 3 7 6 7 7 7 4 8 6 8 0 8 0 9 6 9 1 9 7 10 5 10 3 10 3 11 5 11 2 11</p>
        </triangles>
      </mesh>
    </geometry>
    <geometry id="HAMR3_Sim_Map_-_기둥-4-mesh" name="HAMR3_Sim_Map - 기둥-4">
      <mesh>
        <source id="HAMR3_Sim_Map_-_기둥-4-mesh-positions">
          <float_array id="HAMR3_Sim_Map_-_기둥-4-mesh-positions-array" count="24">78701.11 75981.18 100.5 78701.11 76681.18 100.5 78701.11 75981.18 5100.5 78701.11 76681.18 5100.5 78001.11 75981.18 100.5 78001.11 75981.18 5100.5 78001.11 76681.18 100.5 78001.11 76681.18 5100.5</float_array>
          <technique_common>
            <accessor source="#HAMR3_Sim_Map_-_기둥-4-mesh-positions-array" count="8" stride="3">
              <param name="X" type="float"/>
              <param name="Y" type="float"/>
              <param name="Z" type="float"/>
            </accessor>
          </technique_common>
        </source>
        <source id="HAMR3_Sim_Map_-_기둥-4-mesh-normals">
          <float_array id="HAMR3_Sim_Map_-_기둥-4-mesh-normals-array" count="36">1 0 0 1 0 0 0 -1 0 0 -1 0 -1 0 0 -1 0 0 0 1 0 0 1 0 0 0 -1 0 0 -1 0 0 1 0 0 1</float_array>
          <technique_common>
            <accessor source="#HAMR3_Sim_Map_-_기둥-4-mesh-normals-array" count="12" stride="3">
              <param name="X" type="float"/>
              <param name="Y" type="float"/>
              <param name="Z" type="float"/>
            </accessor>
          </technique_common>
        </source>
        <vertices id="HAMR3_Sim_Map_-_기둥-4-mesh-vertices">
          <input semantic="POSITION" source="#HAMR3_Sim_Map_-_기둥-4-mesh-positions"/>
        </vertices>
        <triangles material="Material_021-material" count="12">
          <input semantic="VERTEX" source="#HAMR3_Sim_Map_-_기둥-4-mesh-vertices" offset="0"/>
          <input semantic="NORMAL" source="#HAMR3_Sim_Map_-_기둥-4-mesh-normals" offset="1"/>
          <p>0 0 1 0 2 0 2 1 1 1 3 1 4 2 0 2 5 2 5 3 0 3 2 3 6 4 4 4 7 4 7 5 4 5 5 5 1 6 6 6 3 6 3 7 6 7 7 7 4 8 6 8 0 8 0 9 6 9 1 9 7 10 5 10 3 10 3 11 5 11 2 11</p>
        </triangles>
      </mesh>
    </geometry>
    <geometry id="HAMR3_Sim_Map_-_기둥-3-mesh" name="HAMR3_Sim_Map - 기둥-3">
      <mesh>
        <source id="HAMR3_Sim_Map_-_기둥-3-mesh-positions">
          <float_array id="HAMR3_Sim_Map_-_기둥-3-mesh-positions-array" count="24">78701.11 63981.17 100.5 78701.11 64681.17 100.5 78701.11 63981.17 5100.5 78701.11 64681.17 5100.5 78001.11 63981.17 100.5 78001.11 63981.17 5100.5 78001.11 64681.17 100.5 78001.11 64681.17 5100.5</float_array>
          <technique_common>
            <accessor source="#HAMR3_Sim_Map_-_기둥-3-mesh-positions-array" count="8" stride="3">
              <param name="X" type="float"/>
              <param name="Y" type="float"/>
              <param name="Z" type="float"/>
            </accessor>
          </technique_common>
        </source>
        <source id="HAMR3_Sim_Map_-_기둥-3-mesh-normals">
          <float_array id="HAMR3_Sim_Map_-_기둥-3-mesh-normals-array" count="36">1 0 0 1 0 0 0 -1 0 0 -1 0 -1 0 0 -1 0 0 0 1 0 0 1 0 0 0 -1 0 0 -1 0 0 1 0 0 1</float_array>
          <technique_common>
            <accessor source="#HAMR3_Sim_Map_-_기둥-3-mesh-normals-array" count="12" stride="3">
              <param name="X" type="float"/>
              <param name="Y" type="float"/>
              <param name="Z" type="float"/>
            </accessor>
          </technique_common>
        </source>
        <vertices id="HAMR3_Sim_Map_-_기둥-3-mesh-vertices">
          <input semantic="POSITION" source="#HAMR3_Sim_Map_-_기둥-3-mesh-positions"/>
        </vertices>
        <triangles material="Material_021-material" count="12">
          <input semantic="VERTEX" source="#HAMR3_Sim_Map_-_기둥-3-mesh-vertices" offset="0"/>
          <input semantic="NORMAL" source="#HAMR3_Sim_Map_-_기둥-3-mesh-normals" offset="1"/>
          <p>0 0 1 0 2 0 2 1 1 1 3 1 4 2 0 2 5 2 5 3 0 3 2 3 6 4 4 4 7 4 7 5 4 5 5 5 1 6 6 6 3 6 3 7 6 7 7 7 4 8 6 8 0 8 0 9 6 9 1 9 7 10 5 10 3 10 3 11 5 11 2 11</p>
        </triangles>
      </mesh>
    </geometry>
    <geometry id="HAMR3_Sim_Map_-_기둥-2-mesh" name="HAMR3_Sim_Map - 기둥-2">
      <mesh>
        <source id="HAMR3_Sim_Map_-_기둥-2-mesh-positions">
          <float_array id="HAMR3_Sim_Map_-_기둥-2-mesh-positions-array" count="24">78701.11 58994.17 100.5 78701.11 59694.17 100.5 78701.11 58994.17 5100.5 78701.11 59694.17 5100.5 78001.11 58994.17 100.5 78001.11 58994.17 5100.5 78001.11 59694.17 100.5 78001.11 59694.17 5100.5</float_array>
          <technique_common>
            <accessor source="#HAMR3_Sim_Map_-_기둥-2-mesh-positions-array" count="8" stride="3">
              <param name="X" type="float"/>
              <param name="Y" type="float"/>
              <param name="Z" type="float"/>
            </accessor>
          </technique_common>
        </source>
        <source id="HAMR3_Sim_Map_-_기둥-2-mesh-normals">
          <float_array id="HAMR3_Sim_Map_-_기둥-2-mesh-normals-array" count="36">1 0 0 1 0 0 0 -1 0 0 -1 0 -1 0 0 -1 0 0 0 1 0 0 1 0 0 0 -1 0 0 -1 0 0 1 0 0 1</float_array>
          <technique_common>
            <accessor source="#HAMR3_Sim_Map_-_기둥-2-mesh-normals-array" count="12" stride="3">
              <param name="X" type="float"/>
              <param name="Y" type="float"/>
              <param name="Z" type="float"/>
            </accessor>
          </technique_common>
        </source>
        <vertices id="HAMR3_Sim_Map_-_기둥-2-mesh-vertices">
          <input semantic="POSITION" source="#HAMR3_Sim_Map_-_기둥-2-mesh-positions"/>
        </vertices>
        <triangles material="Material_021-material" count="12">
          <input semantic="VERTEX" source="#HAMR3_Sim_Map_-_기둥-2-mesh-vertices" offset="0"/>
          <input semantic="NORMAL" source="#HAMR3_Sim_Map_-_기둥-2-mesh-normals" offset="1"/>
          <p>0 0 1 0 2 0 2 1 1 1 3 1 4 2 0 2 5 2 5 3 0 3 2 3 6 4 4 4 7 4 7 5 4 5 5 5 1 6 6 6 3 6 3 7 6 7 7 7 4 8 6 8 0 8 0 9 6 9 1 9 7 10 5 10 3 10 3 11 5 11 2 11</p>
        </triangles>
      </mesh>
    </geometry>
    <geometry id="HAMR3_Sim_Map_-_기둥-1-mesh" name="HAMR3_Sim_Map - 기둥-1">
      <mesh>
        <source id="HAMR3_Sim_Map_-_기둥-1-mesh-positions">
          <float_array id="HAMR3_Sim_Map_-_기둥-1-mesh-positions-array" count="24">86701.11 58994.17 100.5 86701.11 59694.17 100.5 86701.11 58994.17 5100.5 86701.11 59694.17 5100.5 86001.11 58994.17 100.5 86001.11 58994.17 5100.5 86001.11 59694.17 100.5 86001.11 59694.17 5100.5</float_array>
          <technique_common>
            <accessor source="#HAMR3_Sim_Map_-_기둥-1-mesh-positions-array" count="8" stride="3">
              <param name="X" type="float"/>
              <param name="Y" type="float"/>
              <param name="Z" type="float"/>
            </accessor>
          </technique_common>
        </source>
        <source id="HAMR3_Sim_Map_-_기둥-1-mesh-normals">
          <float_array id="HAMR3_Sim_Map_-_기둥-1-mesh-normals-array" count="36">1 0 0 1 0 0 0 -1 0 0 -1 0 -1 0 0 -1 0 0 0 1 0 0 1 0 0 0 -1 0 0 -1 0 0 1 0 0 1</float_array>
          <technique_common>
            <accessor source="#HAMR3_Sim_Map_-_기둥-1-mesh-normals-array" count="12" stride="3">
              <param name="X" type="float"/>
              <param name="Y" type="float"/>
              <param name="Z" type="float"/>
            </accessor>
          </technique_common>
        </source>
        <vertices id="HAMR3_Sim_Map_-_기둥-1-mesh-vertices">
          <input semantic="POSITION" source="#HAMR3_Sim_Map_-_기둥-1-mesh-positions"/>
        </vertices>
        <triangles material="Material_021-material" count="12">
          <input semantic="VERTEX" source="#HAMR3_Sim_Map_-_기둥-1-mesh-vertices" offset="0"/>
          <input semantic="NORMAL" source="#HAMR3_Sim_Map_-_기둥-1-mesh-normals" offset="1"/>
          <p>0 0 1 0 2 0 2 1 1 1 3 1 4 2 0 2 5 2 5 3 0 3 2 3 6 4 4 4 7 4 7 5 4 5 5 5 1 6 6 6 3 6 3 7 6 7 7 7 4 8 6 8 0 8 0 9 6 9 1 9 7 10 5 10 3 10 3 11 5 11 2 11</p>
        </triangles>
      </mesh>
    </geometry>
    <geometry id="HAMR3_Sim_Map_-_공장_외벽-1_003-mesh" name="HAMR3_Sim_Map - 공장 외벽-1.003">
      <mesh>
        <source id="HAMR3_Sim_Map_-_공장_외벽-1_003-mesh-positions">
          <float_array id="HAMR3_Sim_Map_-_공장_외벽-1_003-mesh-positions-array" count="96">69365.03 52394.01 5100.5 69365.03 52269.01 5100.5 94302.53 52394.01 5100.5 94427.53 52269.01 5100.5 94302.53 88269.02 5100.5 94427.53 88394.02 5100.5 1426.521 88269.02 5100.5 1301.521 88394.02 5100.5 1426.521 52394.01 5100.5 1301.521 52269.01 5100.5 31364.02 52394.01 5100.5 31364.02 52269.01 5100.5 31364.02 52394.01 100.5 31364.02 52269.01 100.5 1426.521 52394.01 100.5 1301.521 52269.01 100.5 1426.521 88269.02 100.5 1301.521 88394.02 100.5 94302.53 88269.02 100.5 94427.53 88394.02 100.5 94302.53 52394.01 100.5 94427.53 52269.01 100.5 69365.03 52394.01 100.5 69365.03 52269.01 100.5 37364.02 52269.01 100.5 63365.02 52269.01 100.5 37364.02 52269.01 5100.5 63365.02 52269.01 5100.5 63365.02 52394.01 5100.5 63365.02 52394.01 100.5 37364.02 52394.01 5100.5 37364.02 52394.01 100.5</float_array>
          <technique_common>
            <accessor source="#HAMR3_Sim_Map_-_공장_외벽-1_003-mesh-positions-array" count="32" stride="3">
              <param name="X" type="float"/>
              <param name="Y" type="float"/>
              <param name="Z" type="float"/>
            </accessor>
          </technique_common>
        </source>
        <source id="HAMR3_Sim_Map_-_공장_외벽-1_003-mesh-normals">
          <float_array id="HAMR3_Sim_Map_-_공장_외벽-1_003-mesh-normals-array" count="168">0 0 1 0 0 1 0 0 1 0 0 1 0 0 1 0 0 1 0 0 1 0 0 1 0 0 1 0 0 1 0 0 -1 0 0 -1 0 0 -1 0 0 -1 0 0 -1 0 0 -1 0 0 -1 0 0 -1 0 0 -1 0 0 -1 0 -1 0 0 -1 0 0 1 0 0 1 0 1 0 0 1 0 0 0 1 0 0 1 0 -1 0 0 -1 0 0 0 -1 0 0 -1 0 0 1 0 0 1 0 -1 0 0 -1 0 0 0 -1 0 0 -1 0 1 0 0 1 0 0 -1 0 0 -1 0 0 1 0 0 1 0 0 0 -1 0 0 -1 0 0 1 0 0 1 0 0 0 -1 0 0 -1 0 0 1 0 0 1 1 0 0 1 0 0 -1 0 0 -1 0 0</float_array>
          <technique_common>
            <accessor source="#HAMR3_Sim_Map_-_공장_외벽-1_003-mesh-normals-array" count="56" stride="3">
              <param name="X" type="float"/>
              <param name="Y" type="float"/>
              <param name="Z" type="float"/>
            </accessor>
          </technique_common>
        </source>
        <vertices id="HAMR3_Sim_Map_-_공장_외벽-1_003-mesh-vertices">
          <input semantic="POSITION" source="#HAMR3_Sim_Map_-_공장_외벽-1_003-mesh-positions"/>
        </vertices>
        <triangles material="Material_022-material" count="56">
          <input semantic="VERTEX" source="#HAMR3_Sim_Map_-_공장_외벽-1_003-mesh-vertices" offset="0"/>
          <input semantic="NORMAL" source="#HAMR3_Sim_Map_-_공장_외벽-1_003-mesh-normals" offset="1"/>
          <p>0 0 1 0 2 0 2 1 1 1 3 1 2 2 3 2 4 2 4 3 3 3 5 3 4 4 5 4 6 4 6 5 5 5 7 5 6 6 7 6 8 6 8 7 7 7 9 7 8 8 9 8 10 8 10 9 9 9 11 9 12 10 13 10 14 10 14 11 13 11 15 11 14 12 15 12 16 12 16 13 15 13 17 13 16 14 17 14 18 14 18 15 17 15 19 15 18 16 19 16 20 16 20 17 19 17 21 17 20 18 21 18 22 18 22 19 21 19 23 19 11 20 9 20 13 20 13 21 9 21 15 21 14 22 8 22 12 22 12 23 8 23 10 23 5 24 3 24 19 24 19 25 3 25 21 25 7 26 5 26 17 26 17 27 5 27 19 27 9 28 7 28 15 28 15 29 7 29 17 29 23 30 21 30 1 30 1 31 21 31 3 31 2 32 20 32 0 32 0 33 20 33 22 33 2 34 4 34 20 34 20 35 4 35 18 35 4 36 6 36 18 36 18 37 6 37 16 37 6 38 8 38 16 38 16 39 8 39 14 39 1 40 0 40 23 40 23 41 0 41 22 41 13 42 12 42 11 42 11 43 12 43 10 43 24 44 25 44 26 44 26 45 25 45 27 45 28 46 29 46 30 46 30 47 29 47 31 47 29 48 25 48 31 48 31 49 25 49 24 49 26 50 27 50 30 50 30 51 27 51 28 51 25 52 29 52 27 52 27 53 29 53 28 53 26 54 30 54 24 54 24 55 30 55 31 55</p>
        </triangles>
      </mesh>
    </geometry>
    <geometry id="HAMR3_Sim_Map_-_공장_뒤편-2_003-mesh" name="HAMR3_Sim_Map - 공장 뒤편-2.003">
      <mesh>
        <source id="HAMR3_Sim_Map_-_공장_뒤편-2_003-mesh-positions">
          <float_array id="HAMR3_Sim_Map_-_공장_뒤편-2_003-mesh-positions-array" count="24">86652.11 90131.52 2100.5 86652.11 88394.02 2100.5 86652.11 90131.52 100.5 86652.11 88394.02 100.5 70051.11 90131.52 2100.5 70051.11 90131.52 100.5 70051.11 88394.02 2100.5 70051.11 88394.02 100.5</float_array>
          <technique_common>
            <accessor source="#HAMR3_Sim_Map_-_공장_뒤편-2_003-mesh-positions-array" count="8" stride="3">
              <param name="X" type="float"/>
              <param name="Y" type="float"/>
              <param name="Z" type="float"/>
            </accessor>
          </technique_common>
        </source>
        <source id="HAMR3_Sim_Map_-_공장_뒤편-2_003-mesh-normals">
          <float_array id="HAMR3_Sim_Map_-_공장_뒤편-2_003-mesh-normals-array" count="36">1 0 0 1 0 0 0 1 0 0 1 0 -1 0 0 -1 0 0 0 -1 0 0 -1 0 0 0 1 0 0 1 0 0 -1 0 0 -1</float_array>
          <technique_common>
            <accessor source="#HAMR3_Sim_Map_-_공장_뒤편-2_003-mesh-normals-array" count="12" stride="3">
              <param name="X" type="float"/>
              <param name="Y" type="float"/>
              <param name="Z" type="float"/>
            </accessor>
          </technique_common>
        </source>
        <vertices id="HAMR3_Sim_Map_-_공장_뒤편-2_003-mesh-vertices">
          <input semantic="POSITION" source="#HAMR3_Sim_Map_-_공장_뒤편-2_003-mesh-positions"/>
        </vertices>
        <triangles material="Material_016-material" count="12">
          <input semantic="VERTEX" source="#HAMR3_Sim_Map_-_공장_뒤편-2_003-mesh-vertices" offset="0"/>
          <input semantic="NORMAL" source="#HAMR3_Sim_Map_-_공장_뒤편-2_003-mesh-normals" offset="1"/>
          <p>0 0 1 0 2 0 2 1 1 1 3 1 4 2 0 2 5 2 5 3 0 3 2 3 6 4 4 4 7 4 7 5 4 5 5 5 1 6 6 6 3 6 3 7 6 7 7 7 4 8 6 8 0 8 0 9 6 9 1 9 7 10 5 10 3 10 3 11 5 11 2 11</p>
        </triangles>
      </mesh>
    </geometry>
    <geometry id="HAMR3_Sim_Map_-_공장_뒤편-1_003-mesh" name="HAMR3_Sim_Map - 공장 뒤편-1.003">
      <mesh>
        <source id="HAMR3_Sim_Map_-_공장_뒤편-1_003-mesh-positions">
          <float_array id="HAMR3_Sim_Map_-_공장_뒤편-1_003-mesh-positions-array" count="24">30675.06 90131.52 2100.5 30675.06 88394.02 2100.5 30675.06 90131.52 100.5 30675.06 88394.02 100.5 14074.06 90131.52 2100.5 14074.06 90131.52 100.5 14074.06 88394.02 2100.5 14074.06 88394.02 100.5</float_array>
          <technique_common>
            <accessor source="#HAMR3_Sim_Map_-_공장_뒤편-1_003-mesh-positions-array" count="8" stride="3">
              <param name="X" type="float"/>
              <param name="Y" type="float"/>
              <param name="Z" type="float"/>
            </accessor>
          </technique_common>
        </source>
        <source id="HAMR3_Sim_Map_-_공장_뒤편-1_003-mesh-normals">
          <float_array id="HAMR3_Sim_Map_-_공장_뒤편-1_003-mesh-normals-array" count="36">1 0 0 1 0 0 0 1 0 0 1 0 -1 0 0 -1 0 0 0 -1 0 0 -1 0 0 0 1 0 0 1 0 0 -1 0 0 -1</float_array>
          <technique_common>
            <accessor source="#HAMR3_Sim_Map_-_공장_뒤편-1_003-mesh-normals-array" count="12" stride="3">
              <param name="X" type="float"/>
              <param name="Y" type="float"/>
              <param name="Z" type="float"/>
            </accessor>
          </technique_common>
        </source>
        <vertices id="HAMR3_Sim_Map_-_공장_뒤편-1_003-mesh-vertices">
          <input semantic="POSITION" source="#HAMR3_Sim_Map_-_공장_뒤편-1_003-mesh-positions"/>
        </vertices>
        <triangles material="Material_016-material" count="12">
          <input semantic="VERTEX" source="#HAMR3_Sim_Map_-_공장_뒤편-1_003-mesh-vertices" offset="0"/>
          <input semantic="NORMAL" source="#HAMR3_Sim_Map_-_공장_뒤편-1_003-mesh-normals" offset="1"/>
          <p>0 0 1 0 2 0 2 1 1 1 3 1 4 2 0 2 5 2 5 3 0 3 2 3 6 4 4 4 7 4 7 5 4 5 5 5 1 6 6 6 3 6 3 7 6 7 7 7 4 8 6 8 0 8 0 9 6 9 1 9 7 10 5 10 3 10 3 11 5 11 2 11</p>
        </triangles>
      </mesh>
    </geometry>
    <geometry id="HAMR3_Sim_Map_-_경비실-1_003-mesh" name="HAMR3_Sim_Map - 경비실-1.003">
      <mesh>
        <source id="HAMR3_Sim_Map_-_경비실-1_003-mesh-positions">
          <float_array id="HAMR3_Sim_Map_-_경비실-1_003-mesh-positions-array" count="24">61133.49 6190.447 2600.5 61133.49 1189.447 2600.5 61133.49 6190.447 100.5 61133.49 1189.447 100.5 55333.49 6190.447 2600.5 55333.49 6190.447 100.5 55333.49 1189.447 2600.5 55333.49 1189.447 100.5</float_array>
          <technique_common>
            <accessor source="#HAMR3_Sim_Map_-_경비실-1_003-mesh-positions-array" count="8" stride="3">
              <param name="X" type="float"/>
              <param name="Y" type="float"/>
              <param name="Z" type="float"/>
            </accessor>
          </technique_common>
        </source>
        <source id="HAMR3_Sim_Map_-_경비실-1_003-mesh-normals">
          <float_array id="HAMR3_Sim_Map_-_경비실-1_003-mesh-normals-array" count="36">1 0 0 1 0 0 0 1 0 0 1 0 -1 0 0 -1 0 0 0 -1 0 0 -1 0 0 0 1 0 0 1 0 0 -1 0 0 -1</float_array>
          <technique_common>
            <accessor source="#HAMR3_Sim_Map_-_경비실-1_003-mesh-normals-array" count="12" stride="3">
              <param name="X" type="float"/>
              <param name="Y" type="float"/>
              <param name="Z" type="float"/>
            </accessor>
          </technique_common>
        </source>
        <vertices id="HAMR3_Sim_Map_-_경비실-1_003-mesh-vertices">
          <input semantic="POSITION" source="#HAMR3_Sim_Map_-_경비실-1_003-mesh-positions"/>
        </vertices>
        <triangles material="Material_016-material" count="12">
          <input semantic="VERTEX" source="#HAMR3_Sim_Map_-_경비실-1_003-mesh-vertices" offset="0"/>
          <input semantic="NORMAL" source="#HAMR3_Sim_Map_-_경비실-1_003-mesh-normals" offset="1"/>
          <p>0 0 1 0 2 0 2 1 1 1 3 1 4 2 0 2 5 2 5 3 0 3 2 3 6 4 4 4 7 4 7 5 4 5 5 5 1 6 6 6 3 6 3 7 6 7 7 7 4 8 6 8 0 8 0 9 6 9 1 9 7 10 5 10 3 10 3 11 5 11 2 11</p>
        </triangles>
      </mesh>
    </geometry>
    <geometry id="HAMR3_Sim_Map_-_SPEED_AUTO_DOOR-2_003-mesh" name="HAMR3_Sim_Map - SPEED AUTO DOOR-2.003">
      <mesh>
        <source id="HAMR3_Sim_Map_-_SPEED_AUTO_DOOR-2_003-mesh-positions">
          <float_array id="HAMR3_Sim_Map_-_SPEED_AUTO_DOOR-2_003-mesh-positions-array" count="72">68865.03 53281.51 100.5 70152.53 53281.51 100.5 68865.03 53281.51 5100.5 70152.53 53281.51 5100.5 68865.03 53381.51 5100.5 70202.53 53381.51 5100.5 68865.03 53381.51 100.5 70202.53 53381.51 100.5 70152.53 52394.01 5100.5 70202.53 52394.01 5100.5 70152.53 52394.01 100.5 70202.53 52394.01 100.5 62527.52 52394.01 5100.5 62527.52 53381.51 5100.5 62527.52 52394.01 100.5 62527.52 53381.51 100.5 62577.52 52394.01 5100.5 62577.52 52394.01 100.5 62577.52 53281.51 5100.5 62577.52 53281.51 100.5 63865.02 53281.51 100.5 63865.02 53381.51 100.5 63865.02 53281.51 5100.5 63865.02 53381.51 5100.5</float_array>
          <technique_common>
            <accessor source="#HAMR3_Sim_Map_-_SPEED_AUTO_DOOR-2_003-mesh-positions-array" count="24" stride="3">
              <param name="X" type="float"/>
              <param name="Y" type="float"/>
              <param name="Z" type="float"/>
            </accessor>
          </technique_common>
        </source>
        <source id="HAMR3_Sim_Map_-_SPEED_AUTO_DOOR-2_003-mesh-normals">
          <float_array id="HAMR3_Sim_Map_-_SPEED_AUTO_DOOR-2_003-mesh-normals-array" count="120">0 -1 0 0 -1 0 0 1 0 0 1 0 0 0 1 0 0 1 0 0 1 0 0 1 0 0 -1 0 0 -1 0 0 -1 0 0 -1 -1 0 0 -1 0 0 0 -1 0 0 -1 0 1 0 0 1 0 0 -1 0 0 -1 0 0 -1 0 0 -1 0 0 0 -1 0 0 -1 0 1 0 0 1 0 0 0 0 -1 0 0 -1 0 0 -1 0 0 -1 0 0 1 0 0 1 0 0 1 0 0 1 0 1 0 0 1 0 0 -1 0 0 -1 0 1 0 0 1 0 0</float_array>
          <technique_common>
            <accessor source="#HAMR3_Sim_Map_-_SPEED_AUTO_DOOR-2_003-mesh-normals-array" count="40" stride="3">
              <param name="X" type="float"/>
              <param name="Y" type="float"/>
              <param name="Z" type="float"/>
            </accessor>
          </technique_common>
        </source>
        <vertices id="HAMR3_Sim_Map_-_SPEED_AUTO_DOOR-2_003-mesh-vertices">
          <input semantic="POSITION" source="#HAMR3_Sim_Map_-_SPEED_AUTO_DOOR-2_003-mesh-positions"/>
        </vertices>
        <triangles material="Material_023-material" count="40">
          <input semantic="VERTEX" source="#HAMR3_Sim_Map_-_SPEED_AUTO_DOOR-2_003-mesh-vertices" offset="0"/>
          <input semantic="NORMAL" source="#HAMR3_Sim_Map_-_SPEED_AUTO_DOOR-2_003-mesh-normals" offset="1"/>
          <p>0 0 1 0 2 0 2 1 1 1 3 1 4 2 5 2 6 2 6 3 5 3 7 3 8 4 9 4 3 4 3 5 9 5 5 5 3 6 5 6 2 6 2 7 5 7 4 7 0 8 6 8 1 8 1 9 6 9 7 9 1 10 7 10 10 10 10 11 7 11 11 11 8 12 3 12 10 12 10 13 3 13 1 13 9 14 8 14 11 14 11 15 8 15 10 15 5 16 9 16 7 16 7 17 9 17 11 17 4 18 6 18 2 18 2 19 6 19 0 19 12 20 13 20 14 20 14 21 13 21 15 21 16 22 12 22 17 22 17 23 12 23 14 23 18 24 16 24 19 24 19 25 16 25 17 25 17 26 14 26 19 26 19 27 14 27 15 27 19 28 15 28 20 28 20 29 15 29 21 29 22 30 23 30 18 30 18 31 23 31 13 31 18 32 13 32 16 32 16 33 13 33 12 33 21 34 15 34 23 34 23 35 15 35 13 35 22 36 18 36 20 36 20 37 18 37 19 37 21 38 23 38 20 38 20 39 23 39 22 39</p>
        </triangles>
      </mesh>
    </geometry>
    <geometry id="HAMR3_Sim_Map_-_SPEED_AUTO_DOOR-1_003-mesh" name="HAMR3_Sim_Map - SPEED AUTO DOOR-1.003">
      <mesh>
        <source id="HAMR3_Sim_Map_-_SPEED_AUTO_DOOR-1_003-mesh-positions">
          <float_array id="HAMR3_Sim_Map_-_SPEED_AUTO_DOOR-1_003-mesh-positions-array" count="72">36864.02 53281.51 100.5 38151.52 53281.51 100.5 36864.02 53281.51 5100.5 38151.52 53281.51 5100.5 36864.02 53381.51 5100.5 38201.52 53381.51 5100.5 36864.02 53381.51 100.5 38201.52 53381.51 100.5 38151.52 52394.01 5100.5 38201.52 52394.01 5100.5 38151.52 52394.01 100.5 38201.52 52394.01 100.5 30526.52 52394.01 5100.5 30526.52 53381.51 5100.5 30526.52 52394.01 100.5 30526.52 53381.51 100.5 30576.52 52394.01 5100.5 30576.52 52394.01 100.5 30576.52 53281.51 5100.5 30576.52 53281.51 100.5 31864.02 53281.51 100.5 31864.02 53381.51 100.5 31864.02 53281.51 5100.5 31864.02 53381.51 5100.5</float_array>
          <technique_common>
            <accessor source="#HAMR3_Sim_Map_-_SPEED_AUTO_DOOR-1_003-mesh-positions-array" count="24" stride="3">
              <param name="X" type="float"/>
              <param name="Y" type="float"/>
              <param name="Z" type="float"/>
            </accessor>
          </technique_common>
        </source>
        <source id="HAMR3_Sim_Map_-_SPEED_AUTO_DOOR-1_003-mesh-normals">
          <float_array id="HAMR3_Sim_Map_-_SPEED_AUTO_DOOR-1_003-mesh-normals-array" count="120">0 -1 0 0 -1 0 0 1 0 0 1 0 0 0 1 0 0 1 0 0 1 0 0 1 0 0 -1 0 0 -1 0 0 -1 0 0 -1 -1 0 0 -1 0 0 0 -1 0 0 -1 0 1 0 0 1 0 0 -1 0 0 -1 0 0 -1 0 0 -1 0 0 0 -1 0 0 -1 0 1 0 0 1 0 0 0 0 -1 0 0 -1 0 0 -1 0 0 -1 0 0 1 0 0 1 0 0 1 0 0 1 0 1 0 0 1 0 0 -1 0 0 -1 0 1 0 0 1 0 0</float_array>
          <technique_common>
            <accessor source="#HAMR3_Sim_Map_-_SPEED_AUTO_DOOR-1_003-mesh-normals-array" count="40" stride="3">
              <param name="X" type="float"/>
              <param name="Y" type="float"/>
              <param name="Z" type="float"/>
            </accessor>
          </technique_common>
        </source>
        <vertices id="HAMR3_Sim_Map_-_SPEED_AUTO_DOOR-1_003-mesh-vertices">
          <input semantic="POSITION" source="#HAMR3_Sim_Map_-_SPEED_AUTO_DOOR-1_003-mesh-positions"/>
        </vertices>
        <triangles material="Material_023-material" count="40">
          <input semantic="VERTEX" source="#HAMR3_Sim_Map_-_SPEED_AUTO_DOOR-1_003-mesh-vertices" offset="0"/>
          <input semantic="NORMAL" source="#HAMR3_Sim_Map_-_SPEED_AUTO_DOOR-1_003-mesh-normals" offset="1"/>
          <p>0 0 1 0 2 0 2 1 1 1 3 1 4 2 5 2 6 2 6 3 5 3 7 3 8 4 9 4 3 4 3 5 9 5 5 5 3 6 5 6 2 6 2 7 5 7 4 7 0 8 6 8 1 8 1 9 6 9 7 9 1 10 7 10 10 10 10 11 7 11 11 11 8 12 3 12 10 12 10 13 3 13 1 13 9 14 8 14 11 14 11 15 8 15 10 15 5 16 9 16 7 16 7 17 9 17 11 17 4 18 6 18 2 18 2 19 6 19 0 19 12 20 13 20 14 20 14 21 13 21 15 21 16 22 12 22 17 22 17 23 12 23 14 23 18 24 16 24 19 24 19 25 16 25 17 25 17 26 14 26 19 26 19 27 14 27 15 27 19 28 15 28 20 28 20 29 15 29 21 29 22 30 23 30 18 30 18 31 23 31 13 31 18 32 13 32 16 32 16 33 13 33 12 33 21 34 15 34 23 34 23 35 15 35 13 35 22 36 18 36 20 36 20 37 18 37 19 37 21 38 23 38 20 38 20 39 23 39 22 39</p>
        </triangles>
      </mesh>
    </geometry>
    <geometry id="HAMR3_Sim_Map_-_RACK-100_003-mesh" name="HAMR3_Sim_Map - RACK-100.003">
      <mesh>
        <source id="HAMR3_Sim_Map_-_RACK-100_003-mesh-positions">
          <float_array id="HAMR3_Sim_Map_-_RACK-100_003-mesh-positions-array" count="24">21896.03 86280.68 5100.5 21896.03 83580.68 5100.5 21896.03 86280.68 100.5 21896.03 83580.68 100.5 20796.03 86280.68 5100.5 20796.03 86280.68 100.5 20796.03 83580.68 5100.5 20796.03 83580.68 100.5</float_array>
          <technique_common>
            <accessor source="#HAMR3_Sim_Map_-_RACK-100_003-mesh-positions-array" count="8" stride="3">
              <param name="X" type="float"/>
              <param name="Y" type="float"/>
              <param name="Z" type="float"/>
            </accessor>
          </technique_common>
        </source>
        <source id="HAMR3_Sim_Map_-_RACK-100_003-mesh-normals">
          <float_array id="HAMR3_Sim_Map_-_RACK-100_003-mesh-normals-array" count="36">1 0 0 1 0 0 0 1 0 0 1 0 -1 0 0 -1 0 0 0 -1 0 0 -1 0 0 0 1 0 0 1 0 0 -1 0 0 -1</float_array>
          <technique_common>
            <accessor source="#HAMR3_Sim_Map_-_RACK-100_003-mesh-normals-array" count="12" stride="3">
              <param name="X" type="float"/>
              <param name="Y" type="float"/>
              <param name="Z" type="float"/>
            </accessor>
          </technique_common>
        </source>
        <vertices id="HAMR3_Sim_Map_-_RACK-100_003-mesh-vertices">
          <input semantic="POSITION" source="#HAMR3_Sim_Map_-_RACK-100_003-mesh-positions"/>
        </vertices>
        <triangles material="Material_017-material" count="12">
          <input semantic="VERTEX" source="#HAMR3_Sim_Map_-_RACK-100_003-mesh-vertices" offset="0"/>
          <input semantic="NORMAL" source="#HAMR3_Sim_Map_-_RACK-100_003-mesh-normals" offset="1"/>
          <p>0 0 1 0 2 0 2 1 1 1 3 1 4 2 0 2 5 2 5 3 0 3 2 3 6 4 4 4 7 4 7 5 4 5 5 5 1 6 6 6 3 6 3 7 6 7 7 7 4 8 6 8 0 8 0 9 6 9 1 9 7 10 5 10 3 10 3 11 5 11 2 11</p>
        </triangles>
      </mesh>
    </geometry>
    <geometry id="HAMR3_Sim_Map_-_RACK-99_003-mesh" name="HAMR3_Sim_Map - RACK-99.003">
      <mesh>
        <source id="HAMR3_Sim_Map_-_RACK-99_003-mesh-positions">
          <float_array id="HAMR3_Sim_Map_-_RACK-99_003-mesh-positions-array" count="24">21896.03 83580.68 5100.5 21896.03 80880.68 5100.5 21896.03 83580.68 100.5 21896.03 80880.68 100.5 20796.03 83580.68 5100.5 20796.03 83580.68 100.5 20796.03 80880.68 5100.5 20796.03 80880.68 100.5</float_array>
          <technique_common>
            <accessor source="#HAMR3_Sim_Map_-_RACK-99_003-mesh-positions-array" count="8" stride="3">
              <param name="X" type="float"/>
              <param name="Y" type="float"/>
              <param name="Z" type="float"/>
            </accessor>
          </technique_common>
        </source>
        <source id="HAMR3_Sim_Map_-_RACK-99_003-mesh-normals">
          <float_array id="HAMR3_Sim_Map_-_RACK-99_003-mesh-normals-array" count="36">1 0 0 1 0 0 0 1 0 0 1 0 -1 0 0 -1 0 0 0 -1 0 0 -1 0 0 0 1 0 0 1 0 0 -1 0 0 -1</float_array>
          <technique_common>
            <accessor source="#HAMR3_Sim_Map_-_RACK-99_003-mesh-normals-array" count="12" stride="3">
              <param name="X" type="float"/>
              <param name="Y" type="float"/>
              <param name="Z" type="float"/>
            </accessor>
          </technique_common>
        </source>
        <vertices id="HAMR3_Sim_Map_-_RACK-99_003-mesh-vertices">
          <input semantic="POSITION" source="#HAMR3_Sim_Map_-_RACK-99_003-mesh-positions"/>
        </vertices>
        <triangles material="Material_017-material" count="12">
          <input semantic="VERTEX" source="#HAMR3_Sim_Map_-_RACK-99_003-mesh-vertices" offset="0"/>
          <input semantic="NORMAL" source="#HAMR3_Sim_Map_-_RACK-99_003-mesh-normals" offset="1"/>
          <p>0 0 1 0 2 0 2 1 1 1 3 1 4 2 0 2 5 2 5 3 0 3 2 3 6 4 4 4 7 4 7 5 4 5 5 5 1 6 6 6 3 6 3 7 6 7 7 7 4 8 6 8 0 8 0 9 6 9 1 9 7 10 5 10 3 10 3 11 5 11 2 11</p>
        </triangles>
      </mesh>
    </geometry>
    <geometry id="HAMR3_Sim_Map_-_RACK-98_003-mesh" name="HAMR3_Sim_Map - RACK-98.003">
      <mesh>
        <source id="HAMR3_Sim_Map_-_RACK-98_003-mesh-positions">
          <float_array id="HAMR3_Sim_Map_-_RACK-98_003-mesh-positions-array" count="24">21896.03 80880.68 5100.5 21896.03 78180.68 5100.5 21896.03 80880.68 100.5 21896.03 78180.68 100.5 20796.03 80880.68 5100.5 20796.03 80880.68 100.5 20796.03 78180.68 5100.5 20796.03 78180.68 100.5</float_array>
          <technique_common>
            <accessor source="#HAMR3_Sim_Map_-_RACK-98_003-mesh-positions-array" count="8" stride="3">
              <param name="X" type="float"/>
              <param name="Y" type="float"/>
              <param name="Z" type="float"/>
            </accessor>
          </technique_common>
        </source>
        <source id="HAMR3_Sim_Map_-_RACK-98_003-mesh-normals">
          <float_array id="HAMR3_Sim_Map_-_RACK-98_003-mesh-normals-array" count="36">1 0 0 1 0 0 0 1 0 0 1 0 -1 0 0 -1 0 0 0 -1 0 0 -1 0 0 0 1 0 0 1 0 0 -1 0 0 -1</float_array>
          <technique_common>
            <accessor source="#HAMR3_Sim_Map_-_RACK-98_003-mesh-normals-array" count="12" stride="3">
              <param name="X" type="float"/>
              <param name="Y" type="float"/>
              <param name="Z" type="float"/>
            </accessor>
          </technique_common>
        </source>
        <vertices id="HAMR3_Sim_Map_-_RACK-98_003-mesh-vertices">
          <input semantic="POSITION" source="#HAMR3_Sim_Map_-_RACK-98_003-mesh-positions"/>
        </vertices>
        <triangles material="Material_017-material" count="12">
          <input semantic="VERTEX" source="#HAMR3_Sim_Map_-_RACK-98_003-mesh-vertices" offset="0"/>
          <input semantic="NORMAL" source="#HAMR3_Sim_Map_-_RACK-98_003-mesh-normals" offset="1"/>
          <p>0 0 1 0 2 0 2 1 1 1 3 1 4 2 0 2 5 2 5 3 0 3 2 3 6 4 4 4 7 4 7 5 4 5 5 5 1 6 6 6 3 6 3 7 6 7 7 7 4 8 6 8 0 8 0 9 6 9 1 9 7 10 5 10 3 10 3 11 5 11 2 11</p>
        </triangles>
      </mesh>
    </geometry>
    <geometry id="HAMR3_Sim_Map_-_RACK-97_003-mesh" name="HAMR3_Sim_Map - RACK-97.003">
      <mesh>
        <source id="HAMR3_Sim_Map_-_RACK-97_003-mesh-positions">
          <float_array id="HAMR3_Sim_Map_-_RACK-97_003-mesh-positions-array" count="24">21896.03 78180.68 5100.5 21896.03 75480.68 5100.5 21896.03 78180.68 100.5 21896.03 75480.68 100.5 20796.03 78180.68 5100.5 20796.03 78180.68 100.5 20796.03 75480.68 5100.5 20796.03 75480.68 100.5</float_array>
          <technique_common>
            <accessor source="#HAMR3_Sim_Map_-_RACK-97_003-mesh-positions-array" count="8" stride="3">
              <param name="X" type="float"/>
              <param name="Y" type="float"/>
              <param name="Z" type="float"/>
            </accessor>
          </technique_common>
        </source>
        <source id="HAMR3_Sim_Map_-_RACK-97_003-mesh-normals">
          <float_array id="HAMR3_Sim_Map_-_RACK-97_003-mesh-normals-array" count="36">1 0 0 1 0 0 0 1 0 0 1 0 -1 0 0 -1 0 0 0 -1 0 0 -1 0 0 0 1 0 0 1 0 0 -1 0 0 -1</float_array>
          <technique_common>
            <accessor source="#HAMR3_Sim_Map_-_RACK-97_003-mesh-normals-array" count="12" stride="3">
              <param name="X" type="float"/>
              <param name="Y" type="float"/>
              <param name="Z" type="float"/>
            </accessor>
          </technique_common>
        </source>
        <vertices id="HAMR3_Sim_Map_-_RACK-97_003-mesh-vertices">
          <input semantic="POSITION" source="#HAMR3_Sim_Map_-_RACK-97_003-mesh-positions"/>
        </vertices>
        <triangles material="Material_017-material" count="12">
          <input semantic="VERTEX" source="#HAMR3_Sim_Map_-_RACK-97_003-mesh-vertices" offset="0"/>
          <input semantic="NORMAL" source="#HAMR3_Sim_Map_-_RACK-97_003-mesh-normals" offset="1"/>
          <p>0 0 1 0 2 0 2 1 1 1 3 1 4 2 0 2 5 2 5 3 0 3 2 3 6 4 4 4 7 4 7 5 4 5 5 5 1 6 6 6 3 6 3 7 6 7 7 7 4 8 6 8 0 8 0 9 6 9 1 9 7 10 5 10 3 10 3 11 5 11 2 11</p>
        </triangles>
      </mesh>
    </geometry>
    <geometry id="HAMR3_Sim_Map_-_RACK-96_003-mesh" name="HAMR3_Sim_Map - RACK-96.003">
      <mesh>
        <source id="HAMR3_Sim_Map_-_RACK-96_003-mesh-positions">
          <float_array id="HAMR3_Sim_Map_-_RACK-96_003-mesh-positions-array" count="24">21896.03 75480.68 5100.5 21896.03 72780.68 5100.5 21896.03 75480.68 100.5 21896.03 72780.68 100.5 20796.03 75480.68 5100.5 20796.03 75480.68 100.5 20796.03 72780.68 5100.5 20796.03 72780.68 100.5</float_array>
          <technique_common>
            <accessor source="#HAMR3_Sim_Map_-_RACK-96_003-mesh-positions-array" count="8" stride="3">
              <param name="X" type="float"/>
              <param name="Y" type="float"/>
              <param name="Z" type="float"/>
            </accessor>
          </technique_common>
        </source>
        <source id="HAMR3_Sim_Map_-_RACK-96_003-mesh-normals">
          <float_array id="HAMR3_Sim_Map_-_RACK-96_003-mesh-normals-array" count="36">1 0 0 1 0 0 0 1 0 0 1 0 -1 0 0 -1 0 0 0 -1 0 0 -1 0 0 0 1 0 0 1 0 0 -1 0 0 -1</float_array>
          <technique_common>
            <accessor source="#HAMR3_Sim_Map_-_RACK-96_003-mesh-normals-array" count="12" stride="3">
              <param name="X" type="float"/>
              <param name="Y" type="float"/>
              <param name="Z" type="float"/>
            </accessor>
          </technique_common>
        </source>
        <vertices id="HAMR3_Sim_Map_-_RACK-96_003-mesh-vertices">
          <input semantic="POSITION" source="#HAMR3_Sim_Map_-_RACK-96_003-mesh-positions"/>
        </vertices>
        <triangles material="Material_017-material" count="12">
          <input semantic="VERTEX" source="#HAMR3_Sim_Map_-_RACK-96_003-mesh-vertices" offset="0"/>
          <input semantic="NORMAL" source="#HAMR3_Sim_Map_-_RACK-96_003-mesh-normals" offset="1"/>
          <p>0 0 1 0 2 0 2 1 1 1 3 1 4 2 0 2 5 2 5 3 0 3 2 3 6 4 4 4 7 4 7 5 4 5 5 5 1 6 6 6 3 6 3 7 6 7 7 7 4 8 6 8 0 8 0 9 6 9 1 9 7 10 5 10 3 10 3 11 5 11 2 11</p>
        </triangles>
      </mesh>
    </geometry>
    <geometry id="HAMR3_Sim_Map_-_RACK-95_003-mesh" name="HAMR3_Sim_Map - RACK-95.003">
      <mesh>
        <source id="HAMR3_Sim_Map_-_RACK-95_003-mesh-positions">
          <float_array id="HAMR3_Sim_Map_-_RACK-95_003-mesh-positions-array" count="24">21896.03 72780.68 5100.5 21896.03 70080.68 5100.5 21896.03 72780.68 100.5 21896.03 70080.68 100.5 20796.03 72780.68 5100.5 20796.03 72780.68 100.5 20796.03 70080.68 5100.5 20796.03 70080.68 100.5</float_array>
          <technique_common>
            <accessor source="#HAMR3_Sim_Map_-_RACK-95_003-mesh-positions-array" count="8" stride="3">
              <param name="X" type="float"/>
              <param name="Y" type="float"/>
              <param name="Z" type="float"/>
            </accessor>
          </technique_common>
        </source>
        <source id="HAMR3_Sim_Map_-_RACK-95_003-mesh-normals">
          <float_array id="HAMR3_Sim_Map_-_RACK-95_003-mesh-normals-array" count="36">1 0 0 1 0 0 0 1 0 0 1 0 -1 0 0 -1 0 0 0 -1 0 0 -1 0 0 0 1 0 0 1 0 0 -1 0 0 -1</float_array>
          <technique_common>
            <accessor source="#HAMR3_Sim_Map_-_RACK-95_003-mesh-normals-array" count="12" stride="3">
              <param name="X" type="float"/>
              <param name="Y" type="float"/>
              <param name="Z" type="float"/>
            </accessor>
          </technique_common>
        </source>
        <vertices id="HAMR3_Sim_Map_-_RACK-95_003-mesh-vertices">
          <input semantic="POSITION" source="#HAMR3_Sim_Map_-_RACK-95_003-mesh-positions"/>
        </vertices>
        <triangles material="Material_017-material" count="12">
          <input semantic="VERTEX" source="#HAMR3_Sim_Map_-_RACK-95_003-mesh-vertices" offset="0"/>
          <input semantic="NORMAL" source="#HAMR3_Sim_Map_-_RACK-95_003-mesh-normals" offset="1"/>
          <p>0 0 1 0 2 0 2 1 1 1 3 1 4 2 0 2 5 2 5 3 0 3 2 3 6 4 4 4 7 4 7 5 4 5 5 5 1 6 6 6 3 6 3 7 6 7 7 7 4 8 6 8 0 8 0 9 6 9 1 9 7 10 5 10 3 10 3 11 5 11 2 11</p>
        </triangles>
      </mesh>
    </geometry>
    <geometry id="HAMR3_Sim_Map_-_RACK-94_003-mesh" name="HAMR3_Sim_Map - RACK-94.003">
      <mesh>
        <source id="HAMR3_Sim_Map_-_RACK-94_003-mesh-positions">
          <float_array id="HAMR3_Sim_Map_-_RACK-94_003-mesh-positions-array" count="24">21896.03 70080.68 5100.5 21896.03 67380.68 5100.5 21896.03 70080.68 100.5 21896.03 67380.68 100.5 20796.03 70080.68 5100.5 20796.03 70080.68 100.5 20796.03 67380.68 5100.5 20796.03 67380.68 100.5</float_array>
          <technique_common>
            <accessor source="#HAMR3_Sim_Map_-_RACK-94_003-mesh-positions-array" count="8" stride="3">
              <param name="X" type="float"/>
              <param name="Y" type="float"/>
              <param name="Z" type="float"/>
            </accessor>
          </technique_common>
        </source>
        <source id="HAMR3_Sim_Map_-_RACK-94_003-mesh-normals">
          <float_array id="HAMR3_Sim_Map_-_RACK-94_003-mesh-normals-array" count="36">1 0 0 1 0 0 0 1 0 0 1 0 -1 0 0 -1 0 0 0 -1 0 0 -1 0 0 0 1 0 0 1 0 0 -1 0 0 -1</float_array>
          <technique_common>
            <accessor source="#HAMR3_Sim_Map_-_RACK-94_003-mesh-normals-array" count="12" stride="3">
              <param name="X" type="float"/>
              <param name="Y" type="float"/>
              <param name="Z" type="float"/>
            </accessor>
          </technique_common>
        </source>
        <vertices id="HAMR3_Sim_Map_-_RACK-94_003-mesh-vertices">
          <input semantic="POSITION" source="#HAMR3_Sim_Map_-_RACK-94_003-mesh-positions"/>
        </vertices>
        <triangles material="Material_017-material" count="12">
          <input semantic="VERTEX" source="#HAMR3_Sim_Map_-_RACK-94_003-mesh-vertices" offset="0"/>
          <input semantic="NORMAL" source="#HAMR3_Sim_Map_-_RACK-94_003-mesh-normals" offset="1"/>
          <p>0 0 1 0 2 0 2 1 1 1 3 1 4 2 0 2 5 2 5 3 0 3 2 3 6 4 4 4 7 4 7 5 4 5 5 5 1 6 6 6 3 6 3 7 6 7 7 7 4 8 6 8 0 8 0 9 6 9 1 9 7 10 5 10 3 10 3 11 5 11 2 11</p>
        </triangles>
      </mesh>
    </geometry>
    <geometry id="HAMR3_Sim_Map_-_RACK-93_003-mesh" name="HAMR3_Sim_Map - RACK-93.003">
      <mesh>
        <source id="HAMR3_Sim_Map_-_RACK-93_003-mesh-positions">
          <float_array id="HAMR3_Sim_Map_-_RACK-93_003-mesh-positions-array" count="24">21896.03 67380.68 5100.5 21896.03 64680.67 5100.5 21896.03 67380.68 100.5 21896.03 64680.67 100.5 20796.03 67380.68 5100.5 20796.03 67380.68 100.5 20796.03 64680.67 5100.5 20796.03 64680.67 100.5</float_array>
          <technique_common>
            <accessor source="#HAMR3_Sim_Map_-_RACK-93_003-mesh-positions-array" count="8" stride="3">
              <param name="X" type="float"/>
              <param name="Y" type="float"/>
              <param name="Z" type="float"/>
            </accessor>
          </technique_common>
        </source>
        <source id="HAMR3_Sim_Map_-_RACK-93_003-mesh-normals">
          <float_array id="HAMR3_Sim_Map_-_RACK-93_003-mesh-normals-array" count="36">1 0 0 1 0 0 0 1 0 0 1 0 -1 0 0 -1 0 0 0 -1 0 0 -1 0 0 0 1 0 0 1 0 0 -1 0 0 -1</float_array>
          <technique_common>
            <accessor source="#HAMR3_Sim_Map_-_RACK-93_003-mesh-normals-array" count="12" stride="3">
              <param name="X" type="float"/>
              <param name="Y" type="float"/>
              <param name="Z" type="float"/>
            </accessor>
          </technique_common>
        </source>
        <vertices id="HAMR3_Sim_Map_-_RACK-93_003-mesh-vertices">
          <input semantic="POSITION" source="#HAMR3_Sim_Map_-_RACK-93_003-mesh-positions"/>
        </vertices>
        <triangles material="Material_017-material" count="12">
          <input semantic="VERTEX" source="#HAMR3_Sim_Map_-_RACK-93_003-mesh-vertices" offset="0"/>
          <input semantic="NORMAL" source="#HAMR3_Sim_Map_-_RACK-93_003-mesh-normals" offset="1"/>
          <p>0 0 1 0 2 0 2 1 1 1 3 1 4 2 0 2 5 2 5 3 0 3 2 3 6 4 4 4 7 4 7 5 4 5 5 5 1 6 6 6 3 6 3 7 6 7 7 7 4 8 6 8 0 8 0 9 6 9 1 9 7 10 5 10 3 10 3 11 5 11 2 11</p>
        </triangles>
      </mesh>
    </geometry>
    <geometry id="HAMR3_Sim_Map_-_RACK-92_003-mesh" name="HAMR3_Sim_Map - RACK-92.003">
      <mesh>
        <source id="HAMR3_Sim_Map_-_RACK-92_003-mesh-positions">
          <float_array id="HAMR3_Sim_Map_-_RACK-92_003-mesh-positions-array" count="24">20796.03 86280.68 5100.5 20796.03 83580.68 5100.5 20796.03 86280.68 100.5 20796.03 83580.68 100.5 19696.03 86280.68 5100.5 19696.03 86280.68 100.5 19696.03 83580.68 5100.5 19696.03 83580.68 100.5</float_array>
          <technique_common>
            <accessor source="#HAMR3_Sim_Map_-_RACK-92_003-mesh-positions-array" count="8" stride="3">
              <param name="X" type="float"/>
              <param name="Y" type="float"/>
              <param name="Z" type="float"/>
            </accessor>
          </technique_common>
        </source>
        <source id="HAMR3_Sim_Map_-_RACK-92_003-mesh-normals">
          <float_array id="HAMR3_Sim_Map_-_RACK-92_003-mesh-normals-array" count="36">1 0 0 1 0 0 0 1 0 0 1 0 -1 0 0 -1 0 0 0 -1 0 0 -1 0 0 0 1 0 0 1 0 0 -1 0 0 -1</float_array>
          <technique_common>
            <accessor source="#HAMR3_Sim_Map_-_RACK-92_003-mesh-normals-array" count="12" stride="3">
              <param name="X" type="float"/>
              <param name="Y" type="float"/>
              <param name="Z" type="float"/>
            </accessor>
          </technique_common>
        </source>
        <vertices id="HAMR3_Sim_Map_-_RACK-92_003-mesh-vertices">
          <input semantic="POSITION" source="#HAMR3_Sim_Map_-_RACK-92_003-mesh-positions"/>
        </vertices>
        <triangles material="Material_017-material" count="12">
          <input semantic="VERTEX" source="#HAMR3_Sim_Map_-_RACK-92_003-mesh-vertices" offset="0"/>
          <input semantic="NORMAL" source="#HAMR3_Sim_Map_-_RACK-92_003-mesh-normals" offset="1"/>
          <p>0 0 1 0 2 0 2 1 1 1 3 1 4 2 0 2 5 2 5 3 0 3 2 3 6 4 4 4 7 4 7 5 4 5 5 5 1 6 6 6 3 6 3 7 6 7 7 7 4 8 6 8 0 8 0 9 6 9 1 9 7 10 5 10 3 10 3 11 5 11 2 11</p>
        </triangles>
      </mesh>
    </geometry>
    <geometry id="HAMR3_Sim_Map_-_RACK-91_003-mesh" name="HAMR3_Sim_Map - RACK-91.003">
      <mesh>
        <source id="HAMR3_Sim_Map_-_RACK-91_003-mesh-positions">
          <float_array id="HAMR3_Sim_Map_-_RACK-91_003-mesh-positions-array" count="24">20796.03 83580.68 5100.5 20796.03 80880.68 5100.5 20796.03 83580.68 100.5 20796.03 80880.68 100.5 19696.03 83580.68 5100.5 19696.03 83580.68 100.5 19696.03 80880.68 5100.5 19696.03 80880.68 100.5</float_array>
          <technique_common>
            <accessor source="#HAMR3_Sim_Map_-_RACK-91_003-mesh-positions-array" count="8" stride="3">
              <param name="X" type="float"/>
              <param name="Y" type="float"/>
              <param name="Z" type="float"/>
            </accessor>
          </technique_common>
        </source>
        <source id="HAMR3_Sim_Map_-_RACK-91_003-mesh-normals">
          <float_array id="HAMR3_Sim_Map_-_RACK-91_003-mesh-normals-array" count="36">1 0 0 1 0 0 0 1 0 0 1 0 -1 0 0 -1 0 0 0 -1 0 0 -1 0 0 0 1 0 0 1 0 0 -1 0 0 -1</float_array>
          <technique_common>
            <accessor source="#HAMR3_Sim_Map_-_RACK-91_003-mesh-normals-array" count="12" stride="3">
              <param name="X" type="float"/>
              <param name="Y" type="float"/>
              <param name="Z" type="float"/>
            </accessor>
          </technique_common>
        </source>
        <vertices id="HAMR3_Sim_Map_-_RACK-91_003-mesh-vertices">
          <input semantic="POSITION" source="#HAMR3_Sim_Map_-_RACK-91_003-mesh-positions"/>
        </vertices>
        <triangles material="Material_017-material" count="12">
          <input semantic="VERTEX" source="#HAMR3_Sim_Map_-_RACK-91_003-mesh-vertices" offset="0"/>
          <input semantic="NORMAL" source="#HAMR3_Sim_Map_-_RACK-91_003-mesh-normals" offset="1"/>
          <p>0 0 1 0 2 0 2 1 1 1 3 1 4 2 0 2 5 2 5 3 0 3 2 3 6 4 4 4 7 4 7 5 4 5 5 5 1 6 6 6 3 6 3 7 6 7 7 7 4 8 6 8 0 8 0 9 6 9 1 9 7 10 5 10 3 10 3 11 5 11 2 11</p>
        </triangles>
      </mesh>
    </geometry>
    <geometry id="HAMR3_Sim_Map_-_RACK-90_003-mesh" name="HAMR3_Sim_Map - RACK-90.003">
      <mesh>
        <source id="HAMR3_Sim_Map_-_RACK-90_003-mesh-positions">
          <float_array id="HAMR3_Sim_Map_-_RACK-90_003-mesh-positions-array" count="24">20796.03 80880.68 5100.5 20796.03 78180.68 5100.5 20796.03 80880.68 100.5 20796.03 78180.68 100.5 19696.03 80880.68 5100.5 19696.03 80880.68 100.5 19696.03 78180.68 5100.5 19696.03 78180.68 100.5</float_array>
          <technique_common>
            <accessor source="#HAMR3_Sim_Map_-_RACK-90_003-mesh-positions-array" count="8" stride="3">
              <param name="X" type="float"/>
              <param name="Y" type="float"/>
              <param name="Z" type="float"/>
            </accessor>
          </technique_common>
        </source>
        <source id="HAMR3_Sim_Map_-_RACK-90_003-mesh-normals">
          <float_array id="HAMR3_Sim_Map_-_RACK-90_003-mesh-normals-array" count="36">1 0 0 1 0 0 0 1 0 0 1 0 -1 0 0 -1 0 0 0 -1 0 0 -1 0 0 0 1 0 0 1 0 0 -1 0 0 -1</float_array>
          <technique_common>
            <accessor source="#HAMR3_Sim_Map_-_RACK-90_003-mesh-normals-array" count="12" stride="3">
              <param name="X" type="float"/>
              <param name="Y" type="float"/>
              <param name="Z" type="float"/>
            </accessor>
          </technique_common>
        </source>
        <vertices id="HAMR3_Sim_Map_-_RACK-90_003-mesh-vertices">
          <input semantic="POSITION" source="#HAMR3_Sim_Map_-_RACK-90_003-mesh-positions"/>
        </vertices>
        <triangles material="Material_017-material" count="12">
          <input semantic="VERTEX" source="#HAMR3_Sim_Map_-_RACK-90_003-mesh-vertices" offset="0"/>
          <input semantic="NORMAL" source="#HAMR3_Sim_Map_-_RACK-90_003-mesh-normals" offset="1"/>
          <p>0 0 1 0 2 0 2 1 1 1 3 1 4 2 0 2 5 2 5 3 0 3 2 3 6 4 4 4 7 4 7 5 4 5 5 5 1 6 6 6 3 6 3 7 6 7 7 7 4 8 6 8 0 8 0 9 6 9 1 9 7 10 5 10 3 10 3 11 5 11 2 11</p>
        </triangles>
      </mesh>
    </geometry>
    <geometry id="HAMR3_Sim_Map_-_RACK-89_003-mesh" name="HAMR3_Sim_Map - RACK-89.003">
      <mesh>
        <source id="HAMR3_Sim_Map_-_RACK-89_003-mesh-positions">
          <float_array id="HAMR3_Sim_Map_-_RACK-89_003-mesh-positions-array" count="24">20796.03 78180.68 5100.5 20796.03 75480.68 5100.5 20796.03 78180.68 100.5 20796.03 75480.68 100.5 19696.03 78180.68 5100.5 19696.03 78180.68 100.5 19696.03 75480.68 5100.5 19696.03 75480.68 100.5</float_array>
          <technique_common>
            <accessor source="#HAMR3_Sim_Map_-_RACK-89_003-mesh-positions-array" count="8" stride="3">
              <param name="X" type="float"/>
              <param name="Y" type="float"/>
              <param name="Z" type="float"/>
            </accessor>
          </technique_common>
        </source>
        <source id="HAMR3_Sim_Map_-_RACK-89_003-mesh-normals">
          <float_array id="HAMR3_Sim_Map_-_RACK-89_003-mesh-normals-array" count="36">1 0 0 1 0 0 0 1 0 0 1 0 -1 0 0 -1 0 0 0 -1 0 0 -1 0 0 0 1 0 0 1 0 0 -1 0 0 -1</float_array>
          <technique_common>
            <accessor source="#HAMR3_Sim_Map_-_RACK-89_003-mesh-normals-array" count="12" stride="3">
              <param name="X" type="float"/>
              <param name="Y" type="float"/>
              <param name="Z" type="float"/>
            </accessor>
          </technique_common>
        </source>
        <vertices id="HAMR3_Sim_Map_-_RACK-89_003-mesh-vertices">
          <input semantic="POSITION" source="#HAMR3_Sim_Map_-_RACK-89_003-mesh-positions"/>
        </vertices>
        <triangles material="Material_017-material" count="12">
          <input semantic="VERTEX" source="#HAMR3_Sim_Map_-_RACK-89_003-mesh-vertices" offset="0"/>
          <input semantic="NORMAL" source="#HAMR3_Sim_Map_-_RACK-89_003-mesh-normals" offset="1"/>
          <p>0 0 1 0 2 0 2 1 1 1 3 1 4 2 0 2 5 2 5 3 0 3 2 3 6 4 4 4 7 4 7 5 4 5 5 5 1 6 6 6 3 6 3 7 6 7 7 7 4 8 6 8 0 8 0 9 6 9 1 9 7 10 5 10 3 10 3 11 5 11 2 11</p>
        </triangles>
      </mesh>
    </geometry>
    <geometry id="HAMR3_Sim_Map_-_RACK-88_003-mesh" name="HAMR3_Sim_Map - RACK-88.003">
      <mesh>
        <source id="HAMR3_Sim_Map_-_RACK-88_003-mesh-positions">
          <float_array id="HAMR3_Sim_Map_-_RACK-88_003-mesh-positions-array" count="24">20796.03 75480.68 5100.5 20796.03 72780.68 5100.5 20796.03 75480.68 100.5 20796.03 72780.68 100.5 19696.03 75480.68 5100.5 19696.03 75480.68 100.5 19696.03 72780.68 5100.5 19696.03 72780.68 100.5</float_array>
          <technique_common>
            <accessor source="#HAMR3_Sim_Map_-_RACK-88_003-mesh-positions-array" count="8" stride="3">
              <param name="X" type="float"/>
              <param name="Y" type="float"/>
              <param name="Z" type="float"/>
            </accessor>
          </technique_common>
        </source>
        <source id="HAMR3_Sim_Map_-_RACK-88_003-mesh-normals">
          <float_array id="HAMR3_Sim_Map_-_RACK-88_003-mesh-normals-array" count="36">1 0 0 1 0 0 0 1 0 0 1 0 -1 0 0 -1 0 0 0 -1 0 0 -1 0 0 0 1 0 0 1 0 0 -1 0 0 -1</float_array>
          <technique_common>
            <accessor source="#HAMR3_Sim_Map_-_RACK-88_003-mesh-normals-array" count="12" stride="3">
              <param name="X" type="float"/>
              <param name="Y" type="float"/>
              <param name="Z" type="float"/>
            </accessor>
          </technique_common>
        </source>
        <vertices id="HAMR3_Sim_Map_-_RACK-88_003-mesh-vertices">
          <input semantic="POSITION" source="#HAMR3_Sim_Map_-_RACK-88_003-mesh-positions"/>
        </vertices>
        <triangles material="Material_017-material" count="12">
          <input semantic="VERTEX" source="#HAMR3_Sim_Map_-_RACK-88_003-mesh-vertices" offset="0"/>
          <input semantic="NORMAL" source="#HAMR3_Sim_Map_-_RACK-88_003-mesh-normals" offset="1"/>
          <p>0 0 1 0 2 0 2 1 1 1 3 1 4 2 0 2 5 2 5 3 0 3 2 3 6 4 4 4 7 4 7 5 4 5 5 5 1 6 6 6 3 6 3 7 6 7 7 7 4 8 6 8 0 8 0 9 6 9 1 9 7 10 5 10 3 10 3 11 5 11 2 11</p>
        </triangles>
      </mesh>
    </geometry>
    <geometry id="HAMR3_Sim_Map_-_RACK-87_003-mesh" name="HAMR3_Sim_Map - RACK-87.003">
      <mesh>
        <source id="HAMR3_Sim_Map_-_RACK-87_003-mesh-positions">
          <float_array id="HAMR3_Sim_Map_-_RACK-87_003-mesh-positions-array" count="24">20796.03 72780.68 5100.5 20796.03 70080.68 5100.5 20796.03 72780.68 100.5 20796.03 70080.68 100.5 19696.03 72780.68 5100.5 19696.03 72780.68 100.5 19696.03 70080.68 5100.5 19696.03 70080.68 100.5</float_array>
          <technique_common>
            <accessor source="#HAMR3_Sim_Map_-_RACK-87_003-mesh-positions-array" count="8" stride="3">
              <param name="X" type="float"/>
              <param name="Y" type="float"/>
              <param name="Z" type="float"/>
            </accessor>
          </technique_common>
        </source>
        <source id="HAMR3_Sim_Map_-_RACK-87_003-mesh-normals">
          <float_array id="HAMR3_Sim_Map_-_RACK-87_003-mesh-normals-array" count="36">1 0 0 1 0 0 0 1 0 0 1 0 -1 0 0 -1 0 0 0 -1 0 0 -1 0 0 0 1 0 0 1 0 0 -1 0 0 -1</float_array>
          <technique_common>
            <accessor source="#HAMR3_Sim_Map_-_RACK-87_003-mesh-normals-array" count="12" stride="3">
              <param name="X" type="float"/>
              <param name="Y" type="float"/>
              <param name="Z" type="float"/>
            </accessor>
          </technique_common>
        </source>
        <vertices id="HAMR3_Sim_Map_-_RACK-87_003-mesh-vertices">
          <input semantic="POSITION" source="#HAMR3_Sim_Map_-_RACK-87_003-mesh-positions"/>
        </vertices>
        <triangles material="Material_017-material" count="12">
          <input semantic="VERTEX" source="#HAMR3_Sim_Map_-_RACK-87_003-mesh-vertices" offset="0"/>
          <input semantic="NORMAL" source="#HAMR3_Sim_Map_-_RACK-87_003-mesh-normals" offset="1"/>
          <p>0 0 1 0 2 0 2 1 1 1 3 1 4 2 0 2 5 2 5 3 0 3 2 3 6 4 4 4 7 4 7 5 4 5 5 5 1 6 6 6 3 6 3 7 6 7 7 7 4 8 6 8 0 8 0 9 6 9 1 9 7 10 5 10 3 10 3 11 5 11 2 11</p>
        </triangles>
      </mesh>
    </geometry>
    <geometry id="HAMR3_Sim_Map_-_RACK-86_003-mesh" name="HAMR3_Sim_Map - RACK-86.003">
      <mesh>
        <source id="HAMR3_Sim_Map_-_RACK-86_003-mesh-positions">
          <float_array id="HAMR3_Sim_Map_-_RACK-86_003-mesh-positions-array" count="24">20796.03 70080.68 5100.5 20796.03 67380.68 5100.5 20796.03 70080.68 100.5 20796.03 67380.68 100.5 19696.03 70080.68 5100.5 19696.03 70080.68 100.5 19696.03 67380.68 5100.5 19696.03 67380.68 100.5</float_array>
          <technique_common>
            <accessor source="#HAMR3_Sim_Map_-_RACK-86_003-mesh-positions-array" count="8" stride="3">
              <param name="X" type="float"/>
              <param name="Y" type="float"/>
              <param name="Z" type="float"/>
            </accessor>
          </technique_common>
        </source>
        <source id="HAMR3_Sim_Map_-_RACK-86_003-mesh-normals">
          <float_array id="HAMR3_Sim_Map_-_RACK-86_003-mesh-normals-array" count="36">1 0 0 1 0 0 0 1 0 0 1 0 -1 0 0 -1 0 0 0 -1 0 0 -1 0 0 0 1 0 0 1 0 0 -1 0 0 -1</float_array>
          <technique_common>
            <accessor source="#HAMR3_Sim_Map_-_RACK-86_003-mesh-normals-array" count="12" stride="3">
              <param name="X" type="float"/>
              <param name="Y" type="float"/>
              <param name="Z" type="float"/>
            </accessor>
          </technique_common>
        </source>
        <vertices id="HAMR3_Sim_Map_-_RACK-86_003-mesh-vertices">
          <input semantic="POSITION" source="#HAMR3_Sim_Map_-_RACK-86_003-mesh-positions"/>
        </vertices>
        <triangles material="Material_017-material" count="12">
          <input semantic="VERTEX" source="#HAMR3_Sim_Map_-_RACK-86_003-mesh-vertices" offset="0"/>
          <input semantic="NORMAL" source="#HAMR3_Sim_Map_-_RACK-86_003-mesh-normals" offset="1"/>
          <p>0 0 1 0 2 0 2 1 1 1 3 1 4 2 0 2 5 2 5 3 0 3 2 3 6 4 4 4 7 4 7 5 4 5 5 5 1 6 6 6 3 6 3 7 6 7 7 7 4 8 6 8 0 8 0 9 6 9 1 9 7 10 5 10 3 10 3 11 5 11 2 11</p>
        </triangles>
      </mesh>
    </geometry>
    <geometry id="HAMR3_Sim_Map_-_RACK-85_003-mesh" name="HAMR3_Sim_Map - RACK-85.003">
      <mesh>
        <source id="HAMR3_Sim_Map_-_RACK-85_003-mesh-positions">
          <float_array id="HAMR3_Sim_Map_-_RACK-85_003-mesh-positions-array" count="24">20796.03 67380.68 5100.5 20796.03 64680.67 5100.5 20796.03 67380.68 100.5 20796.03 64680.67 100.5 19696.03 67380.68 5100.5 19696.03 67380.68 100.5 19696.03 64680.67 5100.5 19696.03 64680.67 100.5</float_array>
          <technique_common>
            <accessor source="#HAMR3_Sim_Map_-_RACK-85_003-mesh-positions-array" count="8" stride="3">
              <param name="X" type="float"/>
              <param name="Y" type="float"/>
              <param name="Z" type="float"/>
            </accessor>
          </technique_common>
        </source>
        <source id="HAMR3_Sim_Map_-_RACK-85_003-mesh-normals">
          <float_array id="HAMR3_Sim_Map_-_RACK-85_003-mesh-normals-array" count="36">1 0 0 1 0 0 0 1 0 0 1 0 -1 0 0 -1 0 0 0 -1 0 0 -1 0 0 0 1 0 0 1 0 0 -1 0 0 -1</float_array>
          <technique_common>
            <accessor source="#HAMR3_Sim_Map_-_RACK-85_003-mesh-normals-array" count="12" stride="3">
              <param name="X" type="float"/>
              <param name="Y" type="float"/>
              <param name="Z" type="float"/>
            </accessor>
          </technique_common>
        </source>
        <vertices id="HAMR3_Sim_Map_-_RACK-85_003-mesh-vertices">
          <input semantic="POSITION" source="#HAMR3_Sim_Map_-_RACK-85_003-mesh-positions"/>
        </vertices>
        <triangles material="Material_017-material" count="12">
          <input semantic="VERTEX" source="#HAMR3_Sim_Map_-_RACK-85_003-mesh-vertices" offset="0"/>
          <input semantic="NORMAL" source="#HAMR3_Sim_Map_-_RACK-85_003-mesh-normals" offset="1"/>
          <p>0 0 1 0 2 0 2 1 1 1 3 1 4 2 0 2 5 2 5 3 0 3 2 3 6 4 4 4 7 4 7 5 4 5 5 5 1 6 6 6 3 6 3 7 6 7 7 7 4 8 6 8 0 8 0 9 6 9 1 9 7 10 5 10 3 10 3 11 5 11 2 11</p>
        </triangles>
      </mesh>
    </geometry>
    <geometry id="HAMR3_Sim_Map_-_RACK-84_003-mesh" name="HAMR3_Sim_Map - RACK-84.003">
      <mesh>
        <source id="HAMR3_Sim_Map_-_RACK-84_003-mesh-positions">
          <float_array id="HAMR3_Sim_Map_-_RACK-84_003-mesh-positions-array" count="24">15824.06 78180.68 5100.5 15824.06 75480.68 5100.5 15824.06 78180.68 100.5 15824.06 75480.68 100.5 14724.06 78180.68 5100.5 14724.06 78180.68 100.5 14724.06 75480.68 5100.5 14724.06 75480.68 100.5</float_array>
          <technique_common>
            <accessor source="#HAMR3_Sim_Map_-_RACK-84_003-mesh-positions-array" count="8" stride="3">
              <param name="X" type="float"/>
              <param name="Y" type="float"/>
              <param name="Z" type="float"/>
            </accessor>
          </technique_common>
        </source>
        <source id="HAMR3_Sim_Map_-_RACK-84_003-mesh-normals">
          <float_array id="HAMR3_Sim_Map_-_RACK-84_003-mesh-normals-array" count="36">1 0 0 1 0 0 0 1 0 0 1 0 -1 0 0 -1 0 0 0 -1 0 0 -1 0 0 0 1 0 0 1 0 0 -1 0 0 -1</float_array>
          <technique_common>
            <accessor source="#HAMR3_Sim_Map_-_RACK-84_003-mesh-normals-array" count="12" stride="3">
              <param name="X" type="float"/>
              <param name="Y" type="float"/>
              <param name="Z" type="float"/>
            </accessor>
          </technique_common>
        </source>
        <vertices id="HAMR3_Sim_Map_-_RACK-84_003-mesh-vertices">
          <input semantic="POSITION" source="#HAMR3_Sim_Map_-_RACK-84_003-mesh-positions"/>
        </vertices>
        <triangles material="Material_017-material" count="12">
          <input semantic="VERTEX" source="#HAMR3_Sim_Map_-_RACK-84_003-mesh-vertices" offset="0"/>
          <input semantic="NORMAL" source="#HAMR3_Sim_Map_-_RACK-84_003-mesh-normals" offset="1"/>
          <p>0 0 1 0 2 0 2 1 1 1 3 1 4 2 0 2 5 2 5 3 0 3 2 3 6 4 4 4 7 4 7 5 4 5 5 5 1 6 6 6 3 6 3 7 6 7 7 7 4 8 6 8 0 8 0 9 6 9 1 9 7 10 5 10 3 10 3 11 5 11 2 11</p>
        </triangles>
      </mesh>
    </geometry>
    <geometry id="HAMR3_Sim_Map_-_RACK-83_003-mesh" name="HAMR3_Sim_Map - RACK-83.003">
      <mesh>
        <source id="HAMR3_Sim_Map_-_RACK-83_003-mesh-positions">
          <float_array id="HAMR3_Sim_Map_-_RACK-83_003-mesh-positions-array" count="24">15824.06 86280.68 5100.5 15824.06 83580.68 5100.5 15824.06 86280.68 100.5 15824.06 83580.68 100.5 14724.06 86280.68 5100.5 14724.06 86280.68 100.5 14724.06 83580.68 5100.5 14724.06 83580.68 100.5</float_array>
          <technique_common>
            <accessor source="#HAMR3_Sim_Map_-_RACK-83_003-mesh-positions-array" count="8" stride="3">
              <param name="X" type="float"/>
              <param name="Y" type="float"/>
              <param name="Z" type="float"/>
            </accessor>
          </technique_common>
        </source>
        <source id="HAMR3_Sim_Map_-_RACK-83_003-mesh-normals">
          <float_array id="HAMR3_Sim_Map_-_RACK-83_003-mesh-normals-array" count="36">1 0 0 1 0 0 0 1 0 0 1 0 -1 0 0 -1 0 0 0 -1 0 0 -1 0 0 0 1 0 0 1 0 0 -1 0 0 -1</float_array>
          <technique_common>
            <accessor source="#HAMR3_Sim_Map_-_RACK-83_003-mesh-normals-array" count="12" stride="3">
              <param name="X" type="float"/>
              <param name="Y" type="float"/>
              <param name="Z" type="float"/>
            </accessor>
          </technique_common>
        </source>
        <vertices id="HAMR3_Sim_Map_-_RACK-83_003-mesh-vertices">
          <input semantic="POSITION" source="#HAMR3_Sim_Map_-_RACK-83_003-mesh-positions"/>
        </vertices>
        <triangles material="Material_017-material" count="12">
          <input semantic="VERTEX" source="#HAMR3_Sim_Map_-_RACK-83_003-mesh-vertices" offset="0"/>
          <input semantic="NORMAL" source="#HAMR3_Sim_Map_-_RACK-83_003-mesh-normals" offset="1"/>
          <p>0 0 1 0 2 0 2 1 1 1 3 1 4 2 0 2 5 2 5 3 0 3 2 3 6 4 4 4 7 4 7 5 4 5 5 5 1 6 6 6 3 6 3 7 6 7 7 7 4 8 6 8 0 8 0 9 6 9 1 9 7 10 5 10 3 10 3 11 5 11 2 11</p>
        </triangles>
      </mesh>
    </geometry>
    <geometry id="HAMR3_Sim_Map_-_RACK-82_003-mesh" name="HAMR3_Sim_Map - RACK-82.003">
      <mesh>
        <source id="HAMR3_Sim_Map_-_RACK-82_003-mesh-positions">
          <float_array id="HAMR3_Sim_Map_-_RACK-82_003-mesh-positions-array" count="24">15824.06 83580.68 5100.5 15824.06 80880.68 5100.5 15824.06 83580.68 100.5 15824.06 80880.68 100.5 14724.06 83580.68 5100.5 14724.06 83580.68 100.5 14724.06 80880.68 5100.5 14724.06 80880.68 100.5</float_array>
          <technique_common>
            <accessor source="#HAMR3_Sim_Map_-_RACK-82_003-mesh-positions-array" count="8" stride="3">
              <param name="X" type="float"/>
              <param name="Y" type="float"/>
              <param name="Z" type="float"/>
            </accessor>
          </technique_common>
        </source>
        <source id="HAMR3_Sim_Map_-_RACK-82_003-mesh-normals">
          <float_array id="HAMR3_Sim_Map_-_RACK-82_003-mesh-normals-array" count="36">1 0 0 1 0 0 0 1 0 0 1 0 -1 0 0 -1 0 0 0 -1 0 0 -1 0 0 0 1 0 0 1 0 0 -1 0 0 -1</float_array>
          <technique_common>
            <accessor source="#HAMR3_Sim_Map_-_RACK-82_003-mesh-normals-array" count="12" stride="3">
              <param name="X" type="float"/>
              <param name="Y" type="float"/>
              <param name="Z" type="float"/>
            </accessor>
          </technique_common>
        </source>
        <vertices id="HAMR3_Sim_Map_-_RACK-82_003-mesh-vertices">
          <input semantic="POSITION" source="#HAMR3_Sim_Map_-_RACK-82_003-mesh-positions"/>
        </vertices>
        <triangles material="Material_017-material" count="12">
          <input semantic="VERTEX" source="#HAMR3_Sim_Map_-_RACK-82_003-mesh-vertices" offset="0"/>
          <input semantic="NORMAL" source="#HAMR3_Sim_Map_-_RACK-82_003-mesh-normals" offset="1"/>
          <p>0 0 1 0 2 0 2 1 1 1 3 1 4 2 0 2 5 2 5 3 0 3 2 3 6 4 4 4 7 4 7 5 4 5 5 5 1 6 6 6 3 6 3 7 6 7 7 7 4 8 6 8 0 8 0 9 6 9 1 9 7 10 5 10 3 10 3 11 5 11 2 11</p>
        </triangles>
      </mesh>
    </geometry>
    <geometry id="HAMR3_Sim_Map_-_RACK-81_003-mesh" name="HAMR3_Sim_Map - RACK-81.003">
      <mesh>
        <source id="HAMR3_Sim_Map_-_RACK-81_003-mesh-positions">
          <float_array id="HAMR3_Sim_Map_-_RACK-81_003-mesh-positions-array" count="24">15824.06 80880.68 5100.5 15824.06 78180.68 5100.5 15824.06 80880.68 100.5 15824.06 78180.68 100.5 14724.06 80880.68 5100.5 14724.06 80880.68 100.5 14724.06 78180.68 5100.5 14724.06 78180.68 100.5</float_array>
          <technique_common>
            <accessor source="#HAMR3_Sim_Map_-_RACK-81_003-mesh-positions-array" count="8" stride="3">
              <param name="X" type="float"/>
              <param name="Y" type="float"/>
              <param name="Z" type="float"/>
            </accessor>
          </technique_common>
        </source>
        <source id="HAMR3_Sim_Map_-_RACK-81_003-mesh-normals">
          <float_array id="HAMR3_Sim_Map_-_RACK-81_003-mesh-normals-array" count="36">1 0 0 1 0 0 0 1 0 0 1 0 -1 0 0 -1 0 0 0 -1 0 0 -1 0 0 0 1 0 0 1 0 0 -1 0 0 -1</float_array>
          <technique_common>
            <accessor source="#HAMR3_Sim_Map_-_RACK-81_003-mesh-normals-array" count="12" stride="3">
              <param name="X" type="float"/>
              <param name="Y" type="float"/>
              <param name="Z" type="float"/>
            </accessor>
          </technique_common>
        </source>
        <vertices id="HAMR3_Sim_Map_-_RACK-81_003-mesh-vertices">
          <input semantic="POSITION" source="#HAMR3_Sim_Map_-_RACK-81_003-mesh-positions"/>
        </vertices>
        <triangles material="Material_017-material" count="12">
          <input semantic="VERTEX" source="#HAMR3_Sim_Map_-_RACK-81_003-mesh-vertices" offset="0"/>
          <input semantic="NORMAL" source="#HAMR3_Sim_Map_-_RACK-81_003-mesh-normals" offset="1"/>
          <p>0 0 1 0 2 0 2 1 1 1 3 1 4 2 0 2 5 2 5 3 0 3 2 3 6 4 4 4 7 4 7 5 4 5 5 5 1 6 6 6 3 6 3 7 6 7 7 7 4 8 6 8 0 8 0 9 6 9 1 9 7 10 5 10 3 10 3 11 5 11 2 11</p>
        </triangles>
      </mesh>
    </geometry>
    <geometry id="HAMR3_Sim_Map_-_RACK-80_003-mesh" name="HAMR3_Sim_Map - RACK-80.003">
      <mesh>
        <source id="HAMR3_Sim_Map_-_RACK-80_003-mesh-positions">
          <float_array id="HAMR3_Sim_Map_-_RACK-80_003-mesh-positions-array" count="24">15824.06 75480.68 5100.5 15824.06 72780.68 5100.5 15824.06 75480.68 100.5 15824.06 72780.68 100.5 14724.06 75480.68 5100.5 14724.06 75480.68 100.5 14724.06 72780.68 5100.5 14724.06 72780.68 100.5</float_array>
          <technique_common>
            <accessor source="#HAMR3_Sim_Map_-_RACK-80_003-mesh-positions-array" count="8" stride="3">
              <param name="X" type="float"/>
              <param name="Y" type="float"/>
              <param name="Z" type="float"/>
            </accessor>
          </technique_common>
        </source>
        <source id="HAMR3_Sim_Map_-_RACK-80_003-mesh-normals">
          <float_array id="HAMR3_Sim_Map_-_RACK-80_003-mesh-normals-array" count="36">1 0 0 1 0 0 0 1 0 0 1 0 -1 0 0 -1 0 0 0 -1 0 0 -1 0 0 0 1 0 0 1 0 0 -1 0 0 -1</float_array>
          <technique_common>
            <accessor source="#HAMR3_Sim_Map_-_RACK-80_003-mesh-normals-array" count="12" stride="3">
              <param name="X" type="float"/>
              <param name="Y" type="float"/>
              <param name="Z" type="float"/>
            </accessor>
          </technique_common>
        </source>
        <vertices id="HAMR3_Sim_Map_-_RACK-80_003-mesh-vertices">
          <input semantic="POSITION" source="#HAMR3_Sim_Map_-_RACK-80_003-mesh-positions"/>
        </vertices>
        <triangles material="Material_017-material" count="12">
          <input semantic="VERTEX" source="#HAMR3_Sim_Map_-_RACK-80_003-mesh-vertices" offset="0"/>
          <input semantic="NORMAL" source="#HAMR3_Sim_Map_-_RACK-80_003-mesh-normals" offset="1"/>
          <p>0 0 1 0 2 0 2 1 1 1 3 1 4 2 0 2 5 2 5 3 0 3 2 3 6 4 4 4 7 4 7 5 4 5 5 5 1 6 6 6 3 6 3 7 6 7 7 7 4 8 6 8 0 8 0 9 6 9 1 9 7 10 5 10 3 10 3 11 5 11 2 11</p>
        </triangles>
      </mesh>
    </geometry>
    <geometry id="HAMR3_Sim_Map_-_RACK-79_003-mesh" name="HAMR3_Sim_Map - RACK-79.003">
      <mesh>
        <source id="HAMR3_Sim_Map_-_RACK-79_003-mesh-positions">
          <float_array id="HAMR3_Sim_Map_-_RACK-79_003-mesh-positions-array" count="24">15824.06 72780.68 5100.5 15824.06 70080.68 5100.5 15824.06 72780.68 100.5 15824.06 70080.68 100.5 14724.06 72780.68 5100.5 14724.06 72780.68 100.5 14724.06 70080.68 5100.5 14724.06 70080.68 100.5</float_array>
          <technique_common>
            <accessor source="#HAMR3_Sim_Map_-_RACK-79_003-mesh-positions-array" count="8" stride="3">
              <param name="X" type="float"/>
              <param name="Y" type="float"/>
              <param name="Z" type="float"/>
            </accessor>
          </technique_common>
        </source>
        <source id="HAMR3_Sim_Map_-_RACK-79_003-mesh-normals">
          <float_array id="HAMR3_Sim_Map_-_RACK-79_003-mesh-normals-array" count="36">1 0 0 1 0 0 0 1 0 0 1 0 -1 0 0 -1 0 0 0 -1 0 0 -1 0 0 0 1 0 0 1 0 0 -1 0 0 -1</float_array>
          <technique_common>
            <accessor source="#HAMR3_Sim_Map_-_RACK-79_003-mesh-normals-array" count="12" stride="3">
              <param name="X" type="float"/>
              <param name="Y" type="float"/>
              <param name="Z" type="float"/>
            </accessor>
          </technique_common>
        </source>
        <vertices id="HAMR3_Sim_Map_-_RACK-79_003-mesh-vertices">
          <input semantic="POSITION" source="#HAMR3_Sim_Map_-_RACK-79_003-mesh-positions"/>
        </vertices>
        <triangles material="Material_017-material" count="12">
          <input semantic="VERTEX" source="#HAMR3_Sim_Map_-_RACK-79_003-mesh-vertices" offset="0"/>
          <input semantic="NORMAL" source="#HAMR3_Sim_Map_-_RACK-79_003-mesh-normals" offset="1"/>
          <p>0 0 1 0 2 0 2 1 1 1 3 1 4 2 0 2 5 2 5 3 0 3 2 3 6 4 4 4 7 4 7 5 4 5 5 5 1 6 6 6 3 6 3 7 6 7 7 7 4 8 6 8 0 8 0 9 6 9 1 9 7 10 5 10 3 10 3 11 5 11 2 11</p>
        </triangles>
      </mesh>
    </geometry>
    <geometry id="HAMR3_Sim_Map_-_RACK-78_003-mesh" name="HAMR3_Sim_Map - RACK-78.003">
      <mesh>
        <source id="HAMR3_Sim_Map_-_RACK-78_003-mesh-positions">
          <float_array id="HAMR3_Sim_Map_-_RACK-78_003-mesh-positions-array" count="24">15824.06 70080.68 5100.5 15824.06 67380.68 5100.5 15824.06 70080.68 100.5 15824.06 67380.68 100.5 14724.06 70080.68 5100.5 14724.06 70080.68 100.5 14724.06 67380.68 5100.5 14724.06 67380.68 100.5</float_array>
          <technique_common>
            <accessor source="#HAMR3_Sim_Map_-_RACK-78_003-mesh-positions-array" count="8" stride="3">
              <param name="X" type="float"/>
              <param name="Y" type="float"/>
              <param name="Z" type="float"/>
            </accessor>
          </technique_common>
        </source>
        <source id="HAMR3_Sim_Map_-_RACK-78_003-mesh-normals">
          <float_array id="HAMR3_Sim_Map_-_RACK-78_003-mesh-normals-array" count="36">1 0 0 1 0 0 0 1 0 0 1 0 -1 0 0 -1 0 0 0 -1 0 0 -1 0 0 0 1 0 0 1 0 0 -1 0 0 -1</float_array>
          <technique_common>
            <accessor source="#HAMR3_Sim_Map_-_RACK-78_003-mesh-normals-array" count="12" stride="3">
              <param name="X" type="float"/>
              <param name="Y" type="float"/>
              <param name="Z" type="float"/>
            </accessor>
          </technique_common>
        </source>
        <vertices id="HAMR3_Sim_Map_-_RACK-78_003-mesh-vertices">
          <input semantic="POSITION" source="#HAMR3_Sim_Map_-_RACK-78_003-mesh-positions"/>
        </vertices>
        <triangles material="Material_017-material" count="12">
          <input semantic="VERTEX" source="#HAMR3_Sim_Map_-_RACK-78_003-mesh-vertices" offset="0"/>
          <input semantic="NORMAL" source="#HAMR3_Sim_Map_-_RACK-78_003-mesh-normals" offset="1"/>
          <p>0 0 1 0 2 0 2 1 1 1 3 1 4 2 0 2 5 2 5 3 0 3 2 3 6 4 4 4 7 4 7 5 4 5 5 5 1 6 6 6 3 6 3 7 6 7 7 7 4 8 6 8 0 8 0 9 6 9 1 9 7 10 5 10 3 10 3 11 5 11 2 11</p>
        </triangles>
      </mesh>
    </geometry>
    <geometry id="HAMR3_Sim_Map_-_RACK-77_003-mesh" name="HAMR3_Sim_Map - RACK-77.003">
      <mesh>
        <source id="HAMR3_Sim_Map_-_RACK-77_003-mesh-positions">
          <float_array id="HAMR3_Sim_Map_-_RACK-77_003-mesh-positions-array" count="24">15824.06 67380.68 5100.5 15824.06 64680.67 5100.5 15824.06 67380.68 100.5 15824.06 64680.67 100.5 14724.06 67380.68 5100.5 14724.06 67380.68 100.5 14724.06 64680.67 5100.5 14724.06 64680.67 100.5</float_array>
          <technique_common>
            <accessor source="#HAMR3_Sim_Map_-_RACK-77_003-mesh-positions-array" count="8" stride="3">
              <param name="X" type="float"/>
              <param name="Y" type="float"/>
              <param name="Z" type="float"/>
            </accessor>
          </technique_common>
        </source>
        <source id="HAMR3_Sim_Map_-_RACK-77_003-mesh-normals">
          <float_array id="HAMR3_Sim_Map_-_RACK-77_003-mesh-normals-array" count="36">1 0 0 1 0 0 0 1 0 0 1 0 -1 0 0 -1 0 0 0 -1 0 0 -1 0 0 0 1 0 0 1 0 0 -1 0 0 -1</float_array>
          <technique_common>
            <accessor source="#HAMR3_Sim_Map_-_RACK-77_003-mesh-normals-array" count="12" stride="3">
              <param name="X" type="float"/>
              <param name="Y" type="float"/>
              <param name="Z" type="float"/>
            </accessor>
          </technique_common>
        </source>
        <vertices id="HAMR3_Sim_Map_-_RACK-77_003-mesh-vertices">
          <input semantic="POSITION" source="#HAMR3_Sim_Map_-_RACK-77_003-mesh-positions"/>
        </vertices>
        <triangles material="Material_017-material" count="12">
          <input semantic="VERTEX" source="#HAMR3_Sim_Map_-_RACK-77_003-mesh-vertices" offset="0"/>
          <input semantic="NORMAL" source="#HAMR3_Sim_Map_-_RACK-77_003-mesh-normals" offset="1"/>
          <p>0 0 1 0 2 0 2 1 1 1 3 1 4 2 0 2 5 2 5 3 0 3 2 3 6 4 4 4 7 4 7 5 4 5 5 5 1 6 6 6 3 6 3 7 6 7 7 7 4 8 6 8 0 8 0 9 6 9 1 9 7 10 5 10 3 10 3 11 5 11 2 11</p>
        </triangles>
      </mesh>
    </geometry>
    <geometry id="HAMR3_Sim_Map_-_RACK-76_003-mesh" name="HAMR3_Sim_Map - RACK-76.003">
      <mesh>
        <source id="HAMR3_Sim_Map_-_RACK-76_003-mesh-positions">
          <float_array id="HAMR3_Sim_Map_-_RACK-76_003-mesh-positions-array" count="24">14724.06 86280.68 5100.5 14724.06 83580.68 5100.5 14724.06 86280.68 100.5 14724.06 83580.68 100.5 13624.06 86280.68 5100.5 13624.06 86280.68 100.5 13624.06 83580.68 5100.5 13624.06 83580.68 100.5</float_array>
          <technique_common>
            <accessor source="#HAMR3_Sim_Map_-_RACK-76_003-mesh-positions-array" count="8" stride="3">
              <param name="X" type="float"/>
              <param name="Y" type="float"/>
              <param name="Z" type="float"/>
            </accessor>
          </technique_common>
        </source>
        <source id="HAMR3_Sim_Map_-_RACK-76_003-mesh-normals">
          <float_array id="HAMR3_Sim_Map_-_RACK-76_003-mesh-normals-array" count="36">1 0 0 1 0 0 0 1 0 0 1 0 -1 0 0 -1 0 0 0 -1 0 0 -1 0 0 0 1 0 0 1 0 0 -1 0 0 -1</float_array>
          <technique_common>
            <accessor source="#HAMR3_Sim_Map_-_RACK-76_003-mesh-normals-array" count="12" stride="3">
              <param name="X" type="float"/>
              <param name="Y" type="float"/>
              <param name="Z" type="float"/>
            </accessor>
          </technique_common>
        </source>
        <vertices id="HAMR3_Sim_Map_-_RACK-76_003-mesh-vertices">
          <input semantic="POSITION" source="#HAMR3_Sim_Map_-_RACK-76_003-mesh-positions"/>
        </vertices>
        <triangles material="Material_017-material" count="12">
          <input semantic="VERTEX" source="#HAMR3_Sim_Map_-_RACK-76_003-mesh-vertices" offset="0"/>
          <input semantic="NORMAL" source="#HAMR3_Sim_Map_-_RACK-76_003-mesh-normals" offset="1"/>
          <p>0 0 1 0 2 0 2 1 1 1 3 1 4 2 0 2 5 2 5 3 0 3 2 3 6 4 4 4 7 4 7 5 4 5 5 5 1 6 6 6 3 6 3 7 6 7 7 7 4 8 6 8 0 8 0 9 6 9 1 9 7 10 5 10 3 10 3 11 5 11 2 11</p>
        </triangles>
      </mesh>
    </geometry>
    <geometry id="HAMR3_Sim_Map_-_RACK-75_003-mesh" name="HAMR3_Sim_Map - RACK-75.003">
      <mesh>
        <source id="HAMR3_Sim_Map_-_RACK-75_003-mesh-positions">
          <float_array id="HAMR3_Sim_Map_-_RACK-75_003-mesh-positions-array" count="24">14724.06 83580.68 5100.5 14724.06 80880.68 5100.5 14724.06 83580.68 100.5 14724.06 80880.68 100.5 13624.06 83580.68 5100.5 13624.06 83580.68 100.5 13624.06 80880.68 5100.5 13624.06 80880.68 100.5</float_array>
          <technique_common>
            <accessor source="#HAMR3_Sim_Map_-_RACK-75_003-mesh-positions-array" count="8" stride="3">
              <param name="X" type="float"/>
              <param name="Y" type="float"/>
              <param name="Z" type="float"/>
            </accessor>
          </technique_common>
        </source>
        <source id="HAMR3_Sim_Map_-_RACK-75_003-mesh-normals">
          <float_array id="HAMR3_Sim_Map_-_RACK-75_003-mesh-normals-array" count="36">1 0 0 1 0 0 0 1 0 0 1 0 -1 0 0 -1 0 0 0 -1 0 0 -1 0 0 0 1 0 0 1 0 0 -1 0 0 -1</float_array>
          <technique_common>
            <accessor source="#HAMR3_Sim_Map_-_RACK-75_003-mesh-normals-array" count="12" stride="3">
              <param name="X" type="float"/>
              <param name="Y" type="float"/>
              <param name="Z" type="float"/>
            </accessor>
          </technique_common>
        </source>
        <vertices id="HAMR3_Sim_Map_-_RACK-75_003-mesh-vertices">
          <input semantic="POSITION" source="#HAMR3_Sim_Map_-_RACK-75_003-mesh-positions"/>
        </vertices>
        <triangles material="Material_017-material" count="12">
          <input semantic="VERTEX" source="#HAMR3_Sim_Map_-_RACK-75_003-mesh-vertices" offset="0"/>
          <input semantic="NORMAL" source="#HAMR3_Sim_Map_-_RACK-75_003-mesh-normals" offset="1"/>
          <p>0 0 1 0 2 0 2 1 1 1 3 1 4 2 0 2 5 2 5 3 0 3 2 3 6 4 4 4 7 4 7 5 4 5 5 5 1 6 6 6 3 6 3 7 6 7 7 7 4 8 6 8 0 8 0 9 6 9 1 9 7 10 5 10 3 10 3 11 5 11 2 11</p>
        </triangles>
      </mesh>
    </geometry>
    <geometry id="HAMR3_Sim_Map_-_RACK-74_003-mesh" name="HAMR3_Sim_Map - RACK-74.003">
      <mesh>
        <source id="HAMR3_Sim_Map_-_RACK-74_003-mesh-positions">
          <float_array id="HAMR3_Sim_Map_-_RACK-74_003-mesh-positions-array" count="24">14724.06 80880.68 5100.5 14724.06 78180.68 5100.5 14724.06 80880.68 100.5 14724.06 78180.68 100.5 13624.06 80880.68 5100.5 13624.06 80880.68 100.5 13624.06 78180.68 5100.5 13624.06 78180.68 100.5</float_array>
          <technique_common>
            <accessor source="#HAMR3_Sim_Map_-_RACK-74_003-mesh-positions-array" count="8" stride="3">
              <param name="X" type="float"/>
              <param name="Y" type="float"/>
              <param name="Z" type="float"/>
            </accessor>
          </technique_common>
        </source>
        <source id="HAMR3_Sim_Map_-_RACK-74_003-mesh-normals">
          <float_array id="HAMR3_Sim_Map_-_RACK-74_003-mesh-normals-array" count="36">1 0 0 1 0 0 0 1 0 0 1 0 -1 0 0 -1 0 0 0 -1 0 0 -1 0 0 0 1 0 0 1 0 0 -1 0 0 -1</float_array>
          <technique_common>
            <accessor source="#HAMR3_Sim_Map_-_RACK-74_003-mesh-normals-array" count="12" stride="3">
              <param name="X" type="float"/>
              <param name="Y" type="float"/>
              <param name="Z" type="float"/>
            </accessor>
          </technique_common>
        </source>
        <vertices id="HAMR3_Sim_Map_-_RACK-74_003-mesh-vertices">
          <input semantic="POSITION" source="#HAMR3_Sim_Map_-_RACK-74_003-mesh-positions"/>
        </vertices>
        <triangles material="Material_017-material" count="12">
          <input semantic="VERTEX" source="#HAMR3_Sim_Map_-_RACK-74_003-mesh-vertices" offset="0"/>
          <input semantic="NORMAL" source="#HAMR3_Sim_Map_-_RACK-74_003-mesh-normals" offset="1"/>
          <p>0 0 1 0 2 0 2 1 1 1 3 1 4 2 0 2 5 2 5 3 0 3 2 3 6 4 4 4 7 4 7 5 4 5 5 5 1 6 6 6 3 6 3 7 6 7 7 7 4 8 6 8 0 8 0 9 6 9 1 9 7 10 5 10 3 10 3 11 5 11 2 11</p>
        </triangles>
      </mesh>
    </geometry>
    <geometry id="HAMR3_Sim_Map_-_RACK-73_003-mesh" name="HAMR3_Sim_Map - RACK-73.003">
      <mesh>
        <source id="HAMR3_Sim_Map_-_RACK-73_003-mesh-positions">
          <float_array id="HAMR3_Sim_Map_-_RACK-73_003-mesh-positions-array" count="24">14724.06 75480.68 5100.5 14724.06 72780.68 5100.5 14724.06 75480.68 100.5 14724.06 72780.68 100.5 13624.06 75480.68 5100.5 13624.06 75480.68 100.5 13624.06 72780.68 5100.5 13624.06 72780.68 100.5</float_array>
          <technique_common>
            <accessor source="#HAMR3_Sim_Map_-_RACK-73_003-mesh-positions-array" count="8" stride="3">
              <param name="X" type="float"/>
              <param name="Y" type="float"/>
              <param name="Z" type="float"/>
            </accessor>
          </technique_common>
        </source>
        <source id="HAMR3_Sim_Map_-_RACK-73_003-mesh-normals">
          <float_array id="HAMR3_Sim_Map_-_RACK-73_003-mesh-normals-array" count="36">1 0 0 1 0 0 0 1 0 0 1 0 -1 0 0 -1 0 0 0 -1 0 0 -1 0 0 0 1 0 0 1 0 0 -1 0 0 -1</float_array>
          <technique_common>
            <accessor source="#HAMR3_Sim_Map_-_RACK-73_003-mesh-normals-array" count="12" stride="3">
              <param name="X" type="float"/>
              <param name="Y" type="float"/>
              <param name="Z" type="float"/>
            </accessor>
          </technique_common>
        </source>
        <vertices id="HAMR3_Sim_Map_-_RACK-73_003-mesh-vertices">
          <input semantic="POSITION" source="#HAMR3_Sim_Map_-_RACK-73_003-mesh-positions"/>
        </vertices>
        <triangles material="Material_017-material" count="12">
          <input semantic="VERTEX" source="#HAMR3_Sim_Map_-_RACK-73_003-mesh-vertices" offset="0"/>
          <input semantic="NORMAL" source="#HAMR3_Sim_Map_-_RACK-73_003-mesh-normals" offset="1"/>
          <p>0 0 1 0 2 0 2 1 1 1 3 1 4 2 0 2 5 2 5 3 0 3 2 3 6 4 4 4 7 4 7 5 4 5 5 5 1 6 6 6 3 6 3 7 6 7 7 7 4 8 6 8 0 8 0 9 6 9 1 9 7 10 5 10 3 10 3 11 5 11 2 11</p>
        </triangles>
      </mesh>
    </geometry>
    <geometry id="HAMR3_Sim_Map_-_RACK-72_003-mesh" name="HAMR3_Sim_Map - RACK-72.003">
      <mesh>
        <source id="HAMR3_Sim_Map_-_RACK-72_003-mesh-positions">
          <float_array id="HAMR3_Sim_Map_-_RACK-72_003-mesh-positions-array" count="24">14724.06 72780.68 5100.5 14724.06 70080.68 5100.5 14724.06 72780.68 100.5 14724.06 70080.68 100.5 13624.06 72780.68 5100.5 13624.06 72780.68 100.5 13624.06 70080.68 5100.5 13624.06 70080.68 100.5</float_array>
          <technique_common>
            <accessor source="#HAMR3_Sim_Map_-_RACK-72_003-mesh-positions-array" count="8" stride="3">
              <param name="X" type="float"/>
              <param name="Y" type="float"/>
              <param name="Z" type="float"/>
            </accessor>
          </technique_common>
        </source>
        <source id="HAMR3_Sim_Map_-_RACK-72_003-mesh-normals">
          <float_array id="HAMR3_Sim_Map_-_RACK-72_003-mesh-normals-array" count="36">1 0 0 1 0 0 0 1 0 0 1 0 -1 0 0 -1 0 0 0 -1 0 0 -1 0 0 0 1 0 0 1 0 0 -1 0 0 -1</float_array>
          <technique_common>
            <accessor source="#HAMR3_Sim_Map_-_RACK-72_003-mesh-normals-array" count="12" stride="3">
              <param name="X" type="float"/>
              <param name="Y" type="float"/>
              <param name="Z" type="float"/>
            </accessor>
          </technique_common>
        </source>
        <vertices id="HAMR3_Sim_Map_-_RACK-72_003-mesh-vertices">
          <input semantic="POSITION" source="#HAMR3_Sim_Map_-_RACK-72_003-mesh-positions"/>
        </vertices>
        <triangles material="Material_017-material" count="12">
          <input semantic="VERTEX" source="#HAMR3_Sim_Map_-_RACK-72_003-mesh-vertices" offset="0"/>
          <input semantic="NORMAL" source="#HAMR3_Sim_Map_-_RACK-72_003-mesh-normals" offset="1"/>
          <p>0 0 1 0 2 0 2 1 1 1 3 1 4 2 0 2 5 2 5 3 0 3 2 3 6 4 4 4 7 4 7 5 4 5 5 5 1 6 6 6 3 6 3 7 6 7 7 7 4 8 6 8 0 8 0 9 6 9 1 9 7 10 5 10 3 10 3 11 5 11 2 11</p>
        </triangles>
      </mesh>
    </geometry>
    <geometry id="HAMR3_Sim_Map_-_RACK-71_003-mesh" name="HAMR3_Sim_Map - RACK-71.003">
      <mesh>
        <source id="HAMR3_Sim_Map_-_RACK-71_003-mesh-positions">
          <float_array id="HAMR3_Sim_Map_-_RACK-71_003-mesh-positions-array" count="24">14724.06 70080.68 5100.5 14724.06 67380.68 5100.5 14724.06 70080.68 100.5 14724.06 67380.68 100.5 13624.06 70080.68 5100.5 13624.06 70080.68 100.5 13624.06 67380.68 5100.5 13624.06 67380.68 100.5</float_array>
          <technique_common>
            <accessor source="#HAMR3_Sim_Map_-_RACK-71_003-mesh-positions-array" count="8" stride="3">
              <param name="X" type="float"/>
              <param name="Y" type="float"/>
              <param name="Z" type="float"/>
            </accessor>
          </technique_common>
        </source>
        <source id="HAMR3_Sim_Map_-_RACK-71_003-mesh-normals">
          <float_array id="HAMR3_Sim_Map_-_RACK-71_003-mesh-normals-array" count="36">1 0 0 1 0 0 0 1 0 0 1 0 -1 0 0 -1 0 0 0 -1 0 0 -1 0 0 0 1 0 0 1 0 0 -1 0 0 -1</float_array>
          <technique_common>
            <accessor source="#HAMR3_Sim_Map_-_RACK-71_003-mesh-normals-array" count="12" stride="3">
              <param name="X" type="float"/>
              <param name="Y" type="float"/>
              <param name="Z" type="float"/>
            </accessor>
          </technique_common>
        </source>
        <vertices id="HAMR3_Sim_Map_-_RACK-71_003-mesh-vertices">
          <input semantic="POSITION" source="#HAMR3_Sim_Map_-_RACK-71_003-mesh-positions"/>
        </vertices>
        <triangles material="Material_017-material" count="12">
          <input semantic="VERTEX" source="#HAMR3_Sim_Map_-_RACK-71_003-mesh-vertices" offset="0"/>
          <input semantic="NORMAL" source="#HAMR3_Sim_Map_-_RACK-71_003-mesh-normals" offset="1"/>
          <p>0 0 1 0 2 0 2 1 1 1 3 1 4 2 0 2 5 2 5 3 0 3 2 3 6 4 4 4 7 4 7 5 4 5 5 5 1 6 6 6 3 6 3 7 6 7 7 7 4 8 6 8 0 8 0 9 6 9 1 9 7 10 5 10 3 10 3 11 5 11 2 11</p>
        </triangles>
      </mesh>
    </geometry>
    <geometry id="HAMR3_Sim_Map_-_RACK-70_003-mesh" name="HAMR3_Sim_Map - RACK-70.003">
      <mesh>
        <source id="HAMR3_Sim_Map_-_RACK-70_003-mesh-positions">
          <float_array id="HAMR3_Sim_Map_-_RACK-70_003-mesh-positions-array" count="24">14724.06 67380.68 5100.5 14724.06 64680.67 5100.5 14724.06 67380.68 100.5 14724.06 64680.67 100.5 13624.06 67380.68 5100.5 13624.06 67380.68 100.5 13624.06 64680.67 5100.5 13624.06 64680.67 100.5</float_array>
          <technique_common>
            <accessor source="#HAMR3_Sim_Map_-_RACK-70_003-mesh-positions-array" count="8" stride="3">
              <param name="X" type="float"/>
              <param name="Y" type="float"/>
              <param name="Z" type="float"/>
            </accessor>
          </technique_common>
        </source>
        <source id="HAMR3_Sim_Map_-_RACK-70_003-mesh-normals">
          <float_array id="HAMR3_Sim_Map_-_RACK-70_003-mesh-normals-array" count="36">1 0 0 1 0 0 0 1 0 0 1 0 -1 0 0 -1 0 0 0 -1 0 0 -1 0 0 0 1 0 0 1 0 0 -1 0 0 -1</float_array>
          <technique_common>
            <accessor source="#HAMR3_Sim_Map_-_RACK-70_003-mesh-normals-array" count="12" stride="3">
              <param name="X" type="float"/>
              <param name="Y" type="float"/>
              <param name="Z" type="float"/>
            </accessor>
          </technique_common>
        </source>
        <vertices id="HAMR3_Sim_Map_-_RACK-70_003-mesh-vertices">
          <input semantic="POSITION" source="#HAMR3_Sim_Map_-_RACK-70_003-mesh-positions"/>
        </vertices>
        <triangles material="Material_017-material" count="12">
          <input semantic="VERTEX" source="#HAMR3_Sim_Map_-_RACK-70_003-mesh-vertices" offset="0"/>
          <input semantic="NORMAL" source="#HAMR3_Sim_Map_-_RACK-70_003-mesh-normals" offset="1"/>
          <p>0 0 1 0 2 0 2 1 1 1 3 1 4 2 0 2 5 2 5 3 0 3 2 3 6 4 4 4 7 4 7 5 4 5 5 5 1 6 6 6 3 6 3 7 6 7 7 7 4 8 6 8 0 8 0 9 6 9 1 9 7 10 5 10 3 10 3 11 5 11 2 11</p>
        </triangles>
      </mesh>
    </geometry>
    <geometry id="HAMR3_Sim_Map_-_RACK-69_003-mesh" name="HAMR3_Sim_Map - RACK-69.003">
      <mesh>
        <source id="HAMR3_Sim_Map_-_RACK-69_003-mesh-positions">
          <float_array id="HAMR3_Sim_Map_-_RACK-69_003-mesh-positions-array" count="24">9074.501 67380.68 5100.5 9074.501 64680.67 5100.5 9074.501 67380.68 100.5 9074.501 64680.67 100.5 7974.501 67380.68 5100.5 7974.501 67380.68 100.5 7974.501 64680.67 5100.5 7974.501 64680.67 100.5</float_array>
          <technique_common>
            <accessor source="#HAMR3_Sim_Map_-_RACK-69_003-mesh-positions-array" count="8" stride="3">
              <param name="X" type="float"/>
              <param name="Y" type="float"/>
              <param name="Z" type="float"/>
            </accessor>
          </technique_common>
        </source>
        <source id="HAMR3_Sim_Map_-_RACK-69_003-mesh-normals">
          <float_array id="HAMR3_Sim_Map_-_RACK-69_003-mesh-normals-array" count="36">1 0 0 1 0 0 0 1 0 0 1 0 -1 0 0 -1 0 0 0 -1 0 0 -1 0 0 0 1 0 0 1 0 0 -1 0 0 -1</float_array>
          <technique_common>
            <accessor source="#HAMR3_Sim_Map_-_RACK-69_003-mesh-normals-array" count="12" stride="3">
              <param name="X" type="float"/>
              <param name="Y" type="float"/>
              <param name="Z" type="float"/>
            </accessor>
          </technique_common>
        </source>
        <vertices id="HAMR3_Sim_Map_-_RACK-69_003-mesh-vertices">
          <input semantic="POSITION" source="#HAMR3_Sim_Map_-_RACK-69_003-mesh-positions"/>
        </vertices>
        <triangles material="Material_017-material" count="12">
          <input semantic="VERTEX" source="#HAMR3_Sim_Map_-_RACK-69_003-mesh-vertices" offset="0"/>
          <input semantic="NORMAL" source="#HAMR3_Sim_Map_-_RACK-69_003-mesh-normals" offset="1"/>
          <p>0 0 1 0 2 0 2 1 1 1 3 1 4 2 0 2 5 2 5 3 0 3 2 3 6 4 4 4 7 4 7 5 4 5 5 5 1 6 6 6 3 6 3 7 6 7 7 7 4 8 6 8 0 8 0 9 6 9 1 9 7 10 5 10 3 10 3 11 5 11 2 11</p>
        </triangles>
      </mesh>
    </geometry>
    <geometry id="HAMR3_Sim_Map_-_RACK-68_003-mesh" name="HAMR3_Sim_Map - RACK-68.003">
      <mesh>
        <source id="HAMR3_Sim_Map_-_RACK-68_003-mesh-positions">
          <float_array id="HAMR3_Sim_Map_-_RACK-68_003-mesh-positions-array" count="24">9074.501 70080.68 5100.5 9074.501 67380.68 5100.5 9074.501 70080.68 100.5 9074.501 67380.68 100.5 7974.501 70080.68 5100.5 7974.501 70080.68 100.5 7974.501 67380.68 5100.5 7974.501 67380.68 100.5</float_array>
          <technique_common>
            <accessor source="#HAMR3_Sim_Map_-_RACK-68_003-mesh-positions-array" count="8" stride="3">
              <param name="X" type="float"/>
              <param name="Y" type="float"/>
              <param name="Z" type="float"/>
            </accessor>
          </technique_common>
        </source>
        <source id="HAMR3_Sim_Map_-_RACK-68_003-mesh-normals">
          <float_array id="HAMR3_Sim_Map_-_RACK-68_003-mesh-normals-array" count="36">1 0 0 1 0 0 0 1 0 0 1 0 -1 0 0 -1 0 0 0 -1 0 0 -1 0 0 0 1 0 0 1 0 0 -1 0 0 -1</float_array>
          <technique_common>
            <accessor source="#HAMR3_Sim_Map_-_RACK-68_003-mesh-normals-array" count="12" stride="3">
              <param name="X" type="float"/>
              <param name="Y" type="float"/>
              <param name="Z" type="float"/>
            </accessor>
          </technique_common>
        </source>
        <vertices id="HAMR3_Sim_Map_-_RACK-68_003-mesh-vertices">
          <input semantic="POSITION" source="#HAMR3_Sim_Map_-_RACK-68_003-mesh-positions"/>
        </vertices>
        <triangles material="Material_017-material" count="12">
          <input semantic="VERTEX" source="#HAMR3_Sim_Map_-_RACK-68_003-mesh-vertices" offset="0"/>
          <input semantic="NORMAL" source="#HAMR3_Sim_Map_-_RACK-68_003-mesh-normals" offset="1"/>
          <p>0 0 1 0 2 0 2 1 1 1 3 1 4 2 0 2 5 2 5 3 0 3 2 3 6 4 4 4 7 4 7 5 4 5 5 5 1 6 6 6 3 6 3 7 6 7 7 7 4 8 6 8 0 8 0 9 6 9 1 9 7 10 5 10 3 10 3 11 5 11 2 11</p>
        </triangles>
      </mesh>
    </geometry>
    <geometry id="HAMR3_Sim_Map_-_RACK-67_003-mesh" name="HAMR3_Sim_Map - RACK-67.003">
      <mesh>
        <source id="HAMR3_Sim_Map_-_RACK-67_003-mesh-positions">
          <float_array id="HAMR3_Sim_Map_-_RACK-67_003-mesh-positions-array" count="24">9074.501 72780.68 5100.5 9074.501 70080.68 5100.5 9074.501 72780.68 100.5 9074.501 70080.68 100.5 7974.501 72780.68 5100.5 7974.501 72780.68 100.5 7974.501 70080.68 5100.5 7974.501 70080.68 100.5</float_array>
          <technique_common>
            <accessor source="#HAMR3_Sim_Map_-_RACK-67_003-mesh-positions-array" count="8" stride="3">
              <param name="X" type="float"/>
              <param name="Y" type="float"/>
              <param name="Z" type="float"/>
            </accessor>
          </technique_common>
        </source>
        <source id="HAMR3_Sim_Map_-_RACK-67_003-mesh-normals">
          <float_array id="HAMR3_Sim_Map_-_RACK-67_003-mesh-normals-array" count="36">1 0 0 1 0 0 0 1 0 0 1 0 -1 0 0 -1 0 0 0 -1 0 0 -1 0 0 0 1 0 0 1 0 0 -1 0 0 -1</float_array>
          <technique_common>
            <accessor source="#HAMR3_Sim_Map_-_RACK-67_003-mesh-normals-array" count="12" stride="3">
              <param name="X" type="float"/>
              <param name="Y" type="float"/>
              <param name="Z" type="float"/>
            </accessor>
          </technique_common>
        </source>
        <vertices id="HAMR3_Sim_Map_-_RACK-67_003-mesh-vertices">
          <input semantic="POSITION" source="#HAMR3_Sim_Map_-_RACK-67_003-mesh-positions"/>
        </vertices>
        <triangles material="Material_017-material" count="12">
          <input semantic="VERTEX" source="#HAMR3_Sim_Map_-_RACK-67_003-mesh-vertices" offset="0"/>
          <input semantic="NORMAL" source="#HAMR3_Sim_Map_-_RACK-67_003-mesh-normals" offset="1"/>
          <p>0 0 1 0 2 0 2 1 1 1 3 1 4 2 0 2 5 2 5 3 0 3 2 3 6 4 4 4 7 4 7 5 4 5 5 5 1 6 6 6 3 6 3 7 6 7 7 7 4 8 6 8 0 8 0 9 6 9 1 9 7 10 5 10 3 10 3 11 5 11 2 11</p>
        </triangles>
      </mesh>
    </geometry>
    <geometry id="HAMR3_Sim_Map_-_RACK-66_003-mesh" name="HAMR3_Sim_Map - RACK-66.003">
      <mesh>
        <source id="HAMR3_Sim_Map_-_RACK-66_003-mesh-positions">
          <float_array id="HAMR3_Sim_Map_-_RACK-66_003-mesh-positions-array" count="24">9074.501 75480.68 5100.5 9074.501 72780.68 5100.5 9074.501 75480.68 100.5 9074.501 72780.68 100.5 7974.501 75480.68 5100.5 7974.501 75480.68 100.5 7974.501 72780.68 5100.5 7974.501 72780.68 100.5</float_array>
          <technique_common>
            <accessor source="#HAMR3_Sim_Map_-_RACK-66_003-mesh-positions-array" count="8" stride="3">
              <param name="X" type="float"/>
              <param name="Y" type="float"/>
              <param name="Z" type="float"/>
            </accessor>
          </technique_common>
        </source>
        <source id="HAMR3_Sim_Map_-_RACK-66_003-mesh-normals">
          <float_array id="HAMR3_Sim_Map_-_RACK-66_003-mesh-normals-array" count="36">1 0 0 1 0 0 0 1 0 0 1 0 -1 0 0 -1 0 0 0 -1 0 0 -1 0 0 0 1 0 0 1 0 0 -1 0 0 -1</float_array>
          <technique_common>
            <accessor source="#HAMR3_Sim_Map_-_RACK-66_003-mesh-normals-array" count="12" stride="3">
              <param name="X" type="float"/>
              <param name="Y" type="float"/>
              <param name="Z" type="float"/>
            </accessor>
          </technique_common>
        </source>
        <vertices id="HAMR3_Sim_Map_-_RACK-66_003-mesh-vertices">
          <input semantic="POSITION" source="#HAMR3_Sim_Map_-_RACK-66_003-mesh-positions"/>
        </vertices>
        <triangles material="Material_017-material" count="12">
          <input semantic="VERTEX" source="#HAMR3_Sim_Map_-_RACK-66_003-mesh-vertices" offset="0"/>
          <input semantic="NORMAL" source="#HAMR3_Sim_Map_-_RACK-66_003-mesh-normals" offset="1"/>
          <p>0 0 1 0 2 0 2 1 1 1 3 1 4 2 0 2 5 2 5 3 0 3 2 3 6 4 4 4 7 4 7 5 4 5 5 5 1 6 6 6 3 6 3 7 6 7 7 7 4 8 6 8 0 8 0 9 6 9 1 9 7 10 5 10 3 10 3 11 5 11 2 11</p>
        </triangles>
      </mesh>
    </geometry>
    <geometry id="HAMR3_Sim_Map_-_RACK-65_003-mesh" name="HAMR3_Sim_Map - RACK-65.003">
      <mesh>
        <source id="HAMR3_Sim_Map_-_RACK-65_003-mesh-positions">
          <float_array id="HAMR3_Sim_Map_-_RACK-65_003-mesh-positions-array" count="24">9074.501 78180.68 5100.5 9074.501 75480.68 5100.5 9074.501 78180.68 100.5 9074.501 75480.68 100.5 7974.501 78180.68 5100.5 7974.501 78180.68 100.5 7974.501 75480.68 5100.5 7974.501 75480.68 100.5</float_array>
          <technique_common>
            <accessor source="#HAMR3_Sim_Map_-_RACK-65_003-mesh-positions-array" count="8" stride="3">
              <param name="X" type="float"/>
              <param name="Y" type="float"/>
              <param name="Z" type="float"/>
            </accessor>
          </technique_common>
        </source>
        <source id="HAMR3_Sim_Map_-_RACK-65_003-mesh-normals">
          <float_array id="HAMR3_Sim_Map_-_RACK-65_003-mesh-normals-array" count="36">1 0 0 1 0 0 0 1 0 0 1 0 -1 0 0 -1 0 0 0 -1 0 0 -1 0 0 0 1 0 0 1 0 0 -1 0 0 -1</float_array>
          <technique_common>
            <accessor source="#HAMR3_Sim_Map_-_RACK-65_003-mesh-normals-array" count="12" stride="3">
              <param name="X" type="float"/>
              <param name="Y" type="float"/>
              <param name="Z" type="float"/>
            </accessor>
          </technique_common>
        </source>
        <vertices id="HAMR3_Sim_Map_-_RACK-65_003-mesh-vertices">
          <input semantic="POSITION" source="#HAMR3_Sim_Map_-_RACK-65_003-mesh-positions"/>
        </vertices>
        <triangles material="Material_017-material" count="12">
          <input semantic="VERTEX" source="#HAMR3_Sim_Map_-_RACK-65_003-mesh-vertices" offset="0"/>
          <input semantic="NORMAL" source="#HAMR3_Sim_Map_-_RACK-65_003-mesh-normals" offset="1"/>
          <p>0 0 1 0 2 0 2 1 1 1 3 1 4 2 0 2 5 2 5 3 0 3 2 3 6 4 4 4 7 4 7 5 4 5 5 5 1 6 6 6 3 6 3 7 6 7 7 7 4 8 6 8 0 8 0 9 6 9 1 9 7 10 5 10 3 10 3 11 5 11 2 11</p>
        </triangles>
      </mesh>
    </geometry>
    <geometry id="HAMR3_Sim_Map_-_RACK-64_003-mesh" name="HAMR3_Sim_Map - RACK-64.003">
      <mesh>
        <source id="HAMR3_Sim_Map_-_RACK-64_003-mesh-positions">
          <float_array id="HAMR3_Sim_Map_-_RACK-64_003-mesh-positions-array" count="24">9074.501 80880.68 5100.5 9074.501 78180.68 5100.5 9074.501 80880.68 100.5 9074.501 78180.68 100.5 7974.501 80880.68 5100.5 7974.501 80880.68 100.5 7974.501 78180.68 5100.5 7974.501 78180.68 100.5</float_array>
          <technique_common>
            <accessor source="#HAMR3_Sim_Map_-_RACK-64_003-mesh-positions-array" count="8" stride="3">
              <param name="X" type="float"/>
              <param name="Y" type="float"/>
              <param name="Z" type="float"/>
            </accessor>
          </technique_common>
        </source>
        <source id="HAMR3_Sim_Map_-_RACK-64_003-mesh-normals">
          <float_array id="HAMR3_Sim_Map_-_RACK-64_003-mesh-normals-array" count="36">1 0 0 1 0 0 0 1 0 0 1 0 -1 0 0 -1 0 0 0 -1 0 0 -1 0 0 0 1 0 0 1 0 0 -1 0 0 -1</float_array>
          <technique_common>
            <accessor source="#HAMR3_Sim_Map_-_RACK-64_003-mesh-normals-array" count="12" stride="3">
              <param name="X" type="float"/>
              <param name="Y" type="float"/>
              <param name="Z" type="float"/>
            </accessor>
          </technique_common>
        </source>
        <vertices id="HAMR3_Sim_Map_-_RACK-64_003-mesh-vertices">
          <input semantic="POSITION" source="#HAMR3_Sim_Map_-_RACK-64_003-mesh-positions"/>
        </vertices>
        <triangles material="Material_017-material" count="12">
          <input semantic="VERTEX" source="#HAMR3_Sim_Map_-_RACK-64_003-mesh-vertices" offset="0"/>
          <input semantic="NORMAL" source="#HAMR3_Sim_Map_-_RACK-64_003-mesh-normals" offset="1"/>
          <p>0 0 1 0 2 0 2 1 1 1 3 1 4 2 0 2 5 2 5 3 0 3 2 3 6 4 4 4 7 4 7 5 4 5 5 5 1 6 6 6 3 6 3 7 6 7 7 7 4 8 6 8 0 8 0 9 6 9 1 9 7 10 5 10 3 10 3 11 5 11 2 11</p>
        </triangles>
      </mesh>
    </geometry>
    <geometry id="HAMR3_Sim_Map_-_RACK-63_003-mesh" name="HAMR3_Sim_Map - RACK-63.003">
      <mesh>
        <source id="HAMR3_Sim_Map_-_RACK-63_003-mesh-positions">
          <float_array id="HAMR3_Sim_Map_-_RACK-63_003-mesh-positions-array" count="24">9074.501 83580.68 5100.5 9074.501 80880.68 5100.5 9074.501 83580.68 100.5 9074.501 80880.68 100.5 7974.501 83580.68 5100.5 7974.501 83580.68 100.5 7974.501 80880.68 5100.5 7974.501 80880.68 100.5</float_array>
          <technique_common>
            <accessor source="#HAMR3_Sim_Map_-_RACK-63_003-mesh-positions-array" count="8" stride="3">
              <param name="X" type="float"/>
              <param name="Y" type="float"/>
              <param name="Z" type="float"/>
            </accessor>
          </technique_common>
        </source>
        <source id="HAMR3_Sim_Map_-_RACK-63_003-mesh-normals">
          <float_array id="HAMR3_Sim_Map_-_RACK-63_003-mesh-normals-array" count="36">1 0 0 1 0 0 0 1 0 0 1 0 -1 0 0 -1 0 0 0 -1 0 0 -1 0 0 0 1 0 0 1 0 0 -1 0 0 -1</float_array>
          <technique_common>
            <accessor source="#HAMR3_Sim_Map_-_RACK-63_003-mesh-normals-array" count="12" stride="3">
              <param name="X" type="float"/>
              <param name="Y" type="float"/>
              <param name="Z" type="float"/>
            </accessor>
          </technique_common>
        </source>
        <vertices id="HAMR3_Sim_Map_-_RACK-63_003-mesh-vertices">
          <input semantic="POSITION" source="#HAMR3_Sim_Map_-_RACK-63_003-mesh-positions"/>
        </vertices>
        <triangles material="Material_017-material" count="12">
          <input semantic="VERTEX" source="#HAMR3_Sim_Map_-_RACK-63_003-mesh-vertices" offset="0"/>
          <input semantic="NORMAL" source="#HAMR3_Sim_Map_-_RACK-63_003-mesh-normals" offset="1"/>
          <p>0 0 1 0 2 0 2 1 1 1 3 1 4 2 0 2 5 2 5 3 0 3 2 3 6 4 4 4 7 4 7 5 4 5 5 5 1 6 6 6 3 6 3 7 6 7 7 7 4 8 6 8 0 8 0 9 6 9 1 9 7 10 5 10 3 10 3 11 5 11 2 11</p>
        </triangles>
      </mesh>
    </geometry>
    <geometry id="HAMR3_Sim_Map_-_RACK-62_003-mesh" name="HAMR3_Sim_Map - RACK-62.003">
      <mesh>
        <source id="HAMR3_Sim_Map_-_RACK-62_003-mesh-positions">
          <float_array id="HAMR3_Sim_Map_-_RACK-62_003-mesh-positions-array" count="24">28680.68 88261.18 5100.5 28680.68 85561.18 5100.5 28680.68 88261.18 100.5 28680.68 85561.18 100.5 27580.68 88261.18 5100.5 27580.68 88261.18 100.5 27580.68 85561.18 5100.5 27580.68 85561.18 100.5</float_array>
          <technique_common>
            <accessor source="#HAMR3_Sim_Map_-_RACK-62_003-mesh-positions-array" count="8" stride="3">
              <param name="X" type="float"/>
              <param name="Y" type="float"/>
              <param name="Z" type="float"/>
            </accessor>
          </technique_common>
        </source>
        <source id="HAMR3_Sim_Map_-_RACK-62_003-mesh-normals">
          <float_array id="HAMR3_Sim_Map_-_RACK-62_003-mesh-normals-array" count="36">1 0 0 1 0 0 0 1 0 0 1 0 -1 0 0 -1 0 0 0 -1 0 0 -1 0 0 0 1 0 0 1 0 0 -1 0 0 -1</float_array>
          <technique_common>
            <accessor source="#HAMR3_Sim_Map_-_RACK-62_003-mesh-normals-array" count="12" stride="3">
              <param name="X" type="float"/>
              <param name="Y" type="float"/>
              <param name="Z" type="float"/>
            </accessor>
          </technique_common>
        </source>
        <vertices id="HAMR3_Sim_Map_-_RACK-62_003-mesh-vertices">
          <input semantic="POSITION" source="#HAMR3_Sim_Map_-_RACK-62_003-mesh-positions"/>
        </vertices>
        <triangles material="Material_017-material" count="12">
          <input semantic="VERTEX" source="#HAMR3_Sim_Map_-_RACK-62_003-mesh-vertices" offset="0"/>
          <input semantic="NORMAL" source="#HAMR3_Sim_Map_-_RACK-62_003-mesh-normals" offset="1"/>
          <p>0 0 1 0 2 0 2 1 1 1 3 1 4 2 0 2 5 2 5 3 0 3 2 3 6 4 4 4 7 4 7 5 4 5 5 5 1 6 6 6 3 6 3 7 6 7 7 7 4 8 6 8 0 8 0 9 6 9 1 9 7 10 5 10 3 10 3 11 5 11 2 11</p>
        </triangles>
      </mesh>
    </geometry>
    <geometry id="HAMR3_Sim_Map_-_RACK-61_003-mesh" name="HAMR3_Sim_Map - RACK-61.003">
      <mesh>
        <source id="HAMR3_Sim_Map_-_RACK-61_003-mesh-positions">
          <float_array id="HAMR3_Sim_Map_-_RACK-61_003-mesh-positions-array" count="24">28680.68 85561.18 5100.5 28680.68 82861.18 5100.5 28680.68 85561.18 100.5 28680.68 82861.18 100.5 27580.68 85561.18 5100.5 27580.68 85561.18 100.5 27580.68 82861.18 5100.5 27580.68 82861.18 100.5</float_array>
          <technique_common>
            <accessor source="#HAMR3_Sim_Map_-_RACK-61_003-mesh-positions-array" count="8" stride="3">
              <param name="X" type="float"/>
              <param name="Y" type="float"/>
              <param name="Z" type="float"/>
            </accessor>
          </technique_common>
        </source>
        <source id="HAMR3_Sim_Map_-_RACK-61_003-mesh-normals">
          <float_array id="HAMR3_Sim_Map_-_RACK-61_003-mesh-normals-array" count="36">1 0 0 1 0 0 0 1 0 0 1 0 -1 0 0 -1 0 0 0 -1 0 0 -1 0 0 0 1 0 0 1 0 0 -1 0 0 -1</float_array>
          <technique_common>
            <accessor source="#HAMR3_Sim_Map_-_RACK-61_003-mesh-normals-array" count="12" stride="3">
              <param name="X" type="float"/>
              <param name="Y" type="float"/>
              <param name="Z" type="float"/>
            </accessor>
          </technique_common>
        </source>
        <vertices id="HAMR3_Sim_Map_-_RACK-61_003-mesh-vertices">
          <input semantic="POSITION" source="#HAMR3_Sim_Map_-_RACK-61_003-mesh-positions"/>
        </vertices>
        <triangles material="Material_017-material" count="12">
          <input semantic="VERTEX" source="#HAMR3_Sim_Map_-_RACK-61_003-mesh-vertices" offset="0"/>
          <input semantic="NORMAL" source="#HAMR3_Sim_Map_-_RACK-61_003-mesh-normals" offset="1"/>
          <p>0 0 1 0 2 0 2 1 1 1 3 1 4 2 0 2 5 2 5 3 0 3 2 3 6 4 4 4 7 4 7 5 4 5 5 5 1 6 6 6 3 6 3 7 6 7 7 7 4 8 6 8 0 8 0 9 6 9 1 9 7 10 5 10 3 10 3 11 5 11 2 11</p>
        </triangles>
      </mesh>
    </geometry>
    <geometry id="HAMR3_Sim_Map_-_RACK-60_003-mesh" name="HAMR3_Sim_Map - RACK-60.003">
      <mesh>
        <source id="HAMR3_Sim_Map_-_RACK-60_003-mesh-positions">
          <float_array id="HAMR3_Sim_Map_-_RACK-60_003-mesh-positions-array" count="24">28680.68 82861.18 5100.5 28680.68 80161.18 5100.5 28680.68 82861.18 100.5 28680.68 80161.18 100.5 27580.68 82861.18 5100.5 27580.68 82861.18 100.5 27580.68 80161.18 5100.5 27580.68 80161.18 100.5</float_array>
          <technique_common>
            <accessor source="#HAMR3_Sim_Map_-_RACK-60_003-mesh-positions-array" count="8" stride="3">
              <param name="X" type="float"/>
              <param name="Y" type="float"/>
              <param name="Z" type="float"/>
            </accessor>
          </technique_common>
        </source>
        <source id="HAMR3_Sim_Map_-_RACK-60_003-mesh-normals">
          <float_array id="HAMR3_Sim_Map_-_RACK-60_003-mesh-normals-array" count="36">1 0 0 1 0 0 0 1 0 0 1 0 -1 0 0 -1 0 0 0 -1 0 0 -1 0 0 0 1 0 0 1 0 0 -1 0 0 -1</float_array>
          <technique_common>
            <accessor source="#HAMR3_Sim_Map_-_RACK-60_003-mesh-normals-array" count="12" stride="3">
              <param name="X" type="float"/>
              <param name="Y" type="float"/>
              <param name="Z" type="float"/>
            </accessor>
          </technique_common>
        </source>
        <vertices id="HAMR3_Sim_Map_-_RACK-60_003-mesh-vertices">
          <input semantic="POSITION" source="#HAMR3_Sim_Map_-_RACK-60_003-mesh-positions"/>
        </vertices>
        <triangles material="Material_017-material" count="12">
          <input semantic="VERTEX" source="#HAMR3_Sim_Map_-_RACK-60_003-mesh-vertices" offset="0"/>
          <input semantic="NORMAL" source="#HAMR3_Sim_Map_-_RACK-60_003-mesh-normals" offset="1"/>
          <p>0 0 1 0 2 0 2 1 1 1 3 1 4 2 0 2 5 2 5 3 0 3 2 3 6 4 4 4 7 4 7 5 4 5 5 5 1 6 6 6 3 6 3 7 6 7 7 7 4 8 6 8 0 8 0 9 6 9 1 9 7 10 5 10 3 10 3 11 5 11 2 11</p>
        </triangles>
      </mesh>
    </geometry>
    <geometry id="HAMR3_Sim_Map_-_RACK-59_003-mesh" name="HAMR3_Sim_Map - RACK-59.003">
      <mesh>
        <source id="HAMR3_Sim_Map_-_RACK-59_003-mesh-positions">
          <float_array id="HAMR3_Sim_Map_-_RACK-59_003-mesh-positions-array" count="24">28680.68 80161.18 5100.5 28680.68 77461.18 5100.5 28680.68 80161.18 100.5 28680.68 77461.18 100.5 27580.68 80161.18 5100.5 27580.68 80161.18 100.5 27580.68 77461.18 5100.5 27580.68 77461.18 100.5</float_array>
          <technique_common>
            <accessor source="#HAMR3_Sim_Map_-_RACK-59_003-mesh-positions-array" count="8" stride="3">
              <param name="X" type="float"/>
              <param name="Y" type="float"/>
              <param name="Z" type="float"/>
            </accessor>
          </technique_common>
        </source>
        <source id="HAMR3_Sim_Map_-_RACK-59_003-mesh-normals">
          <float_array id="HAMR3_Sim_Map_-_RACK-59_003-mesh-normals-array" count="36">1 0 0 1 0 0 0 1 0 0 1 0 -1 0 0 -1 0 0 0 -1 0 0 -1 0 0 0 1 0 0 1 0 0 -1 0 0 -1</float_array>
          <technique_common>
            <accessor source="#HAMR3_Sim_Map_-_RACK-59_003-mesh-normals-array" count="12" stride="3">
              <param name="X" type="float"/>
              <param name="Y" type="float"/>
              <param name="Z" type="float"/>
            </accessor>
          </technique_common>
        </source>
        <vertices id="HAMR3_Sim_Map_-_RACK-59_003-mesh-vertices">
          <input semantic="POSITION" source="#HAMR3_Sim_Map_-_RACK-59_003-mesh-positions"/>
        </vertices>
        <triangles material="Material_017-material" count="12">
          <input semantic="VERTEX" source="#HAMR3_Sim_Map_-_RACK-59_003-mesh-vertices" offset="0"/>
          <input semantic="NORMAL" source="#HAMR3_Sim_Map_-_RACK-59_003-mesh-normals" offset="1"/>
          <p>0 0 1 0 2 0 2 1 1 1 3 1 4 2 0 2 5 2 5 3 0 3 2 3 6 4 4 4 7 4 7 5 4 5 5 5 1 6 6 6 3 6 3 7 6 7 7 7 4 8 6 8 0 8 0 9 6 9 1 9 7 10 5 10 3 10 3 11 5 11 2 11</p>
        </triangles>
      </mesh>
    </geometry>
    <geometry id="HAMR3_Sim_Map_-_RACK-58_003-mesh" name="HAMR3_Sim_Map - RACK-58.003">
      <mesh>
        <source id="HAMR3_Sim_Map_-_RACK-58_003-mesh-positions">
          <float_array id="HAMR3_Sim_Map_-_RACK-58_003-mesh-positions-array" count="24">28680.68 77461.18 5100.5 28680.68 74761.18 5100.5 28680.68 77461.18 100.5 28680.68 74761.18 100.5 27580.68 77461.18 5100.5 27580.68 77461.18 100.5 27580.68 74761.18 5100.5 27580.68 74761.18 100.5</float_array>
          <technique_common>
            <accessor source="#HAMR3_Sim_Map_-_RACK-58_003-mesh-positions-array" count="8" stride="3">
              <param name="X" type="float"/>
              <param name="Y" type="float"/>
              <param name="Z" type="float"/>
            </accessor>
          </technique_common>
        </source>
        <source id="HAMR3_Sim_Map_-_RACK-58_003-mesh-normals">
          <float_array id="HAMR3_Sim_Map_-_RACK-58_003-mesh-normals-array" count="36">1 0 0 1 0 0 0 1 0 0 1 0 -1 0 0 -1 0 0 0 -1 0 0 -1 0 0 0 1 0 0 1 0 0 -1 0 0 -1</float_array>
          <technique_common>
            <accessor source="#HAMR3_Sim_Map_-_RACK-58_003-mesh-normals-array" count="12" stride="3">
              <param name="X" type="float"/>
              <param name="Y" type="float"/>
              <param name="Z" type="float"/>
            </accessor>
          </technique_common>
        </source>
        <vertices id="HAMR3_Sim_Map_-_RACK-58_003-mesh-vertices">
          <input semantic="POSITION" source="#HAMR3_Sim_Map_-_RACK-58_003-mesh-positions"/>
        </vertices>
        <triangles material="Material_017-material" count="12">
          <input semantic="VERTEX" source="#HAMR3_Sim_Map_-_RACK-58_003-mesh-vertices" offset="0"/>
          <input semantic="NORMAL" source="#HAMR3_Sim_Map_-_RACK-58_003-mesh-normals" offset="1"/>
          <p>0 0 1 0 2 0 2 1 1 1 3 1 4 2 0 2 5 2 5 3 0 3 2 3 6 4 4 4 7 4 7 5 4 5 5 5 1 6 6 6 3 6 3 7 6 7 7 7 4 8 6 8 0 8 0 9 6 9 1 9 7 10 5 10 3 10 3 11 5 11 2 11</p>
        </triangles>
      </mesh>
    </geometry>
    <geometry id="HAMR3_Sim_Map_-_RACK-57_003-mesh" name="HAMR3_Sim_Map - RACK-57.003">
      <mesh>
        <source id="HAMR3_Sim_Map_-_RACK-57_003-mesh-positions">
          <float_array id="HAMR3_Sim_Map_-_RACK-57_003-mesh-positions-array" count="24">28680.68 74761.18 5100.5 28680.68 72061.18 5100.5 28680.68 74761.18 100.5 28680.68 72061.18 100.5 27580.68 74761.18 5100.5 27580.68 74761.18 100.5 27580.68 72061.18 5100.5 27580.68 72061.18 100.5</float_array>
          <technique_common>
            <accessor source="#HAMR3_Sim_Map_-_RACK-57_003-mesh-positions-array" count="8" stride="3">
              <param name="X" type="float"/>
              <param name="Y" type="float"/>
              <param name="Z" type="float"/>
            </accessor>
          </technique_common>
        </source>
        <source id="HAMR3_Sim_Map_-_RACK-57_003-mesh-normals">
          <float_array id="HAMR3_Sim_Map_-_RACK-57_003-mesh-normals-array" count="36">1 0 0 1 0 0 0 1 0 0 1 0 -1 0 0 -1 0 0 0 -1 0 0 -1 0 0 0 1 0 0 1 0 0 -1 0 0 -1</float_array>
          <technique_common>
            <accessor source="#HAMR3_Sim_Map_-_RACK-57_003-mesh-normals-array" count="12" stride="3">
              <param name="X" type="float"/>
              <param name="Y" type="float"/>
              <param name="Z" type="float"/>
            </accessor>
          </technique_common>
        </source>
        <vertices id="HAMR3_Sim_Map_-_RACK-57_003-mesh-vertices">
          <input semantic="POSITION" source="#HAMR3_Sim_Map_-_RACK-57_003-mesh-positions"/>
        </vertices>
        <triangles material="Material_017-material" count="12">
          <input semantic="VERTEX" source="#HAMR3_Sim_Map_-_RACK-57_003-mesh-vertices" offset="0"/>
          <input semantic="NORMAL" source="#HAMR3_Sim_Map_-_RACK-57_003-mesh-normals" offset="1"/>
          <p>0 0 1 0 2 0 2 1 1 1 3 1 4 2 0 2 5 2 5 3 0 3 2 3 6 4 4 4 7 4 7 5 4 5 5 5 1 6 6 6 3 6 3 7 6 7 7 7 4 8 6 8 0 8 0 9 6 9 1 9 7 10 5 10 3 10 3 11 5 11 2 11</p>
        </triangles>
      </mesh>
    </geometry>
    <geometry id="HAMR3_Sim_Map_-_RACK-56_003-mesh" name="HAMR3_Sim_Map - RACK-56.003">
      <mesh>
        <source id="HAMR3_Sim_Map_-_RACK-56_003-mesh-positions">
          <float_array id="HAMR3_Sim_Map_-_RACK-56_003-mesh-positions-array" count="24">28680.68 72061.18 5100.5 28680.68 69361.18 5100.5 28680.68 72061.18 100.5 28680.68 69361.18 100.5 27580.68 72061.18 5100.5 27580.68 72061.18 100.5 27580.68 69361.18 5100.5 27580.68 69361.18 100.5</float_array>
          <technique_common>
            <accessor source="#HAMR3_Sim_Map_-_RACK-56_003-mesh-positions-array" count="8" stride="3">
              <param name="X" type="float"/>
              <param name="Y" type="float"/>
              <param name="Z" type="float"/>
            </accessor>
          </technique_common>
        </source>
        <source id="HAMR3_Sim_Map_-_RACK-56_003-mesh-normals">
          <float_array id="HAMR3_Sim_Map_-_RACK-56_003-mesh-normals-array" count="36">1 0 0 1 0 0 0 1 0 0 1 0 -1 0 0 -1 0 0 0 -1 0 0 -1 0 0 0 1 0 0 1 0 0 -1 0 0 -1</float_array>
          <technique_common>
            <accessor source="#HAMR3_Sim_Map_-_RACK-56_003-mesh-normals-array" count="12" stride="3">
              <param name="X" type="float"/>
              <param name="Y" type="float"/>
              <param name="Z" type="float"/>
            </accessor>
          </technique_common>
        </source>
        <vertices id="HAMR3_Sim_Map_-_RACK-56_003-mesh-vertices">
          <input semantic="POSITION" source="#HAMR3_Sim_Map_-_RACK-56_003-mesh-positions"/>
        </vertices>
        <triangles material="Material_017-material" count="12">
          <input semantic="VERTEX" source="#HAMR3_Sim_Map_-_RACK-56_003-mesh-vertices" offset="0"/>
          <input semantic="NORMAL" source="#HAMR3_Sim_Map_-_RACK-56_003-mesh-normals" offset="1"/>
          <p>0 0 1 0 2 0 2 1 1 1 3 1 4 2 0 2 5 2 5 3 0 3 2 3 6 4 4 4 7 4 7 5 4 5 5 5 1 6 6 6 3 6 3 7 6 7 7 7 4 8 6 8 0 8 0 9 6 9 1 9 7 10 5 10 3 10 3 11 5 11 2 11</p>
        </triangles>
      </mesh>
    </geometry>
    <geometry id="HAMR3_Sim_Map_-_RACK-55_003-mesh" name="HAMR3_Sim_Map - RACK-55.003">
      <mesh>
        <source id="HAMR3_Sim_Map_-_RACK-55_003-mesh-positions">
          <float_array id="HAMR3_Sim_Map_-_RACK-55_003-mesh-positions-array" count="24">28680.68 69361.18 5100.5 28680.68 66661.18 5100.5 28680.68 69361.18 100.5 28680.68 66661.18 100.5 27580.68 69361.18 5100.5 27580.68 69361.18 100.5 27580.68 66661.18 5100.5 27580.68 66661.18 100.5</float_array>
          <technique_common>
            <accessor source="#HAMR3_Sim_Map_-_RACK-55_003-mesh-positions-array" count="8" stride="3">
              <param name="X" type="float"/>
              <param name="Y" type="float"/>
              <param name="Z" type="float"/>
            </accessor>
          </technique_common>
        </source>
        <source id="HAMR3_Sim_Map_-_RACK-55_003-mesh-normals">
          <float_array id="HAMR3_Sim_Map_-_RACK-55_003-mesh-normals-array" count="36">1 0 0 1 0 0 0 1 0 0 1 0 -1 0 0 -1 0 0 0 -1 0 0 -1 0 0 0 1 0 0 1 0 0 -1 0 0 -1</float_array>
          <technique_common>
            <accessor source="#HAMR3_Sim_Map_-_RACK-55_003-mesh-normals-array" count="12" stride="3">
              <param name="X" type="float"/>
              <param name="Y" type="float"/>
              <param name="Z" type="float"/>
            </accessor>
          </technique_common>
        </source>
        <vertices id="HAMR3_Sim_Map_-_RACK-55_003-mesh-vertices">
          <input semantic="POSITION" source="#HAMR3_Sim_Map_-_RACK-55_003-mesh-positions"/>
        </vertices>
        <triangles material="Material_017-material" count="12">
          <input semantic="VERTEX" source="#HAMR3_Sim_Map_-_RACK-55_003-mesh-vertices" offset="0"/>
          <input semantic="NORMAL" source="#HAMR3_Sim_Map_-_RACK-55_003-mesh-normals" offset="1"/>
          <p>0 0 1 0 2 0 2 1 1 1 3 1 4 2 0 2 5 2 5 3 0 3 2 3 6 4 4 4 7 4 7 5 4 5 5 5 1 6 6 6 3 6 3 7 6 7 7 7 4 8 6 8 0 8 0 9 6 9 1 9 7 10 5 10 3 10 3 11 5 11 2 11</p>
        </triangles>
      </mesh>
    </geometry>
    <geometry id="HAMR3_Sim_Map_-_RACK-54_003-mesh" name="HAMR3_Sim_Map - RACK-54.003">
      <mesh>
        <source id="HAMR3_Sim_Map_-_RACK-54_003-mesh-positions">
          <float_array id="HAMR3_Sim_Map_-_RACK-54_003-mesh-positions-array" count="24">28680.68 66661.18 5100.5 28680.68 63961.17 5100.5 28680.68 66661.18 100.5 28680.68 63961.17 100.5 27580.68 66661.18 5100.5 27580.68 66661.18 100.5 27580.68 63961.17 5100.5 27580.68 63961.17 100.5</float_array>
          <technique_common>
            <accessor source="#HAMR3_Sim_Map_-_RACK-54_003-mesh-positions-array" count="8" stride="3">
              <param name="X" type="float"/>
              <param name="Y" type="float"/>
              <param name="Z" type="float"/>
            </accessor>
          </technique_common>
        </source>
        <source id="HAMR3_Sim_Map_-_RACK-54_003-mesh-normals">
          <float_array id="HAMR3_Sim_Map_-_RACK-54_003-mesh-normals-array" count="36">1 0 0 1 0 0 0 1 0 0 1 0 -1 0 0 -1 0 0 0 -1 0 0 -1 0 0 0 1 0 0 1 0 0 -1 0 0 -1</float_array>
          <technique_common>
            <accessor source="#HAMR3_Sim_Map_-_RACK-54_003-mesh-normals-array" count="12" stride="3">
              <param name="X" type="float"/>
              <param name="Y" type="float"/>
              <param name="Z" type="float"/>
            </accessor>
          </technique_common>
        </source>
        <vertices id="HAMR3_Sim_Map_-_RACK-54_003-mesh-vertices">
          <input semantic="POSITION" source="#HAMR3_Sim_Map_-_RACK-54_003-mesh-positions"/>
        </vertices>
        <triangles material="Material_017-material" count="12">
          <input semantic="VERTEX" source="#HAMR3_Sim_Map_-_RACK-54_003-mesh-vertices" offset="0"/>
          <input semantic="NORMAL" source="#HAMR3_Sim_Map_-_RACK-54_003-mesh-normals" offset="1"/>
          <p>0 0 1 0 2 0 2 1 1 1 3 1 4 2 0 2 5 2 5 3 0 3 2 3 6 4 4 4 7 4 7 5 4 5 5 5 1 6 6 6 3 6 3 7 6 7 7 7 4 8 6 8 0 8 0 9 6 9 1 9 7 10 5 10 3 10 3 11 5 11 2 11</p>
        </triangles>
      </mesh>
    </geometry>
    <geometry id="HAMR3_Sim_Map_-_RACK-53_003-mesh" name="HAMR3_Sim_Map - RACK-53.003">
      <mesh>
        <source id="HAMR3_Sim_Map_-_RACK-53_003-mesh-positions">
          <float_array id="HAMR3_Sim_Map_-_RACK-53_003-mesh-positions-array" count="24">9074.501 86280.68 5100.5 9074.501 83580.68 5100.5 9074.501 86280.68 100.5 9074.501 83580.68 100.5 7974.501 86280.68 5100.5 7974.501 86280.68 100.5 7974.501 83580.68 5100.5 7974.501 83580.68 100.5</float_array>
          <technique_common>
            <accessor source="#HAMR3_Sim_Map_-_RACK-53_003-mesh-positions-array" count="8" stride="3">
              <param name="X" type="float"/>
              <param name="Y" type="float"/>
              <param name="Z" type="float"/>
            </accessor>
          </technique_common>
        </source>
        <source id="HAMR3_Sim_Map_-_RACK-53_003-mesh-normals">
          <float_array id="HAMR3_Sim_Map_-_RACK-53_003-mesh-normals-array" count="36">1 0 0 1 0 0 0 1 0 0 1 0 -1 0 0 -1 0 0 0 -1 0 0 -1 0 0 0 1 0 0 1 0 0 -1 0 0 -1</float_array>
          <technique_common>
            <accessor source="#HAMR3_Sim_Map_-_RACK-53_003-mesh-normals-array" count="12" stride="3">
              <param name="X" type="float"/>
              <param name="Y" type="float"/>
              <param name="Z" type="float"/>
            </accessor>
          </technique_common>
        </source>
        <vertices id="HAMR3_Sim_Map_-_RACK-53_003-mesh-vertices">
          <input semantic="POSITION" source="#HAMR3_Sim_Map_-_RACK-53_003-mesh-positions"/>
        </vertices>
        <triangles material="Material_017-material" count="12">
          <input semantic="VERTEX" source="#HAMR3_Sim_Map_-_RACK-53_003-mesh-vertices" offset="0"/>
          <input semantic="NORMAL" source="#HAMR3_Sim_Map_-_RACK-53_003-mesh-normals" offset="1"/>
          <p>0 0 1 0 2 0 2 1 1 1 3 1 4 2 0 2 5 2 5 3 0 3 2 3 6 4 4 4 7 4 7 5 4 5 5 5 1 6 6 6 3 6 3 7 6 7 7 7 4 8 6 8 0 8 0 9 6 9 1 9 7 10 5 10 3 10 3 11 5 11 2 11</p>
        </triangles>
      </mesh>
    </geometry>
    <geometry id="HAMR3_Sim_Map_-_RACK-52_003-mesh" name="HAMR3_Sim_Map - RACK-52.003">
      <mesh>
        <source id="HAMR3_Sim_Map_-_RACK-52_003-mesh-positions">
          <float_array id="HAMR3_Sim_Map_-_RACK-52_003-mesh-positions-array" count="24">27580.68 66661.18 5100.5 27580.68 63961.17 5100.5 27580.68 66661.18 100.5 27580.68 63961.17 100.5 26480.68 66661.18 5100.5 26480.68 66661.18 100.5 26480.68 63961.17 5100.5 26480.68 63961.17 100.5</float_array>
          <technique_common>
            <accessor source="#HAMR3_Sim_Map_-_RACK-52_003-mesh-positions-array" count="8" stride="3">
              <param name="X" type="float"/>
              <param name="Y" type="float"/>
              <param name="Z" type="float"/>
            </accessor>
          </technique_common>
        </source>
        <source id="HAMR3_Sim_Map_-_RACK-52_003-mesh-normals">
          <float_array id="HAMR3_Sim_Map_-_RACK-52_003-mesh-normals-array" count="36">1 0 0 1 0 0 0 1 0 0 1 0 -1 0 0 -1 0 0 0 -1 0 0 -1 0 0 0 1 0 0 1 0 0 -1 0 0 -1</float_array>
          <technique_common>
            <accessor source="#HAMR3_Sim_Map_-_RACK-52_003-mesh-normals-array" count="12" stride="3">
              <param name="X" type="float"/>
              <param name="Y" type="float"/>
              <param name="Z" type="float"/>
            </accessor>
          </technique_common>
        </source>
        <vertices id="HAMR3_Sim_Map_-_RACK-52_003-mesh-vertices">
          <input semantic="POSITION" source="#HAMR3_Sim_Map_-_RACK-52_003-mesh-positions"/>
        </vertices>
        <triangles material="Material_017-material" count="12">
          <input semantic="VERTEX" source="#HAMR3_Sim_Map_-_RACK-52_003-mesh-vertices" offset="0"/>
          <input semantic="NORMAL" source="#HAMR3_Sim_Map_-_RACK-52_003-mesh-normals" offset="1"/>
          <p>0 0 1 0 2 0 2 1 1 1 3 1 4 2 0 2 5 2 5 3 0 3 2 3 6 4 4 4 7 4 7 5 4 5 5 5 1 6 6 6 3 6 3 7 6 7 7 7 4 8 6 8 0 8 0 9 6 9 1 9 7 10 5 10 3 10 3 11 5 11 2 11</p>
        </triangles>
      </mesh>
    </geometry>
    <geometry id="HAMR3_Sim_Map_-_RACK-51_003-mesh" name="HAMR3_Sim_Map - RACK-51.003">
      <mesh>
        <source id="HAMR3_Sim_Map_-_RACK-51_003-mesh-positions">
          <float_array id="HAMR3_Sim_Map_-_RACK-51_003-mesh-positions-array" count="24">27580.68 69361.18 5100.5 27580.68 66661.18 5100.5 27580.68 69361.18 100.5 27580.68 66661.18 100.5 26480.68 69361.18 5100.5 26480.68 69361.18 100.5 26480.68 66661.18 5100.5 26480.68 66661.18 100.5</float_array>
          <technique_common>
            <accessor source="#HAMR3_Sim_Map_-_RACK-51_003-mesh-positions-array" count="8" stride="3">
              <param name="X" type="float"/>
              <param name="Y" type="float"/>
              <param name="Z" type="float"/>
            </accessor>
          </technique_common>
        </source>
        <source id="HAMR3_Sim_Map_-_RACK-51_003-mesh-normals">
          <float_array id="HAMR3_Sim_Map_-_RACK-51_003-mesh-normals-array" count="36">1 0 0 1 0 0 0 1 0 0 1 0 -1 0 0 -1 0 0 0 -1 0 0 -1 0 0 0 1 0 0 1 0 0 -1 0 0 -1</float_array>
          <technique_common>
            <accessor source="#HAMR3_Sim_Map_-_RACK-51_003-mesh-normals-array" count="12" stride="3">
              <param name="X" type="float"/>
              <param name="Y" type="float"/>
              <param name="Z" type="float"/>
            </accessor>
          </technique_common>
        </source>
        <vertices id="HAMR3_Sim_Map_-_RACK-51_003-mesh-vertices">
          <input semantic="POSITION" source="#HAMR3_Sim_Map_-_RACK-51_003-mesh-positions"/>
        </vertices>
        <triangles material="Material_017-material" count="12">
          <input semantic="VERTEX" source="#HAMR3_Sim_Map_-_RACK-51_003-mesh-vertices" offset="0"/>
          <input semantic="NORMAL" source="#HAMR3_Sim_Map_-_RACK-51_003-mesh-normals" offset="1"/>
          <p>0 0 1 0 2 0 2 1 1 1 3 1 4 2 0 2 5 2 5 3 0 3 2 3 6 4 4 4 7 4 7 5 4 5 5 5 1 6 6 6 3 6 3 7 6 7 7 7 4 8 6 8 0 8 0 9 6 9 1 9 7 10 5 10 3 10 3 11 5 11 2 11</p>
        </triangles>
      </mesh>
    </geometry>
    <geometry id="HAMR3_Sim_Map_-_RACK-50_003-mesh" name="HAMR3_Sim_Map - RACK-50.003">
      <mesh>
        <source id="HAMR3_Sim_Map_-_RACK-50_003-mesh-positions">
          <float_array id="HAMR3_Sim_Map_-_RACK-50_003-mesh-positions-array" count="24">27580.68 72061.18 5100.5 27580.68 69361.18 5100.5 27580.68 72061.18 100.5 27580.68 69361.18 100.5 26480.68 72061.18 5100.5 26480.68 72061.18 100.5 26480.68 69361.18 5100.5 26480.68 69361.18 100.5</float_array>
          <technique_common>
            <accessor source="#HAMR3_Sim_Map_-_RACK-50_003-mesh-positions-array" count="8" stride="3">
              <param name="X" type="float"/>
              <param name="Y" type="float"/>
              <param name="Z" type="float"/>
            </accessor>
          </technique_common>
        </source>
        <source id="HAMR3_Sim_Map_-_RACK-50_003-mesh-normals">
          <float_array id="HAMR3_Sim_Map_-_RACK-50_003-mesh-normals-array" count="36">1 0 0 1 0 0 0 1 0 0 1 0 -1 0 0 -1 0 0 0 -1 0 0 -1 0 0 0 1 0 0 1 0 0 -1 0 0 -1</float_array>
          <technique_common>
            <accessor source="#HAMR3_Sim_Map_-_RACK-50_003-mesh-normals-array" count="12" stride="3">
              <param name="X" type="float"/>
              <param name="Y" type="float"/>
              <param name="Z" type="float"/>
            </accessor>
          </technique_common>
        </source>
        <vertices id="HAMR3_Sim_Map_-_RACK-50_003-mesh-vertices">
          <input semantic="POSITION" source="#HAMR3_Sim_Map_-_RACK-50_003-mesh-positions"/>
        </vertices>
        <triangles material="Material_017-material" count="12">
          <input semantic="VERTEX" source="#HAMR3_Sim_Map_-_RACK-50_003-mesh-vertices" offset="0"/>
          <input semantic="NORMAL" source="#HAMR3_Sim_Map_-_RACK-50_003-mesh-normals" offset="1"/>
          <p>0 0 1 0 2 0 2 1 1 1 3 1 4 2 0 2 5 2 5 3 0 3 2 3 6 4 4 4 7 4 7 5 4 5 5 5 1 6 6 6 3 6 3 7 6 7 7 7 4 8 6 8 0 8 0 9 6 9 1 9 7 10 5 10 3 10 3 11 5 11 2 11</p>
        </triangles>
      </mesh>
    </geometry>
    <geometry id="HAMR3_Sim_Map_-_RACK-49_003-mesh" name="HAMR3_Sim_Map - RACK-49.003">
      <mesh>
        <source id="HAMR3_Sim_Map_-_RACK-49_003-mesh-positions">
          <float_array id="HAMR3_Sim_Map_-_RACK-49_003-mesh-positions-array" count="24">27580.68 74761.18 5100.5 27580.68 72061.18 5100.5 27580.68 74761.18 100.5 27580.68 72061.18 100.5 26480.68 74761.18 5100.5 26480.68 74761.18 100.5 26480.68 72061.18 5100.5 26480.68 72061.18 100.5</float_array>
          <technique_common>
            <accessor source="#HAMR3_Sim_Map_-_RACK-49_003-mesh-positions-array" count="8" stride="3">
              <param name="X" type="float"/>
              <param name="Y" type="float"/>
              <param name="Z" type="float"/>
            </accessor>
          </technique_common>
        </source>
        <source id="HAMR3_Sim_Map_-_RACK-49_003-mesh-normals">
          <float_array id="HAMR3_Sim_Map_-_RACK-49_003-mesh-normals-array" count="36">1 0 0 1 0 0 0 1 0 0 1 0 -1 0 0 -1 0 0 0 -1 0 0 -1 0 0 0 1 0 0 1 0 0 -1 0 0 -1</float_array>
          <technique_common>
            <accessor source="#HAMR3_Sim_Map_-_RACK-49_003-mesh-normals-array" count="12" stride="3">
              <param name="X" type="float"/>
              <param name="Y" type="float"/>
              <param name="Z" type="float"/>
            </accessor>
          </technique_common>
        </source>
        <vertices id="HAMR3_Sim_Map_-_RACK-49_003-mesh-vertices">
          <input semantic="POSITION" source="#HAMR3_Sim_Map_-_RACK-49_003-mesh-positions"/>
        </vertices>
        <triangles material="Material_017-material" count="12">
          <input semantic="VERTEX" source="#HAMR3_Sim_Map_-_RACK-49_003-mesh-vertices" offset="0"/>
          <input semantic="NORMAL" source="#HAMR3_Sim_Map_-_RACK-49_003-mesh-normals" offset="1"/>
          <p>0 0 1 0 2 0 2 1 1 1 3 1 4 2 0 2 5 2 5 3 0 3 2 3 6 4 4 4 7 4 7 5 4 5 5 5 1 6 6 6 3 6 3 7 6 7 7 7 4 8 6 8 0 8 0 9 6 9 1 9 7 10 5 10 3 10 3 11 5 11 2 11</p>
        </triangles>
      </mesh>
    </geometry>
    <geometry id="HAMR3_Sim_Map_-_RACK-48_003-mesh" name="HAMR3_Sim_Map - RACK-48.003">
      <mesh>
        <source id="HAMR3_Sim_Map_-_RACK-48_003-mesh-positions">
          <float_array id="HAMR3_Sim_Map_-_RACK-48_003-mesh-positions-array" count="24">27580.68 77461.18 5100.5 27580.68 74761.18 5100.5 27580.68 77461.18 100.5 27580.68 74761.18 100.5 26480.68 77461.18 5100.5 26480.68 77461.18 100.5 26480.68 74761.18 5100.5 26480.68 74761.18 100.5</float_array>
          <technique_common>
            <accessor source="#HAMR3_Sim_Map_-_RACK-48_003-mesh-positions-array" count="8" stride="3">
              <param name="X" type="float"/>
              <param name="Y" type="float"/>
              <param name="Z" type="float"/>
            </accessor>
          </technique_common>
        </source>
        <source id="HAMR3_Sim_Map_-_RACK-48_003-mesh-normals">
          <float_array id="HAMR3_Sim_Map_-_RACK-48_003-mesh-normals-array" count="36">1 0 0 1 0 0 0 1 0 0 1 0 -1 0 0 -1 0 0 0 -1 0 0 -1 0 0 0 1 0 0 1 0 0 -1 0 0 -1</float_array>
          <technique_common>
            <accessor source="#HAMR3_Sim_Map_-_RACK-48_003-mesh-normals-array" count="12" stride="3">
              <param name="X" type="float"/>
              <param name="Y" type="float"/>
              <param name="Z" type="float"/>
            </accessor>
          </technique_common>
        </source>
        <vertices id="HAMR3_Sim_Map_-_RACK-48_003-mesh-vertices">
          <input semantic="POSITION" source="#HAMR3_Sim_Map_-_RACK-48_003-mesh-positions"/>
        </vertices>
        <triangles material="Material_017-material" count="12">
          <input semantic="VERTEX" source="#HAMR3_Sim_Map_-_RACK-48_003-mesh-vertices" offset="0"/>
          <input semantic="NORMAL" source="#HAMR3_Sim_Map_-_RACK-48_003-mesh-normals" offset="1"/>
          <p>0 0 1 0 2 0 2 1 1 1 3 1 4 2 0 2 5 2 5 3 0 3 2 3 6 4 4 4 7 4 7 5 4 5 5 5 1 6 6 6 3 6 3 7 6 7 7 7 4 8 6 8 0 8 0 9 6 9 1 9 7 10 5 10 3 10 3 11 5 11 2 11</p>
        </triangles>
      </mesh>
    </geometry>
    <geometry id="HAMR3_Sim_Map_-_RACK-47_003-mesh" name="HAMR3_Sim_Map - RACK-47.003">
      <mesh>
        <source id="HAMR3_Sim_Map_-_RACK-47_003-mesh-positions">
          <float_array id="HAMR3_Sim_Map_-_RACK-47_003-mesh-positions-array" count="24">27580.68 80161.18 5100.5 27580.68 77461.18 5100.5 27580.68 80161.18 100.5 27580.68 77461.18 100.5 26480.68 80161.18 5100.5 26480.68 80161.18 100.5 26480.68 77461.18 5100.5 26480.68 77461.18 100.5</float_array>
          <technique_common>
            <accessor source="#HAMR3_Sim_Map_-_RACK-47_003-mesh-positions-array" count="8" stride="3">
              <param name="X" type="float"/>
              <param name="Y" type="float"/>
              <param name="Z" type="float"/>
            </accessor>
          </technique_common>
        </source>
        <source id="HAMR3_Sim_Map_-_RACK-47_003-mesh-normals">
          <float_array id="HAMR3_Sim_Map_-_RACK-47_003-mesh-normals-array" count="36">1 0 0 1 0 0 0 1 0 0 1 0 -1 0 0 -1 0 0 0 -1 0 0 -1 0 0 0 1 0 0 1 0 0 -1 0 0 -1</float_array>
          <technique_common>
            <accessor source="#HAMR3_Sim_Map_-_RACK-47_003-mesh-normals-array" count="12" stride="3">
              <param name="X" type="float"/>
              <param name="Y" type="float"/>
              <param name="Z" type="float"/>
            </accessor>
          </technique_common>
        </source>
        <vertices id="HAMR3_Sim_Map_-_RACK-47_003-mesh-vertices">
          <input semantic="POSITION" source="#HAMR3_Sim_Map_-_RACK-47_003-mesh-positions"/>
        </vertices>
        <triangles material="Material_017-material" count="12">
          <input semantic="VERTEX" source="#HAMR3_Sim_Map_-_RACK-47_003-mesh-vertices" offset="0"/>
          <input semantic="NORMAL" source="#HAMR3_Sim_Map_-_RACK-47_003-mesh-normals" offset="1"/>
          <p>0 0 1 0 2 0 2 1 1 1 3 1 4 2 0 2 5 2 5 3 0 3 2 3 6 4 4 4 7 4 7 5 4 5 5 5 1 6 6 6 3 6 3 7 6 7 7 7 4 8 6 8 0 8 0 9 6 9 1 9 7 10 5 10 3 10 3 11 5 11 2 11</p>
        </triangles>
      </mesh>
    </geometry>
    <geometry id="HAMR3_Sim_Map_-_RACK-46_003-mesh" name="HAMR3_Sim_Map - RACK-46.003">
      <mesh>
        <source id="HAMR3_Sim_Map_-_RACK-46_003-mesh-positions">
          <float_array id="HAMR3_Sim_Map_-_RACK-46_003-mesh-positions-array" count="24">27580.68 82861.18 5100.5 27580.68 80161.18 5100.5 27580.68 82861.18 100.5 27580.68 80161.18 100.5 26480.68 82861.18 5100.5 26480.68 82861.18 100.5 26480.68 80161.18 5100.5 26480.68 80161.18 100.5</float_array>
          <technique_common>
            <accessor source="#HAMR3_Sim_Map_-_RACK-46_003-mesh-positions-array" count="8" stride="3">
              <param name="X" type="float"/>
              <param name="Y" type="float"/>
              <param name="Z" type="float"/>
            </accessor>
          </technique_common>
        </source>
        <source id="HAMR3_Sim_Map_-_RACK-46_003-mesh-normals">
          <float_array id="HAMR3_Sim_Map_-_RACK-46_003-mesh-normals-array" count="36">1 0 0 1 0 0 0 1 0 0 1 0 -1 0 0 -1 0 0 0 -1 0 0 -1 0 0 0 1 0 0 1 0 0 -1 0 0 -1</float_array>
          <technique_common>
            <accessor source="#HAMR3_Sim_Map_-_RACK-46_003-mesh-normals-array" count="12" stride="3">
              <param name="X" type="float"/>
              <param name="Y" type="float"/>
              <param name="Z" type="float"/>
            </accessor>
          </technique_common>
        </source>
        <vertices id="HAMR3_Sim_Map_-_RACK-46_003-mesh-vertices">
          <input semantic="POSITION" source="#HAMR3_Sim_Map_-_RACK-46_003-mesh-positions"/>
        </vertices>
        <triangles material="Material_017-material" count="12">
          <input semantic="VERTEX" source="#HAMR3_Sim_Map_-_RACK-46_003-mesh-vertices" offset="0"/>
          <input semantic="NORMAL" source="#HAMR3_Sim_Map_-_RACK-46_003-mesh-normals" offset="1"/>
          <p>0 0 1 0 2 0 2 1 1 1 3 1 4 2 0 2 5 2 5 3 0 3 2 3 6 4 4 4 7 4 7 5 4 5 5 5 1 6 6 6 3 6 3 7 6 7 7 7 4 8 6 8 0 8 0 9 6 9 1 9 7 10 5 10 3 10 3 11 5 11 2 11</p>
        </triangles>
      </mesh>
    </geometry>
    <geometry id="HAMR3_Sim_Map_-_RACK-45_003-mesh" name="HAMR3_Sim_Map - RACK-45.003">
      <mesh>
        <source id="HAMR3_Sim_Map_-_RACK-45_003-mesh-positions">
          <float_array id="HAMR3_Sim_Map_-_RACK-45_003-mesh-positions-array" count="24">27580.68 85561.18 5100.5 27580.68 82861.18 5100.5 27580.68 85561.18 100.5 27580.68 82861.18 100.5 26480.68 85561.18 5100.5 26480.68 85561.18 100.5 26480.68 82861.18 5100.5 26480.68 82861.18 100.5</float_array>
          <technique_common>
            <accessor source="#HAMR3_Sim_Map_-_RACK-45_003-mesh-positions-array" count="8" stride="3">
              <param name="X" type="float"/>
              <param name="Y" type="float"/>
              <param name="Z" type="float"/>
            </accessor>
          </technique_common>
        </source>
        <source id="HAMR3_Sim_Map_-_RACK-45_003-mesh-normals">
          <float_array id="HAMR3_Sim_Map_-_RACK-45_003-mesh-normals-array" count="36">1 0 0 1 0 0 0 1 0 0 1 0 -1 0 0 -1 0 0 0 -1 0 0 -1 0 0 0 1 0 0 1 0 0 -1 0 0 -1</float_array>
          <technique_common>
            <accessor source="#HAMR3_Sim_Map_-_RACK-45_003-mesh-normals-array" count="12" stride="3">
              <param name="X" type="float"/>
              <param name="Y" type="float"/>
              <param name="Z" type="float"/>
            </accessor>
          </technique_common>
        </source>
        <vertices id="HAMR3_Sim_Map_-_RACK-45_003-mesh-vertices">
          <input semantic="POSITION" source="#HAMR3_Sim_Map_-_RACK-45_003-mesh-positions"/>
        </vertices>
        <triangles material="Material_017-material" count="12">
          <input semantic="VERTEX" source="#HAMR3_Sim_Map_-_RACK-45_003-mesh-vertices" offset="0"/>
          <input semantic="NORMAL" source="#HAMR3_Sim_Map_-_RACK-45_003-mesh-normals" offset="1"/>
          <p>0 0 1 0 2 0 2 1 1 1 3 1 4 2 0 2 5 2 5 3 0 3 2 3 6 4 4 4 7 4 7 5 4 5 5 5 1 6 6 6 3 6 3 7 6 7 7 7 4 8 6 8 0 8 0 9 6 9 1 9 7 10 5 10 3 10 3 11 5 11 2 11</p>
        </triangles>
      </mesh>
    </geometry>
    <geometry id="HAMR3_Sim_Map_-_RACK-44_003-mesh" name="HAMR3_Sim_Map - RACK-44.003">
      <mesh>
        <source id="HAMR3_Sim_Map_-_RACK-44_003-mesh-positions">
          <float_array id="HAMR3_Sim_Map_-_RACK-44_003-mesh-positions-array" count="24">27580.68 88261.18 5100.5 27580.68 85561.18 5100.5 27580.68 88261.18 100.5 27580.68 85561.18 100.5 26480.68 88261.18 5100.5 26480.68 88261.18 100.5 26480.68 85561.18 5100.5 26480.68 85561.18 100.5</float_array>
          <technique_common>
            <accessor source="#HAMR3_Sim_Map_-_RACK-44_003-mesh-positions-array" count="8" stride="3">
              <param name="X" type="float"/>
              <param name="Y" type="float"/>
              <param name="Z" type="float"/>
            </accessor>
          </technique_common>
        </source>
        <source id="HAMR3_Sim_Map_-_RACK-44_003-mesh-normals">
          <float_array id="HAMR3_Sim_Map_-_RACK-44_003-mesh-normals-array" count="36">1 0 0 1 0 0 0 1 0 0 1 0 -1 0 0 -1 0 0 0 -1 0 0 -1 0 0 0 1 0 0 1 0 0 -1 0 0 -1</float_array>
          <technique_common>
            <accessor source="#HAMR3_Sim_Map_-_RACK-44_003-mesh-normals-array" count="12" stride="3">
              <param name="X" type="float"/>
              <param name="Y" type="float"/>
              <param name="Z" type="float"/>
            </accessor>
          </technique_common>
        </source>
        <vertices id="HAMR3_Sim_Map_-_RACK-44_003-mesh-vertices">
          <input semantic="POSITION" source="#HAMR3_Sim_Map_-_RACK-44_003-mesh-positions"/>
        </vertices>
        <triangles material="Material_017-material" count="12">
          <input semantic="VERTEX" source="#HAMR3_Sim_Map_-_RACK-44_003-mesh-vertices" offset="0"/>
          <input semantic="NORMAL" source="#HAMR3_Sim_Map_-_RACK-44_003-mesh-normals" offset="1"/>
          <p>0 0 1 0 2 0 2 1 1 1 3 1 4 2 0 2 5 2 5 3 0 3 2 3 6 4 4 4 7 4 7 5 4 5 5 5 1 6 6 6 3 6 3 7 6 7 7 7 4 8 6 8 0 8 0 9 6 9 1 9 7 10 5 10 3 10 3 11 5 11 2 11</p>
        </triangles>
      </mesh>
    </geometry>
    <geometry id="HAMR3_Sim_Map_-_RACK-43_003-mesh" name="HAMR3_Sim_Map - RACK-43.003">
      <mesh>
        <source id="HAMR3_Sim_Map_-_RACK-43_003-mesh-positions">
          <float_array id="HAMR3_Sim_Map_-_RACK-43_003-mesh-positions-array" count="24">63102.11 87481.52 5100.5 63102.11 84781.52 5100.5 63102.11 87481.52 100.5 63102.11 84781.52 100.5 62002.11 87481.52 5100.5 62002.11 87481.52 100.5 62002.11 84781.52 5100.5 62002.11 84781.52 100.5</float_array>
          <technique_common>
            <accessor source="#HAMR3_Sim_Map_-_RACK-43_003-mesh-positions-array" count="8" stride="3">
              <param name="X" type="float"/>
              <param name="Y" type="float"/>
              <param name="Z" type="float"/>
            </accessor>
          </technique_common>
        </source>
        <source id="HAMR3_Sim_Map_-_RACK-43_003-mesh-normals">
          <float_array id="HAMR3_Sim_Map_-_RACK-43_003-mesh-normals-array" count="36">1 0 0 1 0 0 0 1 0 0 1 0 -1 0 0 -1 0 0 0 -1 0 0 -1 0 0 0 1 0 0 1 0 0 -1 0 0 -1</float_array>
          <technique_common>
            <accessor source="#HAMR3_Sim_Map_-_RACK-43_003-mesh-normals-array" count="12" stride="3">
              <param name="X" type="float"/>
              <param name="Y" type="float"/>
              <param name="Z" type="float"/>
            </accessor>
          </technique_common>
        </source>
        <vertices id="HAMR3_Sim_Map_-_RACK-43_003-mesh-vertices">
          <input semantic="POSITION" source="#HAMR3_Sim_Map_-_RACK-43_003-mesh-positions"/>
        </vertices>
        <triangles material="Material_017-material" count="12">
          <input semantic="VERTEX" source="#HAMR3_Sim_Map_-_RACK-43_003-mesh-vertices" offset="0"/>
          <input semantic="NORMAL" source="#HAMR3_Sim_Map_-_RACK-43_003-mesh-normals" offset="1"/>
          <p>0 0 1 0 2 0 2 1 1 1 3 1 4 2 0 2 5 2 5 3 0 3 2 3 6 4 4 4 7 4 7 5 4 5 5 5 1 6 6 6 3 6 3 7 6 7 7 7 4 8 6 8 0 8 0 9 6 9 1 9 7 10 5 10 3 10 3 11 5 11 2 11</p>
        </triangles>
      </mesh>
    </geometry>
    <geometry id="HAMR3_Sim_Map_-_RACK-42_003-mesh" name="HAMR3_Sim_Map - RACK-42.003">
      <mesh>
        <source id="HAMR3_Sim_Map_-_RACK-42_003-mesh-positions">
          <float_array id="HAMR3_Sim_Map_-_RACK-42_003-mesh-positions-array" count="24">63102.11 84781.52 5100.5 63102.11 82081.52 5100.5 63102.11 84781.52 100.5 63102.11 82081.52 100.5 62002.11 84781.52 5100.5 62002.11 84781.52 100.5 62002.11 82081.52 5100.5 62002.11 82081.52 100.5</float_array>
          <technique_common>
            <accessor source="#HAMR3_Sim_Map_-_RACK-42_003-mesh-positions-array" count="8" stride="3">
              <param name="X" type="float"/>
              <param name="Y" type="float"/>
              <param name="Z" type="float"/>
            </accessor>
          </technique_common>
        </source>
        <source id="HAMR3_Sim_Map_-_RACK-42_003-mesh-normals">
          <float_array id="HAMR3_Sim_Map_-_RACK-42_003-mesh-normals-array" count="36">1 0 0 1 0 0 0 1 0 0 1 0 -1 0 0 -1 0 0 0 -1 0 0 -1 0 0 0 1 0 0 1 0 0 -1 0 0 -1</float_array>
          <technique_common>
            <accessor source="#HAMR3_Sim_Map_-_RACK-42_003-mesh-normals-array" count="12" stride="3">
              <param name="X" type="float"/>
              <param name="Y" type="float"/>
              <param name="Z" type="float"/>
            </accessor>
          </technique_common>
        </source>
        <vertices id="HAMR3_Sim_Map_-_RACK-42_003-mesh-vertices">
          <input semantic="POSITION" source="#HAMR3_Sim_Map_-_RACK-42_003-mesh-positions"/>
        </vertices>
        <triangles material="Material_017-material" count="12">
          <input semantic="VERTEX" source="#HAMR3_Sim_Map_-_RACK-42_003-mesh-vertices" offset="0"/>
          <input semantic="NORMAL" source="#HAMR3_Sim_Map_-_RACK-42_003-mesh-normals" offset="1"/>
          <p>0 0 1 0 2 0 2 1 1 1 3 1 4 2 0 2 5 2 5 3 0 3 2 3 6 4 4 4 7 4 7 5 4 5 5 5 1 6 6 6 3 6 3 7 6 7 7 7 4 8 6 8 0 8 0 9 6 9 1 9 7 10 5 10 3 10 3 11 5 11 2 11</p>
        </triangles>
      </mesh>
    </geometry>
    <geometry id="HAMR3_Sim_Map_-_RACK-41_003-mesh" name="HAMR3_Sim_Map - RACK-41.003">
      <mesh>
        <source id="HAMR3_Sim_Map_-_RACK-41_003-mesh-positions">
          <float_array id="HAMR3_Sim_Map_-_RACK-41_003-mesh-positions-array" count="24">63102.11 82081.52 5100.5 63102.11 79381.52 5100.5 63102.11 82081.52 100.5 63102.11 79381.52 100.5 62002.11 82081.52 5100.5 62002.11 82081.52 100.5 62002.11 79381.52 5100.5 62002.11 79381.52 100.5</float_array>
          <technique_common>
            <accessor source="#HAMR3_Sim_Map_-_RACK-41_003-mesh-positions-array" count="8" stride="3">
              <param name="X" type="float"/>
              <param name="Y" type="float"/>
              <param name="Z" type="float"/>
            </accessor>
          </technique_common>
        </source>
        <source id="HAMR3_Sim_Map_-_RACK-41_003-mesh-normals">
          <float_array id="HAMR3_Sim_Map_-_RACK-41_003-mesh-normals-array" count="36">1 0 0 1 0 0 0 1 0 0 1 0 -1 0 0 -1 0 0 0 -1 0 0 -1 0 0 0 1 0 0 1 0 0 -1 0 0 -1</float_array>
          <technique_common>
            <accessor source="#HAMR3_Sim_Map_-_RACK-41_003-mesh-normals-array" count="12" stride="3">
              <param name="X" type="float"/>
              <param name="Y" type="float"/>
              <param name="Z" type="float"/>
            </accessor>
          </technique_common>
        </source>
        <vertices id="HAMR3_Sim_Map_-_RACK-41_003-mesh-vertices">
          <input semantic="POSITION" source="#HAMR3_Sim_Map_-_RACK-41_003-mesh-positions"/>
        </vertices>
        <triangles material="Material_017-material" count="12">
          <input semantic="VERTEX" source="#HAMR3_Sim_Map_-_RACK-41_003-mesh-vertices" offset="0"/>
          <input semantic="NORMAL" source="#HAMR3_Sim_Map_-_RACK-41_003-mesh-normals" offset="1"/>
          <p>0 0 1 0 2 0 2 1 1 1 3 1 4 2 0 2 5 2 5 3 0 3 2 3 6 4 4 4 7 4 7 5 4 5 5 5 1 6 6 6 3 6 3 7 6 7 7 7 4 8 6 8 0 8 0 9 6 9 1 9 7 10 5 10 3 10 3 11 5 11 2 11</p>
        </triangles>
      </mesh>
    </geometry>
    <geometry id="HAMR3_Sim_Map_-_RACK-40_003-mesh" name="HAMR3_Sim_Map - RACK-40.003">
      <mesh>
        <source id="HAMR3_Sim_Map_-_RACK-40_003-mesh-positions">
          <float_array id="HAMR3_Sim_Map_-_RACK-40_003-mesh-positions-array" count="24">63102.11 79381.52 5100.5 63102.11 76681.52 5100.5 63102.11 79381.52 100.5 63102.11 76681.52 100.5 62002.11 79381.52 5100.5 62002.11 79381.52 100.5 62002.11 76681.52 5100.5 62002.11 76681.52 100.5</float_array>
          <technique_common>
            <accessor source="#HAMR3_Sim_Map_-_RACK-40_003-mesh-positions-array" count="8" stride="3">
              <param name="X" type="float"/>
              <param name="Y" type="float"/>
              <param name="Z" type="float"/>
            </accessor>
          </technique_common>
        </source>
        <source id="HAMR3_Sim_Map_-_RACK-40_003-mesh-normals">
          <float_array id="HAMR3_Sim_Map_-_RACK-40_003-mesh-normals-array" count="36">1 0 0 1 0 0 0 1 0 0 1 0 -1 0 0 -1 0 0 0 -1 0 0 -1 0 0 0 1 0 0 1 0 0 -1 0 0 -1</float_array>
          <technique_common>
            <accessor source="#HAMR3_Sim_Map_-_RACK-40_003-mesh-normals-array" count="12" stride="3">
              <param name="X" type="float"/>
              <param name="Y" type="float"/>
              <param name="Z" type="float"/>
            </accessor>
          </technique_common>
        </source>
        <vertices id="HAMR3_Sim_Map_-_RACK-40_003-mesh-vertices">
          <input semantic="POSITION" source="#HAMR3_Sim_Map_-_RACK-40_003-mesh-positions"/>
        </vertices>
        <triangles material="Material_017-material" count="12">
          <input semantic="VERTEX" source="#HAMR3_Sim_Map_-_RACK-40_003-mesh-vertices" offset="0"/>
          <input semantic="NORMAL" source="#HAMR3_Sim_Map_-_RACK-40_003-mesh-normals" offset="1"/>
          <p>0 0 1 0 2 0 2 1 1 1 3 1 4 2 0 2 5 2 5 3 0 3 2 3 6 4 4 4 7 4 7 5 4 5 5 5 1 6 6 6 3 6 3 7 6 7 7 7 4 8 6 8 0 8 0 9 6 9 1 9 7 10 5 10 3 10 3 11 5 11 2 11</p>
        </triangles>
      </mesh>
    </geometry>
    <geometry id="HAMR3_Sim_Map_-_RACK-39_003-mesh" name="HAMR3_Sim_Map - RACK-39.003">
      <mesh>
        <source id="HAMR3_Sim_Map_-_RACK-39_003-mesh-positions">
          <float_array id="HAMR3_Sim_Map_-_RACK-39_003-mesh-positions-array" count="24">70701.11 86282.18 5100.5 70701.11 83582.18 5100.5 70701.11 86282.18 100.5 70701.11 83582.18 100.5 69601.11 86282.18 5100.5 69601.11 86282.18 100.5 69601.11 83582.18 5100.5 69601.11 83582.18 100.5</float_array>
          <technique_common>
            <accessor source="#HAMR3_Sim_Map_-_RACK-39_003-mesh-positions-array" count="8" stride="3">
              <param name="X" type="float"/>
              <param name="Y" type="float"/>
              <param name="Z" type="float"/>
            </accessor>
          </technique_common>
        </source>
        <source id="HAMR3_Sim_Map_-_RACK-39_003-mesh-normals">
          <float_array id="HAMR3_Sim_Map_-_RACK-39_003-mesh-normals-array" count="36">1 0 0 1 0 0 0 1 0 0 1 0 -1 0 0 -1 0 0 0 -1 0 0 -1 0 0 0 1 0 0 1 0 0 -1 0 0 -1</float_array>
          <technique_common>
            <accessor source="#HAMR3_Sim_Map_-_RACK-39_003-mesh-normals-array" count="12" stride="3">
              <param name="X" type="float"/>
              <param name="Y" type="float"/>
              <param name="Z" type="float"/>
            </accessor>
          </technique_common>
        </source>
        <vertices id="HAMR3_Sim_Map_-_RACK-39_003-mesh-vertices">
          <input semantic="POSITION" source="#HAMR3_Sim_Map_-_RACK-39_003-mesh-positions"/>
        </vertices>
        <triangles material="Material_017-material" count="12">
          <input semantic="VERTEX" source="#HAMR3_Sim_Map_-_RACK-39_003-mesh-vertices" offset="0"/>
          <input semantic="NORMAL" source="#HAMR3_Sim_Map_-_RACK-39_003-mesh-normals" offset="1"/>
          <p>0 0 1 0 2 0 2 1 1 1 3 1 4 2 0 2 5 2 5 3 0 3 2 3 6 4 4 4 7 4 7 5 4 5 5 5 1 6 6 6 3 6 3 7 6 7 7 7 4 8 6 8 0 8 0 9 6 9 1 9 7 10 5 10 3 10 3 11 5 11 2 11</p>
        </triangles>
      </mesh>
    </geometry>
    <geometry id="HAMR3_Sim_Map_-_RACK-38_003-mesh" name="HAMR3_Sim_Map - RACK-38.003">
      <mesh>
        <source id="HAMR3_Sim_Map_-_RACK-38_003-mesh-positions">
          <float_array id="HAMR3_Sim_Map_-_RACK-38_003-mesh-positions-array" count="24">70701.11 83582.18 5100.5 70701.11 80882.18 5100.5 70701.11 83582.18 100.5 70701.11 80882.18 100.5 69601.11 83582.18 5100.5 69601.11 83582.18 100.5 69601.11 80882.18 5100.5 69601.11 80882.18 100.5</float_array>
          <technique_common>
            <accessor source="#HAMR3_Sim_Map_-_RACK-38_003-mesh-positions-array" count="8" stride="3">
              <param name="X" type="float"/>
              <param name="Y" type="float"/>
              <param name="Z" type="float"/>
            </accessor>
          </technique_common>
        </source>
        <source id="HAMR3_Sim_Map_-_RACK-38_003-mesh-normals">
          <float_array id="HAMR3_Sim_Map_-_RACK-38_003-mesh-normals-array" count="36">1 0 0 1 0 0 0 1 0 0 1 0 -1 0 0 -1 0 0 0 -1 0 0 -1 0 0 0 1 0 0 1 0 0 -1 0 0 -1</float_array>
          <technique_common>
            <accessor source="#HAMR3_Sim_Map_-_RACK-38_003-mesh-normals-array" count="12" stride="3">
              <param name="X" type="float"/>
              <param name="Y" type="float"/>
              <param name="Z" type="float"/>
            </accessor>
          </technique_common>
        </source>
        <vertices id="HAMR3_Sim_Map_-_RACK-38_003-mesh-vertices">
          <input semantic="POSITION" source="#HAMR3_Sim_Map_-_RACK-38_003-mesh-positions"/>
        </vertices>
        <triangles material="Material_017-material" count="12">
          <input semantic="VERTEX" source="#HAMR3_Sim_Map_-_RACK-38_003-mesh-vertices" offset="0"/>
          <input semantic="NORMAL" source="#HAMR3_Sim_Map_-_RACK-38_003-mesh-normals" offset="1"/>
          <p>0 0 1 0 2 0 2 1 1 1 3 1 4 2 0 2 5 2 5 3 0 3 2 3 6 4 4 4 7 4 7 5 4 5 5 5 1 6 6 6 3 6 3 7 6 7 7 7 4 8 6 8 0 8 0 9 6 9 1 9 7 10 5 10 3 10 3 11 5 11 2 11</p>
        </triangles>
      </mesh>
    </geometry>
    <geometry id="HAMR3_Sim_Map_-_RACK-37_003-mesh" name="HAMR3_Sim_Map - RACK-37.003">
      <mesh>
        <source id="HAMR3_Sim_Map_-_RACK-37_003-mesh-positions">
          <float_array id="HAMR3_Sim_Map_-_RACK-37_003-mesh-positions-array" count="24">70701.11 80882.18 5100.5 70701.11 78182.18 5100.5 70701.11 80882.18 100.5 70701.11 78182.18 100.5 69601.11 80882.18 5100.5 69601.11 80882.18 100.5 69601.11 78182.18 5100.5 69601.11 78182.18 100.5</float_array>
          <technique_common>
            <accessor source="#HAMR3_Sim_Map_-_RACK-37_003-mesh-positions-array" count="8" stride="3">
              <param name="X" type="float"/>
              <param name="Y" type="float"/>
              <param name="Z" type="float"/>
            </accessor>
          </technique_common>
        </source>
        <source id="HAMR3_Sim_Map_-_RACK-37_003-mesh-normals">
          <float_array id="HAMR3_Sim_Map_-_RACK-37_003-mesh-normals-array" count="36">1 0 0 1 0 0 0 1 0 0 1 0 -1 0 0 -1 0 0 0 -1 0 0 -1 0 0 0 1 0 0 1 0 0 -1 0 0 -1</float_array>
          <technique_common>
            <accessor source="#HAMR3_Sim_Map_-_RACK-37_003-mesh-normals-array" count="12" stride="3">
              <param name="X" type="float"/>
              <param name="Y" type="float"/>
              <param name="Z" type="float"/>
            </accessor>
          </technique_common>
        </source>
        <vertices id="HAMR3_Sim_Map_-_RACK-37_003-mesh-vertices">
          <input semantic="POSITION" source="#HAMR3_Sim_Map_-_RACK-37_003-mesh-positions"/>
        </vertices>
        <triangles material="Material_017-material" count="12">
          <input semantic="VERTEX" source="#HAMR3_Sim_Map_-_RACK-37_003-mesh-vertices" offset="0"/>
          <input semantic="NORMAL" source="#HAMR3_Sim_Map_-_RACK-37_003-mesh-normals" offset="1"/>
          <p>0 0 1 0 2 0 2 1 1 1 3 1 4 2 0 2 5 2 5 3 0 3 2 3 6 4 4 4 7 4 7 5 4 5 5 5 1 6 6 6 3 6 3 7 6 7 7 7 4 8 6 8 0 8 0 9 6 9 1 9 7 10 5 10 3 10 3 11 5 11 2 11</p>
        </triangles>
      </mesh>
    </geometry>
    <geometry id="HAMR3_Sim_Map_-_RACK-36_003-mesh" name="HAMR3_Sim_Map - RACK-36.003">
      <mesh>
        <source id="HAMR3_Sim_Map_-_RACK-36_003-mesh-positions">
          <float_array id="HAMR3_Sim_Map_-_RACK-36_003-mesh-positions-array" count="24">70701.11 75482.18 5100.5 70701.11 72782.18 5100.5 70701.11 75482.18 100.5 70701.11 72782.18 100.5 69601.11 75482.18 5100.5 69601.11 75482.18 100.5 69601.11 72782.18 5100.5 69601.11 72782.18 100.5</float_array>
          <technique_common>
            <accessor source="#HAMR3_Sim_Map_-_RACK-36_003-mesh-positions-array" count="8" stride="3">
              <param name="X" type="float"/>
              <param name="Y" type="float"/>
              <param name="Z" type="float"/>
            </accessor>
          </technique_common>
        </source>
        <source id="HAMR3_Sim_Map_-_RACK-36_003-mesh-normals">
          <float_array id="HAMR3_Sim_Map_-_RACK-36_003-mesh-normals-array" count="36">1 0 0 1 0 0 0 1 0 0 1 0 -1 0 0 -1 0 0 0 -1 0 0 -1 0 0 0 1 0 0 1 0 0 -1 0 0 -1</float_array>
          <technique_common>
            <accessor source="#HAMR3_Sim_Map_-_RACK-36_003-mesh-normals-array" count="12" stride="3">
              <param name="X" type="float"/>
              <param name="Y" type="float"/>
              <param name="Z" type="float"/>
            </accessor>
          </technique_common>
        </source>
        <vertices id="HAMR3_Sim_Map_-_RACK-36_003-mesh-vertices">
          <input semantic="POSITION" source="#HAMR3_Sim_Map_-_RACK-36_003-mesh-positions"/>
        </vertices>
        <triangles material="Material_017-material" count="12">
          <input semantic="VERTEX" source="#HAMR3_Sim_Map_-_RACK-36_003-mesh-vertices" offset="0"/>
          <input semantic="NORMAL" source="#HAMR3_Sim_Map_-_RACK-36_003-mesh-normals" offset="1"/>
          <p>0 0 1 0 2 0 2 1 1 1 3 1 4 2 0 2 5 2 5 3 0 3 2 3 6 4 4 4 7 4 7 5 4 5 5 5 1 6 6 6 3 6 3 7 6 7 7 7 4 8 6 8 0 8 0 9 6 9 1 9 7 10 5 10 3 10 3 11 5 11 2 11</p>
        </triangles>
      </mesh>
    </geometry>
    <geometry id="HAMR3_Sim_Map_-_RACK-35_003-mesh" name="HAMR3_Sim_Map - RACK-35.003">
      <mesh>
        <source id="HAMR3_Sim_Map_-_RACK-35_003-mesh-positions">
          <float_array id="HAMR3_Sim_Map_-_RACK-35_003-mesh-positions-array" count="24">70701.11 72782.18 5100.5 70701.11 70082.18 5100.5 70701.11 72782.18 100.5 70701.11 70082.18 100.5 69601.11 72782.18 5100.5 69601.11 72782.18 100.5 69601.11 70082.18 5100.5 69601.11 70082.18 100.5</float_array>
          <technique_common>
            <accessor source="#HAMR3_Sim_Map_-_RACK-35_003-mesh-positions-array" count="8" stride="3">
              <param name="X" type="float"/>
              <param name="Y" type="float"/>
              <param name="Z" type="float"/>
            </accessor>
          </technique_common>
        </source>
        <source id="HAMR3_Sim_Map_-_RACK-35_003-mesh-normals">
          <float_array id="HAMR3_Sim_Map_-_RACK-35_003-mesh-normals-array" count="36">1 0 0 1 0 0 0 1 0 0 1 0 -1 0 0 -1 0 0 0 -1 0 0 -1 0 0 0 1 0 0 1 0 0 -1 0 0 -1</float_array>
          <technique_common>
            <accessor source="#HAMR3_Sim_Map_-_RACK-35_003-mesh-normals-array" count="12" stride="3">
              <param name="X" type="float"/>
              <param name="Y" type="float"/>
              <param name="Z" type="float"/>
            </accessor>
          </technique_common>
        </source>
        <vertices id="HAMR3_Sim_Map_-_RACK-35_003-mesh-vertices">
          <input semantic="POSITION" source="#HAMR3_Sim_Map_-_RACK-35_003-mesh-positions"/>
        </vertices>
        <triangles material="Material_017-material" count="12">
          <input semantic="VERTEX" source="#HAMR3_Sim_Map_-_RACK-35_003-mesh-vertices" offset="0"/>
          <input semantic="NORMAL" source="#HAMR3_Sim_Map_-_RACK-35_003-mesh-normals" offset="1"/>
          <p>0 0 1 0 2 0 2 1 1 1 3 1 4 2 0 2 5 2 5 3 0 3 2 3 6 4 4 4 7 4 7 5 4 5 5 5 1 6 6 6 3 6 3 7 6 7 7 7 4 8 6 8 0 8 0 9 6 9 1 9 7 10 5 10 3 10 3 11 5 11 2 11</p>
        </triangles>
      </mesh>
    </geometry>
    <geometry id="HAMR3_Sim_Map_-_RACK-34_003-mesh" name="HAMR3_Sim_Map - RACK-34.003">
      <mesh>
        <source id="HAMR3_Sim_Map_-_RACK-34_003-mesh-positions">
          <float_array id="HAMR3_Sim_Map_-_RACK-34_003-mesh-positions-array" count="24">70701.11 70082.18 5100.5 70701.11 67382.18 5100.5 70701.11 70082.18 100.5 70701.11 67382.18 100.5 69601.11 70082.18 5100.5 69601.11 70082.18 100.5 69601.11 67382.18 5100.5 69601.11 67382.18 100.5</float_array>
          <technique_common>
            <accessor source="#HAMR3_Sim_Map_-_RACK-34_003-mesh-positions-array" count="8" stride="3">
              <param name="X" type="float"/>
              <param name="Y" type="float"/>
              <param name="Z" type="float"/>
            </accessor>
          </technique_common>
        </source>
        <source id="HAMR3_Sim_Map_-_RACK-34_003-mesh-normals">
          <float_array id="HAMR3_Sim_Map_-_RACK-34_003-mesh-normals-array" count="36">1 0 0 1 0 0 0 1 0 0 1 0 -1 0 0 -1 0 0 0 -1 0 0 -1 0 0 0 1 0 0 1 0 0 -1 0 0 -1</float_array>
          <technique_common>
            <accessor source="#HAMR3_Sim_Map_-_RACK-34_003-mesh-normals-array" count="12" stride="3">
              <param name="X" type="float"/>
              <param name="Y" type="float"/>
              <param name="Z" type="float"/>
            </accessor>
          </technique_common>
        </source>
        <vertices id="HAMR3_Sim_Map_-_RACK-34_003-mesh-vertices">
          <input semantic="POSITION" source="#HAMR3_Sim_Map_-_RACK-34_003-mesh-positions"/>
        </vertices>
        <triangles material="Material_017-material" count="12">
          <input semantic="VERTEX" source="#HAMR3_Sim_Map_-_RACK-34_003-mesh-vertices" offset="0"/>
          <input semantic="NORMAL" source="#HAMR3_Sim_Map_-_RACK-34_003-mesh-normals" offset="1"/>
          <p>0 0 1 0 2 0 2 1 1 1 3 1 4 2 0 2 5 2 5 3 0 3 2 3 6 4 4 4 7 4 7 5 4 5 5 5 1 6 6 6 3 6 3 7 6 7 7 7 4 8 6 8 0 8 0 9 6 9 1 9 7 10 5 10 3 10 3 11 5 11 2 11</p>
        </triangles>
      </mesh>
    </geometry>
    <geometry id="HAMR3_Sim_Map_-_RACK-33_003-mesh" name="HAMR3_Sim_Map - RACK-33.003">
      <mesh>
        <source id="HAMR3_Sim_Map_-_RACK-33_003-mesh-positions">
          <float_array id="HAMR3_Sim_Map_-_RACK-33_003-mesh-positions-array" count="24">70701.11 67382.18 5100.5 70701.11 64682.17 5100.5 70701.11 67382.18 100.5 70701.11 64682.17 100.5 69601.11 67382.18 5100.5 69601.11 67382.18 100.5 69601.11 64682.17 5100.5 69601.11 64682.17 100.5</float_array>
          <technique_common>
            <accessor source="#HAMR3_Sim_Map_-_RACK-33_003-mesh-positions-array" count="8" stride="3">
              <param name="X" type="float"/>
              <param name="Y" type="float"/>
              <param name="Z" type="float"/>
            </accessor>
          </technique_common>
        </source>
        <source id="HAMR3_Sim_Map_-_RACK-33_003-mesh-normals">
          <float_array id="HAMR3_Sim_Map_-_RACK-33_003-mesh-normals-array" count="36">1 0 0 1 0 0 0 1 0 0 1 0 -1 0 0 -1 0 0 0 -1 0 0 -1 0 0 0 1 0 0 1 0 0 -1 0 0 -1</float_array>
          <technique_common>
            <accessor source="#HAMR3_Sim_Map_-_RACK-33_003-mesh-normals-array" count="12" stride="3">
              <param name="X" type="float"/>
              <param name="Y" type="float"/>
              <param name="Z" type="float"/>
            </accessor>
          </technique_common>
        </source>
        <vertices id="HAMR3_Sim_Map_-_RACK-33_003-mesh-vertices">
          <input semantic="POSITION" source="#HAMR3_Sim_Map_-_RACK-33_003-mesh-positions"/>
        </vertices>
        <triangles material="Material_017-material" count="12">
          <input semantic="VERTEX" source="#HAMR3_Sim_Map_-_RACK-33_003-mesh-vertices" offset="0"/>
          <input semantic="NORMAL" source="#HAMR3_Sim_Map_-_RACK-33_003-mesh-normals" offset="1"/>
          <p>0 0 1 0 2 0 2 1 1 1 3 1 4 2 0 2 5 2 5 3 0 3 2 3 6 4 4 4 7 4 7 5 4 5 5 5 1 6 6 6 3 6 3 7 6 7 7 7 4 8 6 8 0 8 0 9 6 9 1 9 7 10 5 10 3 10 3 11 5 11 2 11</p>
        </triangles>
      </mesh>
    </geometry>
    <geometry id="HAMR3_Sim_Map_-_RACK-32_003-mesh" name="HAMR3_Sim_Map - RACK-32.003">
      <mesh>
        <source id="HAMR3_Sim_Map_-_RACK-32_003-mesh-positions">
          <float_array id="HAMR3_Sim_Map_-_RACK-32_003-mesh-positions-array" count="24">71801.11 86282.18 5100.5 71801.11 83582.18 5100.5 71801.11 86282.18 100.5 71801.11 83582.18 100.5 70701.11 86282.18 5100.5 70701.11 86282.18 100.5 70701.11 83582.18 5100.5 70701.11 83582.18 100.5</float_array>
          <technique_common>
            <accessor source="#HAMR3_Sim_Map_-_RACK-32_003-mesh-positions-array" count="8" stride="3">
              <param name="X" type="float"/>
              <param name="Y" type="float"/>
              <param name="Z" type="float"/>
            </accessor>
          </technique_common>
        </source>
        <source id="HAMR3_Sim_Map_-_RACK-32_003-mesh-normals">
          <float_array id="HAMR3_Sim_Map_-_RACK-32_003-mesh-normals-array" count="36">1 0 0 1 0 0 0 1 0 0 1 0 -1 0 0 -1 0 0 0 -1 0 0 -1 0 0 0 1 0 0 1 0 0 -1 0 0 -1</float_array>
          <technique_common>
            <accessor source="#HAMR3_Sim_Map_-_RACK-32_003-mesh-normals-array" count="12" stride="3">
              <param name="X" type="float"/>
              <param name="Y" type="float"/>
              <param name="Z" type="float"/>
            </accessor>
          </technique_common>
        </source>
        <vertices id="HAMR3_Sim_Map_-_RACK-32_003-mesh-vertices">
          <input semantic="POSITION" source="#HAMR3_Sim_Map_-_RACK-32_003-mesh-positions"/>
        </vertices>
        <triangles material="Material_017-material" count="12">
          <input semantic="VERTEX" source="#HAMR3_Sim_Map_-_RACK-32_003-mesh-vertices" offset="0"/>
          <input semantic="NORMAL" source="#HAMR3_Sim_Map_-_RACK-32_003-mesh-normals" offset="1"/>
          <p>0 0 1 0 2 0 2 1 1 1 3 1 4 2 0 2 5 2 5 3 0 3 2 3 6 4 4 4 7 4 7 5 4 5 5 5 1 6 6 6 3 6 3 7 6 7 7 7 4 8 6 8 0 8 0 9 6 9 1 9 7 10 5 10 3 10 3 11 5 11 2 11</p>
        </triangles>
      </mesh>
    </geometry>
    <geometry id="HAMR3_Sim_Map_-_RACK-31_003-mesh" name="HAMR3_Sim_Map - RACK-31.003">
      <mesh>
        <source id="HAMR3_Sim_Map_-_RACK-31_003-mesh-positions">
          <float_array id="HAMR3_Sim_Map_-_RACK-31_003-mesh-positions-array" count="24">71801.11 83582.18 5100.5 71801.11 80882.18 5100.5 71801.11 83582.18 100.5 71801.11 80882.18 100.5 70701.11 83582.18 5100.5 70701.11 83582.18 100.5 70701.11 80882.18 5100.5 70701.11 80882.18 100.5</float_array>
          <technique_common>
            <accessor source="#HAMR3_Sim_Map_-_RACK-31_003-mesh-positions-array" count="8" stride="3">
              <param name="X" type="float"/>
              <param name="Y" type="float"/>
              <param name="Z" type="float"/>
            </accessor>
          </technique_common>
        </source>
        <source id="HAMR3_Sim_Map_-_RACK-31_003-mesh-normals">
          <float_array id="HAMR3_Sim_Map_-_RACK-31_003-mesh-normals-array" count="36">1 0 0 1 0 0 0 1 0 0 1 0 -1 0 0 -1 0 0 0 -1 0 0 -1 0 0 0 1 0 0 1 0 0 -1 0 0 -1</float_array>
          <technique_common>
            <accessor source="#HAMR3_Sim_Map_-_RACK-31_003-mesh-normals-array" count="12" stride="3">
              <param name="X" type="float"/>
              <param name="Y" type="float"/>
              <param name="Z" type="float"/>
            </accessor>
          </technique_common>
        </source>
        <vertices id="HAMR3_Sim_Map_-_RACK-31_003-mesh-vertices">
          <input semantic="POSITION" source="#HAMR3_Sim_Map_-_RACK-31_003-mesh-positions"/>
        </vertices>
        <triangles material="Material_017-material" count="12">
          <input semantic="VERTEX" source="#HAMR3_Sim_Map_-_RACK-31_003-mesh-vertices" offset="0"/>
          <input semantic="NORMAL" source="#HAMR3_Sim_Map_-_RACK-31_003-mesh-normals" offset="1"/>
          <p>0 0 1 0 2 0 2 1 1 1 3 1 4 2 0 2 5 2 5 3 0 3 2 3 6 4 4 4 7 4 7 5 4 5 5 5 1 6 6 6 3 6 3 7 6 7 7 7 4 8 6 8 0 8 0 9 6 9 1 9 7 10 5 10 3 10 3 11 5 11 2 11</p>
        </triangles>
      </mesh>
    </geometry>
    <geometry id="HAMR3_Sim_Map_-_RACK-30_003-mesh" name="HAMR3_Sim_Map - RACK-30.003">
      <mesh>
        <source id="HAMR3_Sim_Map_-_RACK-30_003-mesh-positions">
          <float_array id="HAMR3_Sim_Map_-_RACK-30_003-mesh-positions-array" count="24">71801.11 80882.18 5100.5 71801.11 78182.18 5100.5 71801.11 80882.18 100.5 71801.11 78182.18 100.5 70701.11 80882.18 5100.5 70701.11 80882.18 100.5 70701.11 78182.18 5100.5 70701.11 78182.18 100.5</float_array>
          <technique_common>
            <accessor source="#HAMR3_Sim_Map_-_RACK-30_003-mesh-positions-array" count="8" stride="3">
              <param name="X" type="float"/>
              <param name="Y" type="float"/>
              <param name="Z" type="float"/>
            </accessor>
          </technique_common>
        </source>
        <source id="HAMR3_Sim_Map_-_RACK-30_003-mesh-normals">
          <float_array id="HAMR3_Sim_Map_-_RACK-30_003-mesh-normals-array" count="36">1 0 0 1 0 0 0 1 0 0 1 0 -1 0 0 -1 0 0 0 -1 0 0 -1 0 0 0 1 0 0 1 0 0 -1 0 0 -1</float_array>
          <technique_common>
            <accessor source="#HAMR3_Sim_Map_-_RACK-30_003-mesh-normals-array" count="12" stride="3">
              <param name="X" type="float"/>
              <param name="Y" type="float"/>
              <param name="Z" type="float"/>
            </accessor>
          </technique_common>
        </source>
        <vertices id="HAMR3_Sim_Map_-_RACK-30_003-mesh-vertices">
          <input semantic="POSITION" source="#HAMR3_Sim_Map_-_RACK-30_003-mesh-positions"/>
        </vertices>
        <triangles material="Material_017-material" count="12">
          <input semantic="VERTEX" source="#HAMR3_Sim_Map_-_RACK-30_003-mesh-vertices" offset="0"/>
          <input semantic="NORMAL" source="#HAMR3_Sim_Map_-_RACK-30_003-mesh-normals" offset="1"/>
          <p>0 0 1 0 2 0 2 1 1 1 3 1 4 2 0 2 5 2 5 3 0 3 2 3 6 4 4 4 7 4 7 5 4 5 5 5 1 6 6 6 3 6 3 7 6 7 7 7 4 8 6 8 0 8 0 9 6 9 1 9 7 10 5 10 3 10 3 11 5 11 2 11</p>
        </triangles>
      </mesh>
    </geometry>
    <geometry id="HAMR3_Sim_Map_-_RACK-29_003-mesh" name="HAMR3_Sim_Map - RACK-29.003">
      <mesh>
        <source id="HAMR3_Sim_Map_-_RACK-29_003-mesh-positions">
          <float_array id="HAMR3_Sim_Map_-_RACK-29_003-mesh-positions-array" count="24">71801.11 78182.18 5100.5 71801.11 75482.18 5100.5 71801.11 78182.18 100.5 71801.11 75482.18 100.5 70701.11 78182.18 5100.5 70701.11 78182.18 100.5 70701.11 75482.18 5100.5 70701.11 75482.18 100.5</float_array>
          <technique_common>
            <accessor source="#HAMR3_Sim_Map_-_RACK-29_003-mesh-positions-array" count="8" stride="3">
              <param name="X" type="float"/>
              <param name="Y" type="float"/>
              <param name="Z" type="float"/>
            </accessor>
          </technique_common>
        </source>
        <source id="HAMR3_Sim_Map_-_RACK-29_003-mesh-normals">
          <float_array id="HAMR3_Sim_Map_-_RACK-29_003-mesh-normals-array" count="36">1 0 0 1 0 0 0 1 0 0 1 0 -1 0 0 -1 0 0 0 -1 0 0 -1 0 0 0 1 0 0 1 0 0 -1 0 0 -1</float_array>
          <technique_common>
            <accessor source="#HAMR3_Sim_Map_-_RACK-29_003-mesh-normals-array" count="12" stride="3">
              <param name="X" type="float"/>
              <param name="Y" type="float"/>
              <param name="Z" type="float"/>
            </accessor>
          </technique_common>
        </source>
        <vertices id="HAMR3_Sim_Map_-_RACK-29_003-mesh-vertices">
          <input semantic="POSITION" source="#HAMR3_Sim_Map_-_RACK-29_003-mesh-positions"/>
        </vertices>
        <triangles material="Material_017-material" count="12">
          <input semantic="VERTEX" source="#HAMR3_Sim_Map_-_RACK-29_003-mesh-vertices" offset="0"/>
          <input semantic="NORMAL" source="#HAMR3_Sim_Map_-_RACK-29_003-mesh-normals" offset="1"/>
          <p>0 0 1 0 2 0 2 1 1 1 3 1 4 2 0 2 5 2 5 3 0 3 2 3 6 4 4 4 7 4 7 5 4 5 5 5 1 6 6 6 3 6 3 7 6 7 7 7 4 8 6 8 0 8 0 9 6 9 1 9 7 10 5 10 3 10 3 11 5 11 2 11</p>
        </triangles>
      </mesh>
    </geometry>
    <geometry id="HAMR3_Sim_Map_-_RACK-28_003-mesh" name="HAMR3_Sim_Map - RACK-28.003">
      <mesh>
        <source id="HAMR3_Sim_Map_-_RACK-28_003-mesh-positions">
          <float_array id="HAMR3_Sim_Map_-_RACK-28_003-mesh-positions-array" count="24">71801.11 75482.18 5100.5 71801.11 72782.18 5100.5 71801.11 75482.18 100.5 71801.11 72782.18 100.5 70701.11 75482.18 5100.5 70701.11 75482.18 100.5 70701.11 72782.18 5100.5 70701.11 72782.18 100.5</float_array>
          <technique_common>
            <accessor source="#HAMR3_Sim_Map_-_RACK-28_003-mesh-positions-array" count="8" stride="3">
              <param name="X" type="float"/>
              <param name="Y" type="float"/>
              <param name="Z" type="float"/>
            </accessor>
          </technique_common>
        </source>
        <source id="HAMR3_Sim_Map_-_RACK-28_003-mesh-normals">
          <float_array id="HAMR3_Sim_Map_-_RACK-28_003-mesh-normals-array" count="36">1 0 0 1 0 0 0 1 0 0 1 0 -1 0 0 -1 0 0 0 -1 0 0 -1 0 0 0 1 0 0 1 0 0 -1 0 0 -1</float_array>
          <technique_common>
            <accessor source="#HAMR3_Sim_Map_-_RACK-28_003-mesh-normals-array" count="12" stride="3">
              <param name="X" type="float"/>
              <param name="Y" type="float"/>
              <param name="Z" type="float"/>
            </accessor>
          </technique_common>
        </source>
        <vertices id="HAMR3_Sim_Map_-_RACK-28_003-mesh-vertices">
          <input semantic="POSITION" source="#HAMR3_Sim_Map_-_RACK-28_003-mesh-positions"/>
        </vertices>
        <triangles material="Material_017-material" count="12">
          <input semantic="VERTEX" source="#HAMR3_Sim_Map_-_RACK-28_003-mesh-vertices" offset="0"/>
          <input semantic="NORMAL" source="#HAMR3_Sim_Map_-_RACK-28_003-mesh-normals" offset="1"/>
          <p>0 0 1 0 2 0 2 1 1 1 3 1 4 2 0 2 5 2 5 3 0 3 2 3 6 4 4 4 7 4 7 5 4 5 5 5 1 6 6 6 3 6 3 7 6 7 7 7 4 8 6 8 0 8 0 9 6 9 1 9 7 10 5 10 3 10 3 11 5 11 2 11</p>
        </triangles>
      </mesh>
    </geometry>
    <geometry id="HAMR3_Sim_Map_-_RACK-27_003-mesh" name="HAMR3_Sim_Map - RACK-27.003">
      <mesh>
        <source id="HAMR3_Sim_Map_-_RACK-27_003-mesh-positions">
          <float_array id="HAMR3_Sim_Map_-_RACK-27_003-mesh-positions-array" count="24">71801.11 72782.18 5100.5 71801.11 70082.18 5100.5 71801.11 72782.18 100.5 71801.11 70082.18 100.5 70701.11 72782.18 5100.5 70701.11 72782.18 100.5 70701.11 70082.18 5100.5 70701.11 70082.18 100.5</float_array>
          <technique_common>
            <accessor source="#HAMR3_Sim_Map_-_RACK-27_003-mesh-positions-array" count="8" stride="3">
              <param name="X" type="float"/>
              <param name="Y" type="float"/>
              <param name="Z" type="float"/>
            </accessor>
          </technique_common>
        </source>
        <source id="HAMR3_Sim_Map_-_RACK-27_003-mesh-normals">
          <float_array id="HAMR3_Sim_Map_-_RACK-27_003-mesh-normals-array" count="36">1 0 0 1 0 0 0 1 0 0 1 0 -1 0 0 -1 0 0 0 -1 0 0 -1 0 0 0 1 0 0 1 0 0 -1 0 0 -1</float_array>
          <technique_common>
            <accessor source="#HAMR3_Sim_Map_-_RACK-27_003-mesh-normals-array" count="12" stride="3">
              <param name="X" type="float"/>
              <param name="Y" type="float"/>
              <param name="Z" type="float"/>
            </accessor>
          </technique_common>
        </source>
        <vertices id="HAMR3_Sim_Map_-_RACK-27_003-mesh-vertices">
          <input semantic="POSITION" source="#HAMR3_Sim_Map_-_RACK-27_003-mesh-positions"/>
        </vertices>
        <triangles material="Material_017-material" count="12">
          <input semantic="VERTEX" source="#HAMR3_Sim_Map_-_RACK-27_003-mesh-vertices" offset="0"/>
          <input semantic="NORMAL" source="#HAMR3_Sim_Map_-_RACK-27_003-mesh-normals" offset="1"/>
          <p>0 0 1 0 2 0 2 1 1 1 3 1 4 2 0 2 5 2 5 3 0 3 2 3 6 4 4 4 7 4 7 5 4 5 5 5 1 6 6 6 3 6 3 7 6 7 7 7 4 8 6 8 0 8 0 9 6 9 1 9 7 10 5 10 3 10 3 11 5 11 2 11</p>
        </triangles>
      </mesh>
    </geometry>
    <geometry id="HAMR3_Sim_Map_-_RACK-26_003-mesh" name="HAMR3_Sim_Map - RACK-26.003">
      <mesh>
        <source id="HAMR3_Sim_Map_-_RACK-26_003-mesh-positions">
          <float_array id="HAMR3_Sim_Map_-_RACK-26_003-mesh-positions-array" count="24">71801.11 70082.18 5100.5 71801.11 67382.18 5100.5 71801.11 70082.18 100.5 71801.11 67382.18 100.5 70701.11 70082.18 5100.5 70701.11 70082.18 100.5 70701.11 67382.18 5100.5 70701.11 67382.18 100.5</float_array>
          <technique_common>
            <accessor source="#HAMR3_Sim_Map_-_RACK-26_003-mesh-positions-array" count="8" stride="3">
              <param name="X" type="float"/>
              <param name="Y" type="float"/>
              <param name="Z" type="float"/>
            </accessor>
          </technique_common>
        </source>
        <source id="HAMR3_Sim_Map_-_RACK-26_003-mesh-normals">
          <float_array id="HAMR3_Sim_Map_-_RACK-26_003-mesh-normals-array" count="36">1 0 0 1 0 0 0 1 0 0 1 0 -1 0 0 -1 0 0 0 -1 0 0 -1 0 0 0 1 0 0 1 0 0 -1 0 0 -1</float_array>
          <technique_common>
            <accessor source="#HAMR3_Sim_Map_-_RACK-26_003-mesh-normals-array" count="12" stride="3">
              <param name="X" type="float"/>
              <param name="Y" type="float"/>
              <param name="Z" type="float"/>
            </accessor>
          </technique_common>
        </source>
        <vertices id="HAMR3_Sim_Map_-_RACK-26_003-mesh-vertices">
          <input semantic="POSITION" source="#HAMR3_Sim_Map_-_RACK-26_003-mesh-positions"/>
        </vertices>
        <triangles material="Material_017-material" count="12">
          <input semantic="VERTEX" source="#HAMR3_Sim_Map_-_RACK-26_003-mesh-vertices" offset="0"/>
          <input semantic="NORMAL" source="#HAMR3_Sim_Map_-_RACK-26_003-mesh-normals" offset="1"/>
          <p>0 0 1 0 2 0 2 1 1 1 3 1 4 2 0 2 5 2 5 3 0 3 2 3 6 4 4 4 7 4 7 5 4 5 5 5 1 6 6 6 3 6 3 7 6 7 7 7 4 8 6 8 0 8 0 9 6 9 1 9 7 10 5 10 3 10 3 11 5 11 2 11</p>
        </triangles>
      </mesh>
    </geometry>
    <geometry id="HAMR3_Sim_Map_-_RACK-25_003-mesh" name="HAMR3_Sim_Map - RACK-25.003">
      <mesh>
        <source id="HAMR3_Sim_Map_-_RACK-25_003-mesh-positions">
          <float_array id="HAMR3_Sim_Map_-_RACK-25_003-mesh-positions-array" count="24">71801.11 67382.18 5100.5 71801.11 64682.17 5100.5 71801.11 67382.18 100.5 71801.11 64682.17 100.5 70701.11 67382.18 5100.5 70701.11 67382.18 100.5 70701.11 64682.17 5100.5 70701.11 64682.17 100.5</float_array>
          <technique_common>
            <accessor source="#HAMR3_Sim_Map_-_RACK-25_003-mesh-positions-array" count="8" stride="3">
              <param name="X" type="float"/>
              <param name="Y" type="float"/>
              <param name="Z" type="float"/>
            </accessor>
          </technique_common>
        </source>
        <source id="HAMR3_Sim_Map_-_RACK-25_003-mesh-normals">
          <float_array id="HAMR3_Sim_Map_-_RACK-25_003-mesh-normals-array" count="36">1 0 0 1 0 0 0 1 0 0 1 0 -1 0 0 -1 0 0 0 -1 0 0 -1 0 0 0 1 0 0 1 0 0 -1 0 0 -1</float_array>
          <technique_common>
            <accessor source="#HAMR3_Sim_Map_-_RACK-25_003-mesh-normals-array" count="12" stride="3">
              <param name="X" type="float"/>
              <param name="Y" type="float"/>
              <param name="Z" type="float"/>
            </accessor>
          </technique_common>
        </source>
        <vertices id="HAMR3_Sim_Map_-_RACK-25_003-mesh-vertices">
          <input semantic="POSITION" source="#HAMR3_Sim_Map_-_RACK-25_003-mesh-positions"/>
        </vertices>
        <triangles material="Material_017-material" count="12">
          <input semantic="VERTEX" source="#HAMR3_Sim_Map_-_RACK-25_003-mesh-vertices" offset="0"/>
          <input semantic="NORMAL" source="#HAMR3_Sim_Map_-_RACK-25_003-mesh-normals" offset="1"/>
          <p>0 0 1 0 2 0 2 1 1 1 3 1 4 2 0 2 5 2 5 3 0 3 2 3 6 4 4 4 7 4 7 5 4 5 5 5 1 6 6 6 3 6 3 7 6 7 7 7 4 8 6 8 0 8 0 9 6 9 1 9 7 10 5 10 3 10 3 11 5 11 2 11</p>
        </triangles>
      </mesh>
    </geometry>
    <geometry id="HAMR3_Sim_Map_-_RACK-24_003-mesh" name="HAMR3_Sim_Map - RACK-24.003">
      <mesh>
        <source id="HAMR3_Sim_Map_-_RACK-24_003-mesh-positions">
          <float_array id="HAMR3_Sim_Map_-_RACK-24_003-mesh-positions-array" count="24">76901.11 86282.18 5100.5 76901.11 83582.18 5100.5 76901.11 86282.18 100.5 76901.11 83582.18 100.5 75801.11 86282.18 5100.5 75801.11 86282.18 100.5 75801.11 83582.18 5100.5 75801.11 83582.18 100.5</float_array>
          <technique_common>
            <accessor source="#HAMR3_Sim_Map_-_RACK-24_003-mesh-positions-array" count="8" stride="3">
              <param name="X" type="float"/>
              <param name="Y" type="float"/>
              <param name="Z" type="float"/>
            </accessor>
          </technique_common>
        </source>
        <source id="HAMR3_Sim_Map_-_RACK-24_003-mesh-normals">
          <float_array id="HAMR3_Sim_Map_-_RACK-24_003-mesh-normals-array" count="36">1 0 0 1 0 0 0 1 0 0 1 0 -1 0 0 -1 0 0 0 -1 0 0 -1 0 0 0 1 0 0 1 0 0 -1 0 0 -1</float_array>
          <technique_common>
            <accessor source="#HAMR3_Sim_Map_-_RACK-24_003-mesh-normals-array" count="12" stride="3">
              <param name="X" type="float"/>
              <param name="Y" type="float"/>
              <param name="Z" type="float"/>
            </accessor>
          </technique_common>
        </source>
        <vertices id="HAMR3_Sim_Map_-_RACK-24_003-mesh-vertices">
          <input semantic="POSITION" source="#HAMR3_Sim_Map_-_RACK-24_003-mesh-positions"/>
        </vertices>
        <triangles material="Material_017-material" count="12">
          <input semantic="VERTEX" source="#HAMR3_Sim_Map_-_RACK-24_003-mesh-vertices" offset="0"/>
          <input semantic="NORMAL" source="#HAMR3_Sim_Map_-_RACK-24_003-mesh-normals" offset="1"/>
          <p>0 0 1 0 2 0 2 1 1 1 3 1 4 2 0 2 5 2 5 3 0 3 2 3 6 4 4 4 7 4 7 5 4 5 5 5 1 6 6 6 3 6 3 7 6 7 7 7 4 8 6 8 0 8 0 9 6 9 1 9 7 10 5 10 3 10 3 11 5 11 2 11</p>
        </triangles>
      </mesh>
    </geometry>
    <geometry id="HAMR3_Sim_Map_-_RACK-23_003-mesh" name="HAMR3_Sim_Map - RACK-23.003">
      <mesh>
        <source id="HAMR3_Sim_Map_-_RACK-23_003-mesh-positions">
          <float_array id="HAMR3_Sim_Map_-_RACK-23_003-mesh-positions-array" count="24">76901.11 83582.18 5100.5 76901.11 80882.18 5100.5 76901.11 83582.18 100.5 76901.11 80882.18 100.5 75801.11 83582.18 5100.5 75801.11 83582.18 100.5 75801.11 80882.18 5100.5 75801.11 80882.18 100.5</float_array>
          <technique_common>
            <accessor source="#HAMR3_Sim_Map_-_RACK-23_003-mesh-positions-array" count="8" stride="3">
              <param name="X" type="float"/>
              <param name="Y" type="float"/>
              <param name="Z" type="float"/>
            </accessor>
          </technique_common>
        </source>
        <source id="HAMR3_Sim_Map_-_RACK-23_003-mesh-normals">
          <float_array id="HAMR3_Sim_Map_-_RACK-23_003-mesh-normals-array" count="36">1 0 0 1 0 0 0 1 0 0 1 0 -1 0 0 -1 0 0 0 -1 0 0 -1 0 0 0 1 0 0 1 0 0 -1 0 0 -1</float_array>
          <technique_common>
            <accessor source="#HAMR3_Sim_Map_-_RACK-23_003-mesh-normals-array" count="12" stride="3">
              <param name="X" type="float"/>
              <param name="Y" type="float"/>
              <param name="Z" type="float"/>
            </accessor>
          </technique_common>
        </source>
        <vertices id="HAMR3_Sim_Map_-_RACK-23_003-mesh-vertices">
          <input semantic="POSITION" source="#HAMR3_Sim_Map_-_RACK-23_003-mesh-positions"/>
        </vertices>
        <triangles material="Material_017-material" count="12">
          <input semantic="VERTEX" source="#HAMR3_Sim_Map_-_RACK-23_003-mesh-vertices" offset="0"/>
          <input semantic="NORMAL" source="#HAMR3_Sim_Map_-_RACK-23_003-mesh-normals" offset="1"/>
          <p>0 0 1 0 2 0 2 1 1 1 3 1 4 2 0 2 5 2 5 3 0 3 2 3 6 4 4 4 7 4 7 5 4 5 5 5 1 6 6 6 3 6 3 7 6 7 7 7 4 8 6 8 0 8 0 9 6 9 1 9 7 10 5 10 3 10 3 11 5 11 2 11</p>
        </triangles>
      </mesh>
    </geometry>
    <geometry id="HAMR3_Sim_Map_-_RACK-22_003-mesh" name="HAMR3_Sim_Map - RACK-22.003">
      <mesh>
        <source id="HAMR3_Sim_Map_-_RACK-22_003-mesh-positions">
          <float_array id="HAMR3_Sim_Map_-_RACK-22_003-mesh-positions-array" count="24">76901.11 80882.18 5100.5 76901.11 78182.18 5100.5 76901.11 80882.18 100.5 76901.11 78182.18 100.5 75801.11 80882.18 5100.5 75801.11 80882.18 100.5 75801.11 78182.18 5100.5 75801.11 78182.18 100.5</float_array>
          <technique_common>
            <accessor source="#HAMR3_Sim_Map_-_RACK-22_003-mesh-positions-array" count="8" stride="3">
              <param name="X" type="float"/>
              <param name="Y" type="float"/>
              <param name="Z" type="float"/>
            </accessor>
          </technique_common>
        </source>
        <source id="HAMR3_Sim_Map_-_RACK-22_003-mesh-normals">
          <float_array id="HAMR3_Sim_Map_-_RACK-22_003-mesh-normals-array" count="36">1 0 0 1 0 0 0 1 0 0 1 0 -1 0 0 -1 0 0 0 -1 0 0 -1 0 0 0 1 0 0 1 0 0 -1 0 0 -1</float_array>
          <technique_common>
            <accessor source="#HAMR3_Sim_Map_-_RACK-22_003-mesh-normals-array" count="12" stride="3">
              <param name="X" type="float"/>
              <param name="Y" type="float"/>
              <param name="Z" type="float"/>
            </accessor>
          </technique_common>
        </source>
        <vertices id="HAMR3_Sim_Map_-_RACK-22_003-mesh-vertices">
          <input semantic="POSITION" source="#HAMR3_Sim_Map_-_RACK-22_003-mesh-positions"/>
        </vertices>
        <triangles material="Material_017-material" count="12">
          <input semantic="VERTEX" source="#HAMR3_Sim_Map_-_RACK-22_003-mesh-vertices" offset="0"/>
          <input semantic="NORMAL" source="#HAMR3_Sim_Map_-_RACK-22_003-mesh-normals" offset="1"/>
          <p>0 0 1 0 2 0 2 1 1 1 3 1 4 2 0 2 5 2 5 3 0 3 2 3 6 4 4 4 7 4 7 5 4 5 5 5 1 6 6 6 3 6 3 7 6 7 7 7 4 8 6 8 0 8 0 9 6 9 1 9 7 10 5 10 3 10 3 11 5 11 2 11</p>
        </triangles>
      </mesh>
    </geometry>
    <geometry id="HAMR3_Sim_Map_-_RACK-21_003-mesh" name="HAMR3_Sim_Map - RACK-21.003">
      <mesh>
        <source id="HAMR3_Sim_Map_-_RACK-21_003-mesh-positions">
          <float_array id="HAMR3_Sim_Map_-_RACK-21_003-mesh-positions-array" count="24">76901.11 78182.18 5100.5 76901.11 75482.18 5100.5 76901.11 78182.18 100.5 76901.11 75482.18 100.5 75801.11 78182.18 5100.5 75801.11 78182.18 100.5 75801.11 75482.18 5100.5 75801.11 75482.18 100.5</float_array>
          <technique_common>
            <accessor source="#HAMR3_Sim_Map_-_RACK-21_003-mesh-positions-array" count="8" stride="3">
              <param name="X" type="float"/>
              <param name="Y" type="float"/>
              <param name="Z" type="float"/>
            </accessor>
          </technique_common>
        </source>
        <source id="HAMR3_Sim_Map_-_RACK-21_003-mesh-normals">
          <float_array id="HAMR3_Sim_Map_-_RACK-21_003-mesh-normals-array" count="36">1 0 0 1 0 0 0 1 0 0 1 0 -1 0 0 -1 0 0 0 -1 0 0 -1 0 0 0 1 0 0 1 0 0 -1 0 0 -1</float_array>
          <technique_common>
            <accessor source="#HAMR3_Sim_Map_-_RACK-21_003-mesh-normals-array" count="12" stride="3">
              <param name="X" type="float"/>
              <param name="Y" type="float"/>
              <param name="Z" type="float"/>
            </accessor>
          </technique_common>
        </source>
        <vertices id="HAMR3_Sim_Map_-_RACK-21_003-mesh-vertices">
          <input semantic="POSITION" source="#HAMR3_Sim_Map_-_RACK-21_003-mesh-positions"/>
        </vertices>
        <triangles material="Material_017-material" count="12">
          <input semantic="VERTEX" source="#HAMR3_Sim_Map_-_RACK-21_003-mesh-vertices" offset="0"/>
          <input semantic="NORMAL" source="#HAMR3_Sim_Map_-_RACK-21_003-mesh-normals" offset="1"/>
          <p>0 0 1 0 2 0 2 1 1 1 3 1 4 2 0 2 5 2 5 3 0 3 2 3 6 4 4 4 7 4 7 5 4 5 5 5 1 6 6 6 3 6 3 7 6 7 7 7 4 8 6 8 0 8 0 9 6 9 1 9 7 10 5 10 3 10 3 11 5 11 2 11</p>
        </triangles>
      </mesh>
    </geometry>
    <geometry id="HAMR3_Sim_Map_-_RACK-20_003-mesh" name="HAMR3_Sim_Map - RACK-20.003">
      <mesh>
        <source id="HAMR3_Sim_Map_-_RACK-20_003-mesh-positions">
          <float_array id="HAMR3_Sim_Map_-_RACK-20_003-mesh-positions-array" count="24">76901.11 75482.18 5100.5 76901.11 72782.18 5100.5 76901.11 75482.18 100.5 76901.11 72782.18 100.5 75801.11 75482.18 5100.5 75801.11 75482.18 100.5 75801.11 72782.18 5100.5 75801.11 72782.18 100.5</float_array>
          <technique_common>
            <accessor source="#HAMR3_Sim_Map_-_RACK-20_003-mesh-positions-array" count="8" stride="3">
              <param name="X" type="float"/>
              <param name="Y" type="float"/>
              <param name="Z" type="float"/>
            </accessor>
          </technique_common>
        </source>
        <source id="HAMR3_Sim_Map_-_RACK-20_003-mesh-normals">
          <float_array id="HAMR3_Sim_Map_-_RACK-20_003-mesh-normals-array" count="36">1 0 0 1 0 0 0 1 0 0 1 0 -1 0 0 -1 0 0 0 -1 0 0 -1 0 0 0 1 0 0 1 0 0 -1 0 0 -1</float_array>
          <technique_common>
            <accessor source="#HAMR3_Sim_Map_-_RACK-20_003-mesh-normals-array" count="12" stride="3">
              <param name="X" type="float"/>
              <param name="Y" type="float"/>
              <param name="Z" type="float"/>
            </accessor>
          </technique_common>
        </source>
        <vertices id="HAMR3_Sim_Map_-_RACK-20_003-mesh-vertices">
          <input semantic="POSITION" source="#HAMR3_Sim_Map_-_RACK-20_003-mesh-positions"/>
        </vertices>
        <triangles material="Material_017-material" count="12">
          <input semantic="VERTEX" source="#HAMR3_Sim_Map_-_RACK-20_003-mesh-vertices" offset="0"/>
          <input semantic="NORMAL" source="#HAMR3_Sim_Map_-_RACK-20_003-mesh-normals" offset="1"/>
          <p>0 0 1 0 2 0 2 1 1 1 3 1 4 2 0 2 5 2 5 3 0 3 2 3 6 4 4 4 7 4 7 5 4 5 5 5 1 6 6 6 3 6 3 7 6 7 7 7 4 8 6 8 0 8 0 9 6 9 1 9 7 10 5 10 3 10 3 11 5 11 2 11</p>
        </triangles>
      </mesh>
    </geometry>
    <geometry id="HAMR3_Sim_Map_-_RACK-19_003-mesh" name="HAMR3_Sim_Map - RACK-19.003">
      <mesh>
        <source id="HAMR3_Sim_Map_-_RACK-19_003-mesh-positions">
          <float_array id="HAMR3_Sim_Map_-_RACK-19_003-mesh-positions-array" count="24">76901.11 72782.18 5100.5 76901.11 70082.18 5100.5 76901.11 72782.18 100.5 76901.11 70082.18 100.5 75801.11 72782.18 5100.5 75801.11 72782.18 100.5 75801.11 70082.18 5100.5 75801.11 70082.18 100.5</float_array>
          <technique_common>
            <accessor source="#HAMR3_Sim_Map_-_RACK-19_003-mesh-positions-array" count="8" stride="3">
              <param name="X" type="float"/>
              <param name="Y" type="float"/>
              <param name="Z" type="float"/>
            </accessor>
          </technique_common>
        </source>
        <source id="HAMR3_Sim_Map_-_RACK-19_003-mesh-normals">
          <float_array id="HAMR3_Sim_Map_-_RACK-19_003-mesh-normals-array" count="36">1 0 0 1 0 0 0 1 0 0 1 0 -1 0 0 -1 0 0 0 -1 0 0 -1 0 0 0 1 0 0 1 0 0 -1 0 0 -1</float_array>
          <technique_common>
            <accessor source="#HAMR3_Sim_Map_-_RACK-19_003-mesh-normals-array" count="12" stride="3">
              <param name="X" type="float"/>
              <param name="Y" type="float"/>
              <param name="Z" type="float"/>
            </accessor>
          </technique_common>
        </source>
        <vertices id="HAMR3_Sim_Map_-_RACK-19_003-mesh-vertices">
          <input semantic="POSITION" source="#HAMR3_Sim_Map_-_RACK-19_003-mesh-positions"/>
        </vertices>
        <triangles material="Material_017-material" count="12">
          <input semantic="VERTEX" source="#HAMR3_Sim_Map_-_RACK-19_003-mesh-vertices" offset="0"/>
          <input semantic="NORMAL" source="#HAMR3_Sim_Map_-_RACK-19_003-mesh-normals" offset="1"/>
          <p>0 0 1 0 2 0 2 1 1 1 3 1 4 2 0 2 5 2 5 3 0 3 2 3 6 4 4 4 7 4 7 5 4 5 5 5 1 6 6 6 3 6 3 7 6 7 7 7 4 8 6 8 0 8 0 9 6 9 1 9 7 10 5 10 3 10 3 11 5 11 2 11</p>
        </triangles>
      </mesh>
    </geometry>
    <geometry id="HAMR3_Sim_Map_-_RACK-18_003-mesh" name="HAMR3_Sim_Map - RACK-18.003">
      <mesh>
        <source id="HAMR3_Sim_Map_-_RACK-18_003-mesh-positions">
          <float_array id="HAMR3_Sim_Map_-_RACK-18_003-mesh-positions-array" count="24">76901.11 70082.18 5100.5 76901.11 67382.18 5100.5 76901.11 70082.18 100.5 76901.11 67382.18 100.5 75801.11 70082.18 5100.5 75801.11 70082.18 100.5 75801.11 67382.18 5100.5 75801.11 67382.18 100.5</float_array>
          <technique_common>
            <accessor source="#HAMR3_Sim_Map_-_RACK-18_003-mesh-positions-array" count="8" stride="3">
              <param name="X" type="float"/>
              <param name="Y" type="float"/>
              <param name="Z" type="float"/>
            </accessor>
          </technique_common>
        </source>
        <source id="HAMR3_Sim_Map_-_RACK-18_003-mesh-normals">
          <float_array id="HAMR3_Sim_Map_-_RACK-18_003-mesh-normals-array" count="36">1 0 0 1 0 0 0 1 0 0 1 0 -1 0 0 -1 0 0 0 -1 0 0 -1 0 0 0 1 0 0 1 0 0 -1 0 0 -1</float_array>
          <technique_common>
            <accessor source="#HAMR3_Sim_Map_-_RACK-18_003-mesh-normals-array" count="12" stride="3">
              <param name="X" type="float"/>
              <param name="Y" type="float"/>
              <param name="Z" type="float"/>
            </accessor>
          </technique_common>
        </source>
        <vertices id="HAMR3_Sim_Map_-_RACK-18_003-mesh-vertices">
          <input semantic="POSITION" source="#HAMR3_Sim_Map_-_RACK-18_003-mesh-positions"/>
        </vertices>
        <triangles material="Material_017-material" count="12">
          <input semantic="VERTEX" source="#HAMR3_Sim_Map_-_RACK-18_003-mesh-vertices" offset="0"/>
          <input semantic="NORMAL" source="#HAMR3_Sim_Map_-_RACK-18_003-mesh-normals" offset="1"/>
          <p>0 0 1 0 2 0 2 1 1 1 3 1 4 2 0 2 5 2 5 3 0 3 2 3 6 4 4 4 7 4 7 5 4 5 5 5 1 6 6 6 3 6 3 7 6 7 7 7 4 8 6 8 0 8 0 9 6 9 1 9 7 10 5 10 3 10 3 11 5 11 2 11</p>
        </triangles>
      </mesh>
    </geometry>
    <geometry id="HAMR3_Sim_Map_-_RACK-17_003-mesh" name="HAMR3_Sim_Map - RACK-17.003">
      <mesh>
        <source id="HAMR3_Sim_Map_-_RACK-17_003-mesh-positions">
          <float_array id="HAMR3_Sim_Map_-_RACK-17_003-mesh-positions-array" count="24">76901.11 67382.18 5100.5 76901.11 64682.17 5100.5 76901.11 67382.18 100.5 76901.11 64682.17 100.5 75801.11 67382.18 5100.5 75801.11 67382.18 100.5 75801.11 64682.17 5100.5 75801.11 64682.17 100.5</float_array>
          <technique_common>
            <accessor source="#HAMR3_Sim_Map_-_RACK-17_003-mesh-positions-array" count="8" stride="3">
              <param name="X" type="float"/>
              <param name="Y" type="float"/>
              <param name="Z" type="float"/>
            </accessor>
          </technique_common>
        </source>
        <source id="HAMR3_Sim_Map_-_RACK-17_003-mesh-normals">
          <float_array id="HAMR3_Sim_Map_-_RACK-17_003-mesh-normals-array" count="36">1 0 0 1 0 0 0 1 0 0 1 0 -1 0 0 -1 0 0 0 -1 0 0 -1 0 0 0 1 0 0 1 0 0 -1 0 0 -1</float_array>
          <technique_common>
            <accessor source="#HAMR3_Sim_Map_-_RACK-17_003-mesh-normals-array" count="12" stride="3">
              <param name="X" type="float"/>
              <param name="Y" type="float"/>
              <param name="Z" type="float"/>
            </accessor>
          </technique_common>
        </source>
        <vertices id="HAMR3_Sim_Map_-_RACK-17_003-mesh-vertices">
          <input semantic="POSITION" source="#HAMR3_Sim_Map_-_RACK-17_003-mesh-positions"/>
        </vertices>
        <triangles material="Material_017-material" count="12">
          <input semantic="VERTEX" source="#HAMR3_Sim_Map_-_RACK-17_003-mesh-vertices" offset="0"/>
          <input semantic="NORMAL" source="#HAMR3_Sim_Map_-_RACK-17_003-mesh-normals" offset="1"/>
          <p>0 0 1 0 2 0 2 1 1 1 3 1 4 2 0 2 5 2 5 3 0 3 2 3 6 4 4 4 7 4 7 5 4 5 5 5 1 6 6 6 3 6 3 7 6 7 7 7 4 8 6 8 0 8 0 9 6 9 1 9 7 10 5 10 3 10 3 11 5 11 2 11</p>
        </triangles>
      </mesh>
    </geometry>
    <geometry id="HAMR3_Sim_Map_-_RACK-16_003-mesh" name="HAMR3_Sim_Map - RACK-16.003">
      <mesh>
        <source id="HAMR3_Sim_Map_-_RACK-16_003-mesh-positions">
          <float_array id="HAMR3_Sim_Map_-_RACK-16_003-mesh-positions-array" count="24">78001.11 67382.18 5100.5 78001.11 64682.17 5100.5 78001.11 67382.18 100.5 78001.11 64682.17 100.5 76901.11 67382.18 5100.5 76901.11 67382.18 100.5 76901.11 64682.17 5100.5 76901.11 64682.17 100.5</float_array>
          <technique_common>
            <accessor source="#HAMR3_Sim_Map_-_RACK-16_003-mesh-positions-array" count="8" stride="3">
              <param name="X" type="float"/>
              <param name="Y" type="float"/>
              <param name="Z" type="float"/>
            </accessor>
          </technique_common>
        </source>
        <source id="HAMR3_Sim_Map_-_RACK-16_003-mesh-normals">
          <float_array id="HAMR3_Sim_Map_-_RACK-16_003-mesh-normals-array" count="36">1 0 0 1 0 0 0 1 0 0 1 0 -1 0 0 -1 0 0 0 -1 0 0 -1 0 0 0 1 0 0 1 0 0 -1 0 0 -1</float_array>
          <technique_common>
            <accessor source="#HAMR3_Sim_Map_-_RACK-16_003-mesh-normals-array" count="12" stride="3">
              <param name="X" type="float"/>
              <param name="Y" type="float"/>
              <param name="Z" type="float"/>
            </accessor>
          </technique_common>
        </source>
        <vertices id="HAMR3_Sim_Map_-_RACK-16_003-mesh-vertices">
          <input semantic="POSITION" source="#HAMR3_Sim_Map_-_RACK-16_003-mesh-positions"/>
        </vertices>
        <triangles material="Material_017-material" count="12">
          <input semantic="VERTEX" source="#HAMR3_Sim_Map_-_RACK-16_003-mesh-vertices" offset="0"/>
          <input semantic="NORMAL" source="#HAMR3_Sim_Map_-_RACK-16_003-mesh-normals" offset="1"/>
          <p>0 0 1 0 2 0 2 1 1 1 3 1 4 2 0 2 5 2 5 3 0 3 2 3 6 4 4 4 7 4 7 5 4 5 5 5 1 6 6 6 3 6 3 7 6 7 7 7 4 8 6 8 0 8 0 9 6 9 1 9 7 10 5 10 3 10 3 11 5 11 2 11</p>
        </triangles>
      </mesh>
    </geometry>
    <geometry id="HAMR3_Sim_Map_-_RACK-15_003-mesh" name="HAMR3_Sim_Map - RACK-15.003">
      <mesh>
        <source id="HAMR3_Sim_Map_-_RACK-15_003-mesh-positions">
          <float_array id="HAMR3_Sim_Map_-_RACK-15_003-mesh-positions-array" count="24">78001.11 70082.18 5100.5 78001.11 67382.18 5100.5 78001.11 70082.18 100.5 78001.11 67382.18 100.5 76901.11 70082.18 5100.5 76901.11 70082.18 100.5 76901.11 67382.18 5100.5 76901.11 67382.18 100.5</float_array>
          <technique_common>
            <accessor source="#HAMR3_Sim_Map_-_RACK-15_003-mesh-positions-array" count="8" stride="3">
              <param name="X" type="float"/>
              <param name="Y" type="float"/>
              <param name="Z" type="float"/>
            </accessor>
          </technique_common>
        </source>
        <source id="HAMR3_Sim_Map_-_RACK-15_003-mesh-normals">
          <float_array id="HAMR3_Sim_Map_-_RACK-15_003-mesh-normals-array" count="36">1 0 0 1 0 0 0 1 0 0 1 0 -1 0 0 -1 0 0 0 -1 0 0 -1 0 0 0 1 0 0 1 0 0 -1 0 0 -1</float_array>
          <technique_common>
            <accessor source="#HAMR3_Sim_Map_-_RACK-15_003-mesh-normals-array" count="12" stride="3">
              <param name="X" type="float"/>
              <param name="Y" type="float"/>
              <param name="Z" type="float"/>
            </accessor>
          </technique_common>
        </source>
        <vertices id="HAMR3_Sim_Map_-_RACK-15_003-mesh-vertices">
          <input semantic="POSITION" source="#HAMR3_Sim_Map_-_RACK-15_003-mesh-positions"/>
        </vertices>
        <triangles material="Material_017-material" count="12">
          <input semantic="VERTEX" source="#HAMR3_Sim_Map_-_RACK-15_003-mesh-vertices" offset="0"/>
          <input semantic="NORMAL" source="#HAMR3_Sim_Map_-_RACK-15_003-mesh-normals" offset="1"/>
          <p>0 0 1 0 2 0 2 1 1 1 3 1 4 2 0 2 5 2 5 3 0 3 2 3 6 4 4 4 7 4 7 5 4 5 5 5 1 6 6 6 3 6 3 7 6 7 7 7 4 8 6 8 0 8 0 9 6 9 1 9 7 10 5 10 3 10 3 11 5 11 2 11</p>
        </triangles>
      </mesh>
    </geometry>
    <geometry id="HAMR3_Sim_Map_-_RACK-14_003-mesh" name="HAMR3_Sim_Map - RACK-14.003">
      <mesh>
        <source id="HAMR3_Sim_Map_-_RACK-14_003-mesh-positions">
          <float_array id="HAMR3_Sim_Map_-_RACK-14_003-mesh-positions-array" count="24">78001.11 72782.18 5100.5 78001.11 70082.18 5100.5 78001.11 72782.18 100.5 78001.11 70082.18 100.5 76901.11 72782.18 5100.5 76901.11 72782.18 100.5 76901.11 70082.18 5100.5 76901.11 70082.18 100.5</float_array>
          <technique_common>
            <accessor source="#HAMR3_Sim_Map_-_RACK-14_003-mesh-positions-array" count="8" stride="3">
              <param name="X" type="float"/>
              <param name="Y" type="float"/>
              <param name="Z" type="float"/>
            </accessor>
          </technique_common>
        </source>
        <source id="HAMR3_Sim_Map_-_RACK-14_003-mesh-normals">
          <float_array id="HAMR3_Sim_Map_-_RACK-14_003-mesh-normals-array" count="36">1 0 0 1 0 0 0 1 0 0 1 0 -1 0 0 -1 0 0 0 -1 0 0 -1 0 0 0 1 0 0 1 0 0 -1 0 0 -1</float_array>
          <technique_common>
            <accessor source="#HAMR3_Sim_Map_-_RACK-14_003-mesh-normals-array" count="12" stride="3">
              <param name="X" type="float"/>
              <param name="Y" type="float"/>
              <param name="Z" type="float"/>
            </accessor>
          </technique_common>
        </source>
        <vertices id="HAMR3_Sim_Map_-_RACK-14_003-mesh-vertices">
          <input semantic="POSITION" source="#HAMR3_Sim_Map_-_RACK-14_003-mesh-positions"/>
        </vertices>
        <triangles material="Material_017-material" count="12">
          <input semantic="VERTEX" source="#HAMR3_Sim_Map_-_RACK-14_003-mesh-vertices" offset="0"/>
          <input semantic="NORMAL" source="#HAMR3_Sim_Map_-_RACK-14_003-mesh-normals" offset="1"/>
          <p>0 0 1 0 2 0 2 1 1 1 3 1 4 2 0 2 5 2 5 3 0 3 2 3 6 4 4 4 7 4 7 5 4 5 5 5 1 6 6 6 3 6 3 7 6 7 7 7 4 8 6 8 0 8 0 9 6 9 1 9 7 10 5 10 3 10 3 11 5 11 2 11</p>
        </triangles>
      </mesh>
    </geometry>
    <geometry id="HAMR3_Sim_Map_-_RACK-13_003-mesh" name="HAMR3_Sim_Map - RACK-13.003">
      <mesh>
        <source id="HAMR3_Sim_Map_-_RACK-13_003-mesh-positions">
          <float_array id="HAMR3_Sim_Map_-_RACK-13_003-mesh-positions-array" count="24">78001.11 75482.18 5100.5 78001.11 72782.18 5100.5 78001.11 75482.18 100.5 78001.11 72782.18 100.5 76901.11 75482.18 5100.5 76901.11 75482.18 100.5 76901.11 72782.18 5100.5 76901.11 72782.18 100.5</float_array>
          <technique_common>
            <accessor source="#HAMR3_Sim_Map_-_RACK-13_003-mesh-positions-array" count="8" stride="3">
              <param name="X" type="float"/>
              <param name="Y" type="float"/>
              <param name="Z" type="float"/>
            </accessor>
          </technique_common>
        </source>
        <source id="HAMR3_Sim_Map_-_RACK-13_003-mesh-normals">
          <float_array id="HAMR3_Sim_Map_-_RACK-13_003-mesh-normals-array" count="36">1 0 0 1 0 0 0 1 0 0 1 0 -1 0 0 -1 0 0 0 -1 0 0 -1 0 0 0 1 0 0 1 0 0 -1 0 0 -1</float_array>
          <technique_common>
            <accessor source="#HAMR3_Sim_Map_-_RACK-13_003-mesh-normals-array" count="12" stride="3">
              <param name="X" type="float"/>
              <param name="Y" type="float"/>
              <param name="Z" type="float"/>
            </accessor>
          </technique_common>
        </source>
        <vertices id="HAMR3_Sim_Map_-_RACK-13_003-mesh-vertices">
          <input semantic="POSITION" source="#HAMR3_Sim_Map_-_RACK-13_003-mesh-positions"/>
        </vertices>
        <triangles material="Material_017-material" count="12">
          <input semantic="VERTEX" source="#HAMR3_Sim_Map_-_RACK-13_003-mesh-vertices" offset="0"/>
          <input semantic="NORMAL" source="#HAMR3_Sim_Map_-_RACK-13_003-mesh-normals" offset="1"/>
          <p>0 0 1 0 2 0 2 1 1 1 3 1 4 2 0 2 5 2 5 3 0 3 2 3 6 4 4 4 7 4 7 5 4 5 5 5 1 6 6 6 3 6 3 7 6 7 7 7 4 8 6 8 0 8 0 9 6 9 1 9 7 10 5 10 3 10 3 11 5 11 2 11</p>
        </triangles>
      </mesh>
    </geometry>
    <geometry id="HAMR3_Sim_Map_-_RACK-12_003-mesh" name="HAMR3_Sim_Map - RACK-12.003">
      <mesh>
        <source id="HAMR3_Sim_Map_-_RACK-12_003-mesh-positions">
          <float_array id="HAMR3_Sim_Map_-_RACK-12_003-mesh-positions-array" count="24">78001.11 78182.18 5100.5 78001.11 75482.18 5100.5 78001.11 78182.18 100.5 78001.11 75482.18 100.5 76901.11 78182.18 5100.5 76901.11 78182.18 100.5 76901.11 75482.18 5100.5 76901.11 75482.18 100.5</float_array>
          <technique_common>
            <accessor source="#HAMR3_Sim_Map_-_RACK-12_003-mesh-positions-array" count="8" stride="3">
              <param name="X" type="float"/>
              <param name="Y" type="float"/>
              <param name="Z" type="float"/>
            </accessor>
          </technique_common>
        </source>
        <source id="HAMR3_Sim_Map_-_RACK-12_003-mesh-normals">
          <float_array id="HAMR3_Sim_Map_-_RACK-12_003-mesh-normals-array" count="36">1 0 0 1 0 0 0 1 0 0 1 0 -1 0 0 -1 0 0 0 -1 0 0 -1 0 0 0 1 0 0 1 0 0 -1 0 0 -1</float_array>
          <technique_common>
            <accessor source="#HAMR3_Sim_Map_-_RACK-12_003-mesh-normals-array" count="12" stride="3">
              <param name="X" type="float"/>
              <param name="Y" type="float"/>
              <param name="Z" type="float"/>
            </accessor>
          </technique_common>
        </source>
        <vertices id="HAMR3_Sim_Map_-_RACK-12_003-mesh-vertices">
          <input semantic="POSITION" source="#HAMR3_Sim_Map_-_RACK-12_003-mesh-positions"/>
        </vertices>
        <triangles material="Material_017-material" count="12">
          <input semantic="VERTEX" source="#HAMR3_Sim_Map_-_RACK-12_003-mesh-vertices" offset="0"/>
          <input semantic="NORMAL" source="#HAMR3_Sim_Map_-_RACK-12_003-mesh-normals" offset="1"/>
          <p>0 0 1 0 2 0 2 1 1 1 3 1 4 2 0 2 5 2 5 3 0 3 2 3 6 4 4 4 7 4 7 5 4 5 5 5 1 6 6 6 3 6 3 7 6 7 7 7 4 8 6 8 0 8 0 9 6 9 1 9 7 10 5 10 3 10 3 11 5 11 2 11</p>
        </triangles>
      </mesh>
    </geometry>
    <geometry id="HAMR3_Sim_Map_-_RACK-11_003-mesh" name="HAMR3_Sim_Map - RACK-11.003">
      <mesh>
        <source id="HAMR3_Sim_Map_-_RACK-11_003-mesh-positions">
          <float_array id="HAMR3_Sim_Map_-_RACK-11_003-mesh-positions-array" count="24">78001.11 80882.18 5100.5 78001.11 78182.18 5100.5 78001.11 80882.18 100.5 78001.11 78182.18 100.5 76901.11 80882.18 5100.5 76901.11 80882.18 100.5 76901.11 78182.18 5100.5 76901.11 78182.18 100.5</float_array>
          <technique_common>
            <accessor source="#HAMR3_Sim_Map_-_RACK-11_003-mesh-positions-array" count="8" stride="3">
              <param name="X" type="float"/>
              <param name="Y" type="float"/>
              <param name="Z" type="float"/>
            </accessor>
          </technique_common>
        </source>
        <source id="HAMR3_Sim_Map_-_RACK-11_003-mesh-normals">
          <float_array id="HAMR3_Sim_Map_-_RACK-11_003-mesh-normals-array" count="36">1 0 0 1 0 0 0 1 0 0 1 0 -1 0 0 -1 0 0 0 -1 0 0 -1 0 0 0 1 0 0 1 0 0 -1 0 0 -1</float_array>
          <technique_common>
            <accessor source="#HAMR3_Sim_Map_-_RACK-11_003-mesh-normals-array" count="12" stride="3">
              <param name="X" type="float"/>
              <param name="Y" type="float"/>
              <param name="Z" type="float"/>
            </accessor>
          </technique_common>
        </source>
        <vertices id="HAMR3_Sim_Map_-_RACK-11_003-mesh-vertices">
          <input semantic="POSITION" source="#HAMR3_Sim_Map_-_RACK-11_003-mesh-positions"/>
        </vertices>
        <triangles material="Material_017-material" count="12">
          <input semantic="VERTEX" source="#HAMR3_Sim_Map_-_RACK-11_003-mesh-vertices" offset="0"/>
          <input semantic="NORMAL" source="#HAMR3_Sim_Map_-_RACK-11_003-mesh-normals" offset="1"/>
          <p>0 0 1 0 2 0 2 1 1 1 3 1 4 2 0 2 5 2 5 3 0 3 2 3 6 4 4 4 7 4 7 5 4 5 5 5 1 6 6 6 3 6 3 7 6 7 7 7 4 8 6 8 0 8 0 9 6 9 1 9 7 10 5 10 3 10 3 11 5 11 2 11</p>
        </triangles>
      </mesh>
    </geometry>
    <geometry id="HAMR3_Sim_Map_-_RACK-10_003-mesh" name="HAMR3_Sim_Map - RACK-10.003">
      <mesh>
        <source id="HAMR3_Sim_Map_-_RACK-10_003-mesh-positions">
          <float_array id="HAMR3_Sim_Map_-_RACK-10_003-mesh-positions-array" count="24">78001.11 83582.18 5100.5 78001.11 80882.18 5100.5 78001.11 83582.18 100.5 78001.11 80882.18 100.5 76901.11 83582.18 5100.5 76901.11 83582.18 100.5 76901.11 80882.18 5100.5 76901.11 80882.18 100.5</float_array>
          <technique_common>
            <accessor source="#HAMR3_Sim_Map_-_RACK-10_003-mesh-positions-array" count="8" stride="3">
              <param name="X" type="float"/>
              <param name="Y" type="float"/>
              <param name="Z" type="float"/>
            </accessor>
          </technique_common>
        </source>
        <source id="HAMR3_Sim_Map_-_RACK-10_003-mesh-normals">
          <float_array id="HAMR3_Sim_Map_-_RACK-10_003-mesh-normals-array" count="36">1 0 0 1 0 0 0 1 0 0 1 0 -1 0 0 -1 0 0 0 -1 0 0 -1 0 0 0 1 0 0 1 0 0 -1 0 0 -1</float_array>
          <technique_common>
            <accessor source="#HAMR3_Sim_Map_-_RACK-10_003-mesh-normals-array" count="12" stride="3">
              <param name="X" type="float"/>
              <param name="Y" type="float"/>
              <param name="Z" type="float"/>
            </accessor>
          </technique_common>
        </source>
        <vertices id="HAMR3_Sim_Map_-_RACK-10_003-mesh-vertices">
          <input semantic="POSITION" source="#HAMR3_Sim_Map_-_RACK-10_003-mesh-positions"/>
        </vertices>
        <triangles material="Material_017-material" count="12">
          <input semantic="VERTEX" source="#HAMR3_Sim_Map_-_RACK-10_003-mesh-vertices" offset="0"/>
          <input semantic="NORMAL" source="#HAMR3_Sim_Map_-_RACK-10_003-mesh-normals" offset="1"/>
          <p>0 0 1 0 2 0 2 1 1 1 3 1 4 2 0 2 5 2 5 3 0 3 2 3 6 4 4 4 7 4 7 5 4 5 5 5 1 6 6 6 3 6 3 7 6 7 7 7 4 8 6 8 0 8 0 9 6 9 1 9 7 10 5 10 3 10 3 11 5 11 2 11</p>
        </triangles>
      </mesh>
    </geometry>
    <geometry id="HAMR3_Sim_Map_-_RACK-9_003-mesh" name="HAMR3_Sim_Map - RACK-9.003">
      <mesh>
        <source id="HAMR3_Sim_Map_-_RACK-9_003-mesh-positions">
          <float_array id="HAMR3_Sim_Map_-_RACK-9_003-mesh-positions-array" count="24">78001.11 86282.18 5100.5 78001.11 83582.18 5100.5 78001.11 86282.18 100.5 78001.11 83582.18 100.5 76901.11 86282.18 5100.5 76901.11 86282.18 100.5 76901.11 83582.18 5100.5 76901.11 83582.18 100.5</float_array>
          <technique_common>
            <accessor source="#HAMR3_Sim_Map_-_RACK-9_003-mesh-positions-array" count="8" stride="3">
              <param name="X" type="float"/>
              <param name="Y" type="float"/>
              <param name="Z" type="float"/>
            </accessor>
          </technique_common>
        </source>
        <source id="HAMR3_Sim_Map_-_RACK-9_003-mesh-normals">
          <float_array id="HAMR3_Sim_Map_-_RACK-9_003-mesh-normals-array" count="36">1 0 0 1 0 0 0 1 0 0 1 0 -1 0 0 -1 0 0 0 -1 0 0 -1 0 0 0 1 0 0 1 0 0 -1 0 0 -1</float_array>
          <technique_common>
            <accessor source="#HAMR3_Sim_Map_-_RACK-9_003-mesh-normals-array" count="12" stride="3">
              <param name="X" type="float"/>
              <param name="Y" type="float"/>
              <param name="Z" type="float"/>
            </accessor>
          </technique_common>
        </source>
        <vertices id="HAMR3_Sim_Map_-_RACK-9_003-mesh-vertices">
          <input semantic="POSITION" source="#HAMR3_Sim_Map_-_RACK-9_003-mesh-positions"/>
        </vertices>
        <triangles material="Material_017-material" count="12">
          <input semantic="VERTEX" source="#HAMR3_Sim_Map_-_RACK-9_003-mesh-vertices" offset="0"/>
          <input semantic="NORMAL" source="#HAMR3_Sim_Map_-_RACK-9_003-mesh-normals" offset="1"/>
          <p>0 0 1 0 2 0 2 1 1 1 3 1 4 2 0 2 5 2 5 3 0 3 2 3 6 4 4 4 7 4 7 5 4 5 5 5 1 6 6 6 3 6 3 7 6 7 7 7 4 8 6 8 0 8 0 9 6 9 1 9 7 10 5 10 3 10 3 11 5 11 2 11</p>
        </triangles>
      </mesh>
    </geometry>
    <geometry id="HAMR3_Sim_Map_-_RACK-8_003-mesh" name="HAMR3_Sim_Map - RACK-8.003">
      <mesh>
        <source id="HAMR3_Sim_Map_-_RACK-8_003-mesh-positions">
          <float_array id="HAMR3_Sim_Map_-_RACK-8_003-mesh-positions-array" count="24">82701.11 67382.18 5100.5 82701.11 64682.17 5100.5 82701.11 67382.18 100.5 82701.11 64682.17 100.5 81601.11 67382.18 5100.5 81601.11 67382.18 100.5 81601.11 64682.17 5100.5 81601.11 64682.17 100.5</float_array>
          <technique_common>
            <accessor source="#HAMR3_Sim_Map_-_RACK-8_003-mesh-positions-array" count="8" stride="3">
              <param name="X" type="float"/>
              <param name="Y" type="float"/>
              <param name="Z" type="float"/>
            </accessor>
          </technique_common>
        </source>
        <source id="HAMR3_Sim_Map_-_RACK-8_003-mesh-normals">
          <float_array id="HAMR3_Sim_Map_-_RACK-8_003-mesh-normals-array" count="36">1 0 0 1 0 0 0 1 0 0 1 0 -1 0 0 -1 0 0 0 -1 0 0 -1 0 0 0 1 0 0 1 0 0 -1 0 0 -1</float_array>
          <technique_common>
            <accessor source="#HAMR3_Sim_Map_-_RACK-8_003-mesh-normals-array" count="12" stride="3">
              <param name="X" type="float"/>
              <param name="Y" type="float"/>
              <param name="Z" type="float"/>
            </accessor>
          </technique_common>
        </source>
        <vertices id="HAMR3_Sim_Map_-_RACK-8_003-mesh-vertices">
          <input semantic="POSITION" source="#HAMR3_Sim_Map_-_RACK-8_003-mesh-positions"/>
        </vertices>
        <triangles material="Material_017-material" count="12">
          <input semantic="VERTEX" source="#HAMR3_Sim_Map_-_RACK-8_003-mesh-vertices" offset="0"/>
          <input semantic="NORMAL" source="#HAMR3_Sim_Map_-_RACK-8_003-mesh-normals" offset="1"/>
          <p>0 0 1 0 2 0 2 1 1 1 3 1 4 2 0 2 5 2 5 3 0 3 2 3 6 4 4 4 7 4 7 5 4 5 5 5 1 6 6 6 3 6 3 7 6 7 7 7 4 8 6 8 0 8 0 9 6 9 1 9 7 10 5 10 3 10 3 11 5 11 2 11</p>
        </triangles>
      </mesh>
    </geometry>
    <geometry id="HAMR3_Sim_Map_-_RACK-7_003-mesh" name="HAMR3_Sim_Map - RACK-7.003">
      <mesh>
        <source id="HAMR3_Sim_Map_-_RACK-7_003-mesh-positions">
          <float_array id="HAMR3_Sim_Map_-_RACK-7_003-mesh-positions-array" count="24">82701.11 70082.18 5100.5 82701.11 67382.18 5100.5 82701.11 70082.18 100.5 82701.11 67382.18 100.5 81601.11 70082.18 5100.5 81601.11 70082.18 100.5 81601.11 67382.18 5100.5 81601.11 67382.18 100.5</float_array>
          <technique_common>
            <accessor source="#HAMR3_Sim_Map_-_RACK-7_003-mesh-positions-array" count="8" stride="3">
              <param name="X" type="float"/>
              <param name="Y" type="float"/>
              <param name="Z" type="float"/>
            </accessor>
          </technique_common>
        </source>
        <source id="HAMR3_Sim_Map_-_RACK-7_003-mesh-normals">
          <float_array id="HAMR3_Sim_Map_-_RACK-7_003-mesh-normals-array" count="36">1 0 0 1 0 0 0 1 0 0 1 0 -1 0 0 -1 0 0 0 -1 0 0 -1 0 0 0 1 0 0 1 0 0 -1 0 0 -1</float_array>
          <technique_common>
            <accessor source="#HAMR3_Sim_Map_-_RACK-7_003-mesh-normals-array" count="12" stride="3">
              <param name="X" type="float"/>
              <param name="Y" type="float"/>
              <param name="Z" type="float"/>
            </accessor>
          </technique_common>
        </source>
        <vertices id="HAMR3_Sim_Map_-_RACK-7_003-mesh-vertices">
          <input semantic="POSITION" source="#HAMR3_Sim_Map_-_RACK-7_003-mesh-positions"/>
        </vertices>
        <triangles material="Material_017-material" count="12">
          <input semantic="VERTEX" source="#HAMR3_Sim_Map_-_RACK-7_003-mesh-vertices" offset="0"/>
          <input semantic="NORMAL" source="#HAMR3_Sim_Map_-_RACK-7_003-mesh-normals" offset="1"/>
          <p>0 0 1 0 2 0 2 1 1 1 3 1 4 2 0 2 5 2 5 3 0 3 2 3 6 4 4 4 7 4 7 5 4 5 5 5 1 6 6 6 3 6 3 7 6 7 7 7 4 8 6 8 0 8 0 9 6 9 1 9 7 10 5 10 3 10 3 11 5 11 2 11</p>
        </triangles>
      </mesh>
    </geometry>
    <geometry id="HAMR3_Sim_Map_-_RACK-6_003-mesh" name="HAMR3_Sim_Map - RACK-6.003">
      <mesh>
        <source id="HAMR3_Sim_Map_-_RACK-6_003-mesh-positions">
          <float_array id="HAMR3_Sim_Map_-_RACK-6_003-mesh-positions-array" count="24">82701.11 72782.18 5100.5 82701.11 70082.18 5100.5 82701.11 72782.18 100.5 82701.11 70082.18 100.5 81601.11 72782.18 5100.5 81601.11 72782.18 100.5 81601.11 70082.18 5100.5 81601.11 70082.18 100.5</float_array>
          <technique_common>
            <accessor source="#HAMR3_Sim_Map_-_RACK-6_003-mesh-positions-array" count="8" stride="3">
              <param name="X" type="float"/>
              <param name="Y" type="float"/>
              <param name="Z" type="float"/>
            </accessor>
          </technique_common>
        </source>
        <source id="HAMR3_Sim_Map_-_RACK-6_003-mesh-normals">
          <float_array id="HAMR3_Sim_Map_-_RACK-6_003-mesh-normals-array" count="36">1 0 0 1 0 0 0 1 0 0 1 0 -1 0 0 -1 0 0 0 -1 0 0 -1 0 0 0 1 0 0 1 0 0 -1 0 0 -1</float_array>
          <technique_common>
            <accessor source="#HAMR3_Sim_Map_-_RACK-6_003-mesh-normals-array" count="12" stride="3">
              <param name="X" type="float"/>
              <param name="Y" type="float"/>
              <param name="Z" type="float"/>
            </accessor>
          </technique_common>
        </source>
        <vertices id="HAMR3_Sim_Map_-_RACK-6_003-mesh-vertices">
          <input semantic="POSITION" source="#HAMR3_Sim_Map_-_RACK-6_003-mesh-positions"/>
        </vertices>
        <triangles material="Material_017-material" count="12">
          <input semantic="VERTEX" source="#HAMR3_Sim_Map_-_RACK-6_003-mesh-vertices" offset="0"/>
          <input semantic="NORMAL" source="#HAMR3_Sim_Map_-_RACK-6_003-mesh-normals" offset="1"/>
          <p>0 0 1 0 2 0 2 1 1 1 3 1 4 2 0 2 5 2 5 3 0 3 2 3 6 4 4 4 7 4 7 5 4 5 5 5 1 6 6 6 3 6 3 7 6 7 7 7 4 8 6 8 0 8 0 9 6 9 1 9 7 10 5 10 3 10 3 11 5 11 2 11</p>
        </triangles>
      </mesh>
    </geometry>
    <geometry id="HAMR3_Sim_Map_-_RACK-5_003-mesh" name="HAMR3_Sim_Map - RACK-5.003">
      <mesh>
        <source id="HAMR3_Sim_Map_-_RACK-5_003-mesh-positions">
          <float_array id="HAMR3_Sim_Map_-_RACK-5_003-mesh-positions-array" count="24">82701.11 75482.18 5100.5 82701.11 72782.18 5100.5 82701.11 75482.18 100.5 82701.11 72782.18 100.5 81601.11 75482.18 5100.5 81601.11 75482.18 100.5 81601.11 72782.18 5100.5 81601.11 72782.18 100.5</float_array>
          <technique_common>
            <accessor source="#HAMR3_Sim_Map_-_RACK-5_003-mesh-positions-array" count="8" stride="3">
              <param name="X" type="float"/>
              <param name="Y" type="float"/>
              <param name="Z" type="float"/>
            </accessor>
          </technique_common>
        </source>
        <source id="HAMR3_Sim_Map_-_RACK-5_003-mesh-normals">
          <float_array id="HAMR3_Sim_Map_-_RACK-5_003-mesh-normals-array" count="36">1 0 0 1 0 0 0 1 0 0 1 0 -1 0 0 -1 0 0 0 -1 0 0 -1 0 0 0 1 0 0 1 0 0 -1 0 0 -1</float_array>
          <technique_common>
            <accessor source="#HAMR3_Sim_Map_-_RACK-5_003-mesh-normals-array" count="12" stride="3">
              <param name="X" type="float"/>
              <param name="Y" type="float"/>
              <param name="Z" type="float"/>
            </accessor>
          </technique_common>
        </source>
        <vertices id="HAMR3_Sim_Map_-_RACK-5_003-mesh-vertices">
          <input semantic="POSITION" source="#HAMR3_Sim_Map_-_RACK-5_003-mesh-positions"/>
        </vertices>
        <triangles material="Material_017-material" count="12">
          <input semantic="VERTEX" source="#HAMR3_Sim_Map_-_RACK-5_003-mesh-vertices" offset="0"/>
          <input semantic="NORMAL" source="#HAMR3_Sim_Map_-_RACK-5_003-mesh-normals" offset="1"/>
          <p>0 0 1 0 2 0 2 1 1 1 3 1 4 2 0 2 5 2 5 3 0 3 2 3 6 4 4 4 7 4 7 5 4 5 5 5 1 6 6 6 3 6 3 7 6 7 7 7 4 8 6 8 0 8 0 9 6 9 1 9 7 10 5 10 3 10 3 11 5 11 2 11</p>
        </triangles>
      </mesh>
    </geometry>
    <geometry id="HAMR3_Sim_Map_-_RACK-4_003-mesh" name="HAMR3_Sim_Map - RACK-4.003">
      <mesh>
        <source id="HAMR3_Sim_Map_-_RACK-4_003-mesh-positions">
          <float_array id="HAMR3_Sim_Map_-_RACK-4_003-mesh-positions-array" count="24">82701.11 78182.18 5100.5 82701.11 75482.18 5100.5 82701.11 78182.18 100.5 82701.11 75482.18 100.5 81601.11 78182.18 5100.5 81601.11 78182.18 100.5 81601.11 75482.18 5100.5 81601.11 75482.18 100.5</float_array>
          <technique_common>
            <accessor source="#HAMR3_Sim_Map_-_RACK-4_003-mesh-positions-array" count="8" stride="3">
              <param name="X" type="float"/>
              <param name="Y" type="float"/>
              <param name="Z" type="float"/>
            </accessor>
          </technique_common>
        </source>
        <source id="HAMR3_Sim_Map_-_RACK-4_003-mesh-normals">
          <float_array id="HAMR3_Sim_Map_-_RACK-4_003-mesh-normals-array" count="36">1 0 0 1 0 0 0 1 0 0 1 0 -1 0 0 -1 0 0 0 -1 0 0 -1 0 0 0 1 0 0 1 0 0 -1 0 0 -1</float_array>
          <technique_common>
            <accessor source="#HAMR3_Sim_Map_-_RACK-4_003-mesh-normals-array" count="12" stride="3">
              <param name="X" type="float"/>
              <param name="Y" type="float"/>
              <param name="Z" type="float"/>
            </accessor>
          </technique_common>
        </source>
        <vertices id="HAMR3_Sim_Map_-_RACK-4_003-mesh-vertices">
          <input semantic="POSITION" source="#HAMR3_Sim_Map_-_RACK-4_003-mesh-positions"/>
        </vertices>
        <triangles material="Material_017-material" count="12">
          <input semantic="VERTEX" source="#HAMR3_Sim_Map_-_RACK-4_003-mesh-vertices" offset="0"/>
          <input semantic="NORMAL" source="#HAMR3_Sim_Map_-_RACK-4_003-mesh-normals" offset="1"/>
          <p>0 0 1 0 2 0 2 1 1 1 3 1 4 2 0 2 5 2 5 3 0 3 2 3 6 4 4 4 7 4 7 5 4 5 5 5 1 6 6 6 3 6 3 7 6 7 7 7 4 8 6 8 0 8 0 9 6 9 1 9 7 10 5 10 3 10 3 11 5 11 2 11</p>
        </triangles>
      </mesh>
    </geometry>
    <geometry id="HAMR3_Sim_Map_-_RACK-3_003-mesh" name="HAMR3_Sim_Map - RACK-3.003">
      <mesh>
        <source id="HAMR3_Sim_Map_-_RACK-3_003-mesh-positions">
          <float_array id="HAMR3_Sim_Map_-_RACK-3_003-mesh-positions-array" count="24">82701.11 80882.18 5100.5 82701.11 78182.18 5100.5 82701.11 80882.18 100.5 82701.11 78182.18 100.5 81601.11 80882.18 5100.5 81601.11 80882.18 100.5 81601.11 78182.18 5100.5 81601.11 78182.18 100.5</float_array>
          <technique_common>
            <accessor source="#HAMR3_Sim_Map_-_RACK-3_003-mesh-positions-array" count="8" stride="3">
              <param name="X" type="float"/>
              <param name="Y" type="float"/>
              <param name="Z" type="float"/>
            </accessor>
          </technique_common>
        </source>
        <source id="HAMR3_Sim_Map_-_RACK-3_003-mesh-normals">
          <float_array id="HAMR3_Sim_Map_-_RACK-3_003-mesh-normals-array" count="36">1 0 0 1 0 0 0 1 0 0 1 0 -1 0 0 -1 0 0 0 -1 0 0 -1 0 0 0 1 0 0 1 0 0 -1 0 0 -1</float_array>
          <technique_common>
            <accessor source="#HAMR3_Sim_Map_-_RACK-3_003-mesh-normals-array" count="12" stride="3">
              <param name="X" type="float"/>
              <param name="Y" type="float"/>
              <param name="Z" type="float"/>
            </accessor>
          </technique_common>
        </source>
        <vertices id="HAMR3_Sim_Map_-_RACK-3_003-mesh-vertices">
          <input semantic="POSITION" source="#HAMR3_Sim_Map_-_RACK-3_003-mesh-positions"/>
        </vertices>
        <triangles material="Material_017-material" count="12">
          <input semantic="VERTEX" source="#HAMR3_Sim_Map_-_RACK-3_003-mesh-vertices" offset="0"/>
          <input semantic="NORMAL" source="#HAMR3_Sim_Map_-_RACK-3_003-mesh-normals" offset="1"/>
          <p>0 0 1 0 2 0 2 1 1 1 3 1 4 2 0 2 5 2 5 3 0 3 2 3 6 4 4 4 7 4 7 5 4 5 5 5 1 6 6 6 3 6 3 7 6 7 7 7 4 8 6 8 0 8 0 9 6 9 1 9 7 10 5 10 3 10 3 11 5 11 2 11</p>
        </triangles>
      </mesh>
    </geometry>
    <geometry id="HAMR3_Sim_Map_-_RACK-2_003-mesh" name="HAMR3_Sim_Map - RACK-2.003">
      <mesh>
        <source id="HAMR3_Sim_Map_-_RACK-2_003-mesh-positions">
          <float_array id="HAMR3_Sim_Map_-_RACK-2_003-mesh-positions-array" count="24">82701.11 83582.18 5100.5 82701.11 80882.18 5100.5 82701.11 83582.18 100.5 82701.11 80882.18 100.5 81601.11 83582.18 5100.5 81601.11 83582.18 100.5 81601.11 80882.18 5100.5 81601.11 80882.18 100.5</float_array>
          <technique_common>
            <accessor source="#HAMR3_Sim_Map_-_RACK-2_003-mesh-positions-array" count="8" stride="3">
              <param name="X" type="float"/>
              <param name="Y" type="float"/>
              <param name="Z" type="float"/>
            </accessor>
          </technique_common>
        </source>
        <source id="HAMR3_Sim_Map_-_RACK-2_003-mesh-normals">
          <float_array id="HAMR3_Sim_Map_-_RACK-2_003-mesh-normals-array" count="36">1 0 0 1 0 0 0 1 0 0 1 0 -1 0 0 -1 0 0 0 -1 0 0 -1 0 0 0 1 0 0 1 0 0 -1 0 0 -1</float_array>
          <technique_common>
            <accessor source="#HAMR3_Sim_Map_-_RACK-2_003-mesh-normals-array" count="12" stride="3">
              <param name="X" type="float"/>
              <param name="Y" type="float"/>
              <param name="Z" type="float"/>
            </accessor>
          </technique_common>
        </source>
        <vertices id="HAMR3_Sim_Map_-_RACK-2_003-mesh-vertices">
          <input semantic="POSITION" source="#HAMR3_Sim_Map_-_RACK-2_003-mesh-positions"/>
        </vertices>
        <triangles material="Material_017-material" count="12">
          <input semantic="VERTEX" source="#HAMR3_Sim_Map_-_RACK-2_003-mesh-vertices" offset="0"/>
          <input semantic="NORMAL" source="#HAMR3_Sim_Map_-_RACK-2_003-mesh-normals" offset="1"/>
          <p>0 0 1 0 2 0 2 1 1 1 3 1 4 2 0 2 5 2 5 3 0 3 2 3 6 4 4 4 7 4 7 5 4 5 5 5 1 6 6 6 3 6 3 7 6 7 7 7 4 8 6 8 0 8 0 9 6 9 1 9 7 10 5 10 3 10 3 11 5 11 2 11</p>
        </triangles>
      </mesh>
    </geometry>
    <geometry id="HAMR3_Sim_Map_-_RACK-1_003-mesh" name="HAMR3_Sim_Map - RACK-1.003">
      <mesh>
        <source id="HAMR3_Sim_Map_-_RACK-1_003-mesh-positions">
          <float_array id="HAMR3_Sim_Map_-_RACK-1_003-mesh-positions-array" count="24">82701.11 86282.18 5100.5 82701.11 83582.18 5100.5 82701.11 86282.18 100.5 82701.11 83582.18 100.5 81601.11 86282.18 5100.5 81601.11 86282.18 100.5 81601.11 83582.18 5100.5 81601.11 83582.18 100.5</float_array>
          <technique_common>
            <accessor source="#HAMR3_Sim_Map_-_RACK-1_003-mesh-positions-array" count="8" stride="3">
              <param name="X" type="float"/>
              <param name="Y" type="float"/>
              <param name="Z" type="float"/>
            </accessor>
          </technique_common>
        </source>
        <source id="HAMR3_Sim_Map_-_RACK-1_003-mesh-normals">
          <float_array id="HAMR3_Sim_Map_-_RACK-1_003-mesh-normals-array" count="36">1 0 0 1 0 0 0 1 0 0 1 0 -1 0 0 -1 0 0 0 -1 0 0 -1 0 0 0 1 0 0 1 0 0 -1 0 0 -1</float_array>
          <technique_common>
            <accessor source="#HAMR3_Sim_Map_-_RACK-1_003-mesh-normals-array" count="12" stride="3">
              <param name="X" type="float"/>
              <param name="Y" type="float"/>
              <param name="Z" type="float"/>
            </accessor>
          </technique_common>
        </source>
        <vertices id="HAMR3_Sim_Map_-_RACK-1_003-mesh-vertices">
          <input semantic="POSITION" source="#HAMR3_Sim_Map_-_RACK-1_003-mesh-positions"/>
        </vertices>
        <triangles material="Material_017-material" count="12">
          <input semantic="VERTEX" source="#HAMR3_Sim_Map_-_RACK-1_003-mesh-vertices" offset="0"/>
          <input semantic="NORMAL" source="#HAMR3_Sim_Map_-_RACK-1_003-mesh-normals" offset="1"/>
          <p>0 0 1 0 2 0 2 1 1 1 3 1 4 2 0 2 5 2 5 3 0 3 2 3 6 4 4 4 7 4 7 5 4 5 5 5 1 6 6 6 3 6 3 7 6 7 7 7 4 8 6 8 0 8 0 9 6 9 1 9 7 10 5 10 3 10 3 11 5 11 2 11</p>
        </triangles>
      </mesh>
    </geometry>
    <geometry id="HAMR3_Sim_Map_-_QC_회의실_청정도_검사실_정밀측_002-mesh" name="HAMR3_Sim_Map - QC 회의실_청정도 검사실_정밀측.002">
      <mesh>
        <source id="HAMR3_Sim_Map_-_QC_회의실_청정도_검사실_정밀측_002-mesh-positions">
          <float_array id="HAMR3_Sim_Map_-_QC_회의실_청정도_검사실_정밀측_002-mesh-positions-array" count="48">37951.1 55169.01 2600.5 37951.1 73320.02 2600.5 37951.1 55169.01 100.5 37951.1 73320.02 100.5 46588.6 55169.01 2600.5 46588.6 55169.01 100.5 46588.6 52394.01 2600.5 46588.6 52394.01 100.5 55313.6 52394.01 2600.5 55313.6 52394.01 100.5 55313.6 58768.01 2600.5 55313.6 58768.01 100.5 56927.59 58768.01 2600.5 56927.59 58768.01 100.5 56927.59 73320.02 2600.5 56927.59 73320.02 100.5</float_array>
          <technique_common>
            <accessor source="#HAMR3_Sim_Map_-_QC_회의실_청정도_검사실_정밀측_002-mesh-positions-array" count="16" stride="3">
              <param name="X" type="float"/>
              <param name="Y" type="float"/>
              <param name="Z" type="float"/>
            </accessor>
          </technique_common>
        </source>
        <source id="HAMR3_Sim_Map_-_QC_회의실_청정도_검사실_정밀측_002-mesh-normals">
          <float_array id="HAMR3_Sim_Map_-_QC_회의실_청정도_검사실_정밀측_002-mesh-normals-array" count="84">-1 0 0 -1 0 0 0 -1 0 0 -1 0 -1 0 0 -1 0 0 0 -1 0 0 -1 0 1 0 0 1 0 0 0 -1 0 0 -1 0 1 0 0 1 0 0 0 1 0 0 1 0 0 0 1 0 0 1 0 0 1 0 0 1 0 0 1 0 0 1 0 0 -1 0 0 -1 0 0 -1 0 0 -1 0 0 -1 0 0 -1</float_array>
          <technique_common>
            <accessor source="#HAMR3_Sim_Map_-_QC_회의실_청정도_검사실_정밀측_002-mesh-normals-array" count="28" stride="3">
              <param name="X" type="float"/>
              <param name="Y" type="float"/>
              <param name="Z" type="float"/>
            </accessor>
          </technique_common>
        </source>
        <vertices id="HAMR3_Sim_Map_-_QC_회의실_청정도_검사실_정밀측_002-mesh-vertices">
          <input semantic="POSITION" source="#HAMR3_Sim_Map_-_QC_회의실_청정도_검사실_정밀측_002-mesh-positions"/>
        </vertices>
        <triangles material="Material_016-material" count="28">
          <input semantic="VERTEX" source="#HAMR3_Sim_Map_-_QC_회의실_청정도_검사실_정밀측_002-mesh-vertices" offset="0"/>
          <input semantic="NORMAL" source="#HAMR3_Sim_Map_-_QC_회의실_청정도_검사실_정밀측_002-mesh-normals" offset="1"/>
          <p>0 0 1 0 2 0 2 1 1 1 3 1 4 2 0 2 5 2 5 3 0 3 2 3 6 4 4 4 7 4 7 5 4 5 5 5 8 6 6 6 9 6 9 7 6 7 7 7 10 8 8 8 11 8 11 9 8 9 9 9 12 10 10 10 13 10 13 11 10 11 11 11 14 12 12 12 15 12 15 13 12 13 13 13 1 14 14 14 3 14 3 15 14 15 15 15 1 16 0 16 14 16 14 17 0 17 4 17 6 18 8 18 4 18 4 19 8 19 10 19 4 20 10 20 14 20 14 21 10 21 12 21 15 22 13 22 3 22 3 23 13 23 11 23 2 24 3 24 5 24 5 25 3 25 11 25 5 26 11 26 7 26 7 27 11 27 9 27</p>
        </triangles>
      </mesh>
    </geometry>
    <geometry id="HAMR3_Sim_Map_-_HAMR3_경로-1-mesh" name="HAMR3_Sim_Map - HAMR3_경로-1">
      <mesh>
        <source id="HAMR3_Sim_Map_-_HAMR3_경로-1-mesh-positions">
          <float_array id="HAMR3_Sim_Map_-_HAMR3_경로-1-mesh-positions-array" count="528">78901.11 63087.67 100.5 81388.55 60600.24 100.5 81839.93 61379 100.5 64673.12 61390.5 100.5 65115.02 60612.93 100.5 64673.12 62284.86 100.5 67615.03 63087.67 100.5 65115.02 63062.42 100.5 65115.02 73400.6 100.5 81401.11 86282.18 100.5 78901.11 86282.18 100.5 81401.11 63062.42 100.5 81844.53 62279.1 100.5 66823.71 76339.42 100.5 65923.6 76344.01 100.5 65140.28 75900.6 100.5 68053.85 75109.28 100.5 67602.46 75888.03 100.5 68058.43 74209.17 100.5 67615.03 73425.85 100.5 40588.76 10927.52 100.5 40614.02 10927.52 100.5 38114.02 13427.52 100.5 35614.02 73400.6 100.5 35588.76 75900.6 100.5 28614.02 8702.519 100.5 28614.02 10927.52 100.5 28364.02 8702.519 100.5 26364.02 8702.519 100.5 28364.02 5702.519 100.5 26364.02 5702.519 100.5 38114.02 44792.01 100.5 38139.28 47292.01 100.5 35588.76 44792.01 100.5 35614.02 47292.01 100.5 33126.58 75888.03 100.5 32675.2 75109.28 100.5 34805.44 76344.01 100.5 33905.34 76339.42 100.5 26139.28 13427.52 100.5 26114.02 13427.52 100.5 26114.02 13402.26 100.5 25672.12 12624.7 100.5 67615.03 60587.67 100.5 72576.37 60587.67 100.5 72551.11 63087.67 100.5 34805.44 44348.6 100.5 33905.34 44353.2 100.5 33126.58 44804.58 100.5 32670.61 46483.44 100.5 32675.2 45583.33 100.5 32670.61 74209.17 100.5 33114.02 73425.85 100.5 33114.02 47266.76 100.5 26114.02 8702.519 100.5 26114.02 10952.77 100.5 25672.12 11730.33 100.5 40614.02 13402.26 100.5 40614.02 44792.01 100.5 75051.11 63087.67 100.5 73353.93 60145.78 100.5 26916.84 13869.42 100.5 27811.2 13869.42 100.5 28588.77 13427.52 100.5 41055.92 12624.7 100.5 41055.92 11730.33 100.5 40614.02 10952.77 100.5 74248.29 60145.78 100.5 75025.86 60587.67 100.5 78926.37 60587.67 100.5 75051.11 86282.18 100.5 72551.11 86282.18 100.5 38916.84 47733.92 100.5 39811.2 47733.92 100.5 40588.76 47292.01 100.5 65115.02 47292.01 100.5 65140.28 44792.01 100.5 65923.6 44348.6 100.5 39811.2 10485.62 100.5 38916.84 10485.62 100.5 38139.28 10927.52 100.5 79709.69 60144.26 100.5 80609.79 60148.85 100.5 66823.71 44353.2 100.5 67602.46 44804.58 100.5 68053.85 45583.33 100.5 67615.03 47266.76 100.5 68058.43 46483.44 100.5 66823.71 76339.42 50.5 67602.46 75888.03 50.5 65115.02 73400.6 50.5 38916.84 47733.92 50.5 39811.2 47733.92 50.5 40588.76 47292.01 50.5 26364.02 8702.519 50.5 26114.02 8702.519 50.5 26114.02 10952.77 50.5 35614.02 73400.6 50.5 35614.02 47292.01 50.5 33114.02 47266.76 50.5 78901.11 86282.18 50.5 81401.11 86282.18 50.5 78901.11 63087.67 50.5 81401.11 63062.42 50.5 81844.53 62279.1 50.5 68053.85 75109.28 50.5 68058.43 74209.17 50.5 67615.03 73425.85 50.5 33126.58 44804.58 50.5 32675.2 45583.33 50.5 32670.61 46483.44 50.5 33126.58 75888.03 50.5 33905.34 76339.42 50.5 65923.6 76344.01 50.5 32675.2 75109.28 50.5 32670.61 74209.17 50.5 33114.02 73425.85 50.5 26916.84 13869.42 50.5 27811.2 13869.42 50.5 28588.77 13427.52 50.5 28364.02 8702.519 50.5 28364.02 5702.519 50.5 26364.02 5702.519 50.5 35588.76 44792.01 50.5 38114.02 44792.01 50.5 38139.28 47292.01 50.5 65115.02 63062.42 50.5 67615.03 63087.67 50.5 64673.12 62284.86 50.5 64673.12 61390.5 50.5 34805.44 76344.01 50.5 35588.76 75900.6 50.5 65140.28 75900.6 50.5 26114.02 13402.26 50.5 26114.02 13427.52 50.5 28614.02 10927.52 50.5 26139.28 13427.52 50.5 39811.2 10485.62 50.5 38916.84 10485.62 50.5 38139.28 10927.52 50.5 28614.02 8702.519 50.5 34805.44 44348.6 50.5 33905.34 44353.2 50.5 40614.02 10952.77 50.5 40614.02 10927.52 50.5 38114.02 13427.52 50.5 40588.76 10927.52 50.5 25672.12 12624.7 50.5 25672.12 11730.33 50.5 40614.02 44792.01 50.5 65140.28 44792.01 50.5 65115.02 47292.01 50.5 75051.11 63087.67 50.5 78926.37 60587.67 50.5 75025.86 60587.67 50.5 74248.29 60145.78 50.5 73353.93 60145.78 50.5 41055.92 11730.33 50.5 41055.92 12624.7 50.5 40614.02 13402.26 50.5 72576.37 60587.67 50.5 67615.03 60587.67 50.5 72551.11 63087.67 50.5 65115.02 60612.93 50.5 67615.03 47266.76 50.5 68058.43 46483.44 50.5 79709.69 60144.26 50.5 80609.79 60148.85 50.5 81388.55 60600.24 50.5 81839.93 61379 50.5 72551.11 86282.18 50.5 75051.11 86282.18 50.5 65923.6 44348.6 50.5 66823.71 44353.2 50.5 67602.46 44804.58 50.5 68053.85 45583.33 50.5</float_array>
          <technique_common>
            <accessor source="#HAMR3_Sim_Map_-_HAMR3_경로-1-mesh-positions-array" count="176" stride="3">
              <param name="X" type="float"/>
              <param name="Y" type="float"/>
              <param name="Z" type="float"/>
            </accessor>
          </technique_common>
        </source>
        <source id="HAMR3_Sim_Map_-_HAMR3_경로-1-mesh-normals">
          <float_array id="HAMR3_Sim_Map_-_HAMR3_경로-1-mesh-normals-array" count="1056">0 0 1 0 0 1 0 0 1 0 0 1 0 0 1 0 0 1 0 0 1 0 0 1 0 0 1 0 0 1 0 0 1 0 0 1 0 0 1 0 0 1 0 0 1 0 0 1 0 0 1 0 0 1 0 0 1 0 0 1 0 0 1 0 0 1 0 0 1 0 0 1 0 0 1 0 0 1 0 0 1 0 0 1 0 0 1 0 0 1 0 0 1 0 0 1 0 0 1 0 0 1 0 0 1 0 0 1 0 0 1 0 0 1 0 0 1 0 0 1 0 0 1 0 0 1 0 0 1 0 0 1 0 0 1 0 0 1 0 0 1 0 0 1 0 0 1 0 0 1 0 0 1 0 0 1 0 0 1 0 0 1 0 0 1 0 0 1 0 0 1 0 0 1 0 0 1 0 0 1 0 0 1 0 0 1 0 0 1 0 0 1 0 0 1 0 0 1 0 0 1 0 0 1 0 0 1 0 0 1 0 0 1 0 0 1 0 0 1 0 0 1 0 0 1 0 0 1 0 0 1 0 0 1 0 0 1 0 0 1 0 0 1 0 0 1 0 0 1 0 0 1 0 0 1 0 0 1 0 0 1 0 0 1 0 0 -1 0 0 -1 0 0 -1 0 0 -1 0 0 -1 0 0 -1 0 0 -1 0 0 -1 0 0 -1 0 0 -1 0 0 -1 0 0 -1 0 0 -1 0 0 -1 0 0 -1 0 0 -1 0 0 -1 0 0 -1 0 0 -1 0 0 -1 0 0 -1 0 0 -1 0 0 -1 0 0 -1 0 0 -1 0 0 -1 0 0 -1 0 0 -1 0 0 -1 0 0 -1 0 0 -1 0 0 -1 0 0 -1 0 0 -1 0 0 -1 0 0 -1 0 0 -1 0 0 -1 0 0 -1 0 0 -1 0 0 -1 0 0 -1 0 0 -1 0 0 -1 0 0 -1 0 0 -1 0 0 -1 0 0 -1 0 0 -1 0 0 -1 0 0 -1 0 0 -1 0 0 -1 0 0 -1 0 0 -1 0 0 -1 0 0 -1 0 0 -1 0 0 -1 0 0 -1 0 0 -1 0 0 -1 0 0 -1 0 0 -1 0 0 -1 0 0 -1 0 0 -1 0 0 -1 0 0 -1 0 0 -1 0 0 -1 0 0 -1 0 0 -1 0 0 -1 0 0 -1 0 0 -1 0 0 -1 0 0 -1 0 0 -1 0 0 -1 0 0 -1 0 0 -1 0 0 -1 0 0 -1 0 0 -1 0 0 -1 0 0 -1 0 0 -1 -0.8702467 0.4926161 0 -0.8702467 0.4926161 0 -0.999987 -0.005101323 0 -0.999987 -0.005101323 0 -0.8651722 -0.5014749 0 -0.8651722 -0.5014749 0 -0.5014733 -0.8651732 0 -0.5014733 -0.8651732 0 -0.005103468 -0.999987 0 -0.005103468 -0.999987 0 0.4926161 -0.8702467 0 0.4926161 -0.8702467 0 0 -1 0 0 -1 0 -1 0 0 -1 0 0 0 1 0 0 1 0 0.4940976 0.8694065 0 0.4940976 0.8694065 0 0 1 0 0 1 0 -0.4940986 0.8694059 0 -0.4940986 0.8694059 0 0 1 0 0 1 0 -1 0 0 -1 0 0 -0.8694067 0.4940971 0 -0.8694067 0.4940971 0 -1 0 0 -1 0 0 -0.8694053 -0.4940994 0 -0.8694053 -0.4940994 0 -1 0 0 -1 0 0 0 -1 0 0 -1 0 -1 0 0 -1 0 0 0 -1 0 0 -1 0 1 0 0 1 0 0 0 -1 0 0 -1 0 1 0 0 1 0 0 0 -1 0 0 -1 0 -0.4940977 -0.8694064 0 -0.4940977 -0.8694064 0 0 -1 0 0 -1 0 0.4940977 -0.8694064 0 0.4940977 -0.8694064 0 0 -1 0 0 -1 0 1 0 0 1 0 0 0.8694053 -0.4940994 0 0.8694053 -0.4940994 0 1 0 0 1 0 0 0.8694067 0.4940971 0 0.8694067 0.4940971 0 1 0 0 1 0 0 0 -1 0 0 -1 0 -0.492618 -0.8702456 0 -0.492618 -0.8702456 0 0.005103468 -0.999987 0 0.005103468 -0.999987 0 0.5014714 -0.8651743 0 0.5014714 -0.8651743 0 0.8651732 -0.5014733 0 0.8651732 -0.5014733 0 0.9999871 -0.005094766 0 0.9999871 -0.005094766 0 0.8702486 0.4926128 0 0.8702486 0.4926128 0 1 0 0 1 0 0 0 -1 0 0 -1 0 -0.4940952 -0.8694078 0 -0.4940952 -0.8694078 0 0 -1 0 0 -1 0 0.4940915 -0.8694099 0 0.4940915 -0.8694099 0 0 -1 0 0 -1 0 -0.4926161 -0.8702467 0 -0.4926161 -0.8702467 0 0.005099177 -0.999987 0 0.005099177 -0.999987 0 0.5014714 -0.8651743 0 0.5014714 -0.8651743 0 0.8651743 -0.5014714 0 0.8651743 -0.5014714 0 0.999987 -0.005103468 0 0.999987 -0.005103468 0 0.8702449 0.4926194 0 0.8702449 0.4926194 0 1 0 0 1 0 0 0 1 0 0 1 0 -1 0 0 -1 0 0 0 1 0 0 1 0 1 0 0 1 0 0 0 1 0 0 1 0 -1 0 0 -1 0 0 0 1 0 0 1 0 1 0 0 1 0 0 0.8702486 -0.4926128 0 0.8702486 -0.4926128 0 0.999987 0.005094766 0 0.999987 0.005094766 0 0.865172 0.5014752 0 0.865172 0.5014752 0 0.5014714 0.8651743 0 0.5014714 0.8651743 0 0.005103468 0.999987 0 0.005103468 0.999987 0 -0.4926213 0.8702438 0 -0.4926213 0.8702438 0 0 1 0 0 1 0 0.4926194 0.8702449 0 0.4926194 0.8702449 0 -0.005103468 0.999987 0 -0.005103468 0.999987 0 -0.5014733 0.8651732 0 -0.5014733 0.8651732 0 -0.8651711 0.5014768 0 -0.8651711 0.5014768 0 -0.999987 0.005101263 0 -0.999987 0.005101263 0 -0.8702467 -0.4926161 0 -0.8702467 -0.4926161 0 -1 0 0 -1 0 0 1 0 0 1 0 0 0 1 0 0 1 0 0.4940986 0.8694059 0 0.4940986 0.8694059 0 0 1 0 0 1 0 -0.4940986 0.8694059 0 -0.4940986 0.8694059 0 0 1 0 0 1 0 -1 0 0 -1 0 0 -0.8694078 0.4940952 0 -0.8694078 0.4940952 0 -1 0 0 -1 0 0 -0.8694078 -0.4940952 0 -0.8694078 -0.4940952 0 -1 0 0 -1 0 0 0 -1 0 0 -1 0</float_array>
          <technique_common>
            <accessor source="#HAMR3_Sim_Map_-_HAMR3_경로-1-mesh-normals-array" count="352" stride="3">
              <param name="X" type="float"/>
              <param name="Y" type="float"/>
              <param name="Z" type="float"/>
            </accessor>
          </technique_common>
        </source>
        <vertices id="HAMR3_Sim_Map_-_HAMR3_경로-1-mesh-vertices">
          <input semantic="POSITION" source="#HAMR3_Sim_Map_-_HAMR3_경로-1-mesh-positions"/>
        </vertices>
        <triangles material="Material_015-material" count="352">
          <input semantic="VERTEX" source="#HAMR3_Sim_Map_-_HAMR3_경로-1-mesh-vertices" offset="0"/>
          <input semantic="NORMAL" source="#HAMR3_Sim_Map_-_HAMR3_경로-1-mesh-normals" offset="1"/>
          <p>0 0 1 0 2 0 3 1 4 1 5 1 5 2 4 2 6 2 5 3 6 3 7 3 7 4 6 4 8 4 9 5 10 5 11 5 11 6 10 6 0 6 11 7 0 7 12 7 12 8 0 8 2 8 13 9 14 9 15 9 16 10 17 10 18 10 18 11 17 11 8 11 18 12 8 12 19 12 19 13 8 13 6 13 20 14 21 14 22 14 17 15 13 15 8 15 8 16 13 16 15 16 8 17 15 17 23 17 23 18 15 18 24 18 25 19 26 19 27 19 27 20 26 20 28 20 27 21 28 21 29 21 29 22 28 22 30 22 31 23 32 23 33 23 33 24 32 24 34 24 23 25 35 25 36 25 24 26 37 26 23 26 23 27 37 27 38 27 23 28 38 28 35 28 39 29 40 29 26 29 26 30 40 30 41 30 26 31 41 31 42 31 43 32 44 32 45 32 46 33 33 33 47 33 47 34 33 34 34 34 47 35 34 35 48 35 48 36 34 36 49 36 48 37 49 37 50 37 36 38 51 38 23 38 23 39 51 39 52 39 23 40 52 40 34 40 34 41 52 41 53 41 34 42 53 42 49 42 54 43 28 43 55 43 55 44 28 44 26 44 55 45 26 45 56 45 56 46 26 46 42 46 57 47 58 47 22 47 22 48 58 48 31 48 59 49 44 49 60 49 61 50 39 50 62 50 62 51 39 51 26 51 62 52 26 52 63 52 63 53 26 53 22 53 64 54 57 54 65 54 65 55 57 55 22 55 65 56 22 56 66 56 66 57 22 57 21 57 60 58 67 58 59 58 59 59 67 59 68 59 59 60 68 60 0 60 0 61 68 61 69 61 44 62 59 62 45 62 45 63 59 63 70 63 45 64 70 64 71 64 72 65 32 65 73 65 73 66 32 66 31 66 73 67 31 67 74 67 74 68 31 68 58 68 74 69 58 69 75 69 75 70 58 70 76 70 75 71 76 71 77 71 78 72 20 72 79 72 79 73 20 73 22 73 79 74 22 74 80 74 80 75 22 75 26 75 69 76 81 76 0 76 0 77 81 77 82 77 0 78 82 78 1 78 77 79 83 79 75 79 75 80 83 80 84 80 75 81 84 81 85 81 45 82 6 82 43 82 43 83 6 83 4 83 43 84 4 84 86 84 86 85 4 85 75 85 86 86 75 86 87 86 87 87 75 87 85 87 88 88 89 88 90 88 91 89 92 89 93 89 94 90 95 90 96 90 97 91 98 91 99 91 100 92 101 92 102 92 102 93 101 93 103 93 102 94 103 94 104 94 105 95 106 95 107 95 108 96 109 96 98 96 98 97 109 97 110 97 98 98 110 98 99 98 97 99 111 99 112 99 88 100 90 100 113 100 114 101 111 101 115 101 115 102 111 102 97 102 115 103 97 103 116 103 116 104 97 104 99 104 117 105 118 105 119 105 120 106 121 106 122 106 123 107 98 107 124 107 124 108 98 108 125 108 124 109 125 109 91 109 89 110 105 110 90 110 90 111 105 111 107 111 90 112 107 112 126 112 126 113 107 113 127 113 126 114 127 114 128 114 128 115 127 115 129 115 112 116 130 116 97 116 97 117 130 117 131 117 97 118 131 118 90 118 90 119 131 119 132 119 90 120 132 120 113 120 133 121 134 121 135 121 135 122 134 122 136 122 137 123 138 123 139 123 135 124 140 124 120 124 123 125 141 125 98 125 98 126 141 126 142 126 98 127 142 127 108 127 143 128 144 128 145 128 145 129 144 129 146 129 147 130 133 130 148 130 148 131 133 131 135 131 148 132 135 132 96 132 96 133 135 133 120 133 96 134 120 134 94 134 94 135 120 135 122 135 146 136 137 136 145 136 145 137 137 137 139 137 145 138 139 138 119 138 119 139 139 139 135 139 119 140 135 140 117 140 117 141 135 141 136 141 149 142 93 142 150 142 150 143 93 143 151 143 152 144 102 144 153 144 153 145 154 145 152 145 152 146 154 146 155 146 152 147 155 147 156 147 91 148 93 148 124 148 124 149 93 149 149 149 124 150 149 150 145 150 157 151 143 151 158 151 158 152 143 152 145 152 158 153 145 153 159 153 159 154 145 154 149 154 160 155 161 155 162 155 162 156 161 156 127 156 129 157 127 157 163 157 163 158 127 158 161 158 163 159 161 159 151 159 151 160 161 160 164 160 151 161 164 161 165 161 166 162 153 162 167 162 167 163 153 163 102 163 167 164 102 164 168 164 168 165 102 165 104 165 168 166 104 166 169 166 170 167 171 167 162 167 162 168 171 168 152 168 162 169 152 169 160 169 160 170 152 170 156 170 172 171 150 171 173 171 173 172 150 172 151 172 173 173 151 173 174 173 174 174 151 174 165 174 174 175 165 175 175 175 53 176 99 176 110 176 53 177 110 177 49 177 49 178 110 178 109 178 49 179 109 179 50 179 50 180 109 180 108 180 50 181 108 181 48 181 48 182 108 182 142 182 48 183 142 183 47 183 47 184 142 184 141 184 47 185 141 185 46 185 46 186 141 186 123 186 46 187 123 187 33 187 31 188 33 188 124 188 124 189 33 189 123 189 22 190 31 190 145 190 145 191 31 191 124 191 63 192 22 192 119 192 119 193 22 193 145 193 63 194 119 194 118 194 63 195 118 195 62 195 62 196 118 196 117 196 62 197 117 197 61 197 61 198 117 198 136 198 61 199 136 199 39 199 40 200 39 200 134 200 134 201 39 201 136 201 41 202 40 202 133 202 133 203 40 203 134 203 41 204 133 204 147 204 41 205 147 205 42 205 42 206 147 206 148 206 42 207 148 207 56 207 56 208 148 208 96 208 56 209 96 209 55 209 54 210 55 210 95 210 95 211 55 211 96 211 28 212 54 212 94 212 94 213 54 213 95 213 30 214 28 214 122 214 122 215 28 215 94 215 29 216 30 216 121 216 121 217 30 217 122 217 27 218 29 218 120 218 120 219 29 219 121 219 25 220 27 220 140 220 140 221 27 221 120 221 26 222 25 222 135 222 135 223 25 223 140 223 80 224 26 224 139 224 139 225 26 225 135 225 80 226 139 226 138 226 80 227 138 227 79 227 79 228 138 228 137 228 79 229 137 229 78 229 78 230 137 230 146 230 78 231 146 231 20 231 21 232 20 232 144 232 144 233 20 233 146 233 66 234 21 234 143 234 143 235 21 235 144 235 66 236 143 236 157 236 66 237 157 237 65 237 65 238 157 238 158 238 65 239 158 239 64 239 64 240 158 240 159 240 64 241 159 241 57 241 58 242 57 242 149 242 149 243 57 243 159 243 76 244 58 244 150 244 150 245 58 245 149 245 76 246 150 246 172 246 76 247 172 247 77 247 77 248 172 248 173 248 77 249 173 249 83 249 83 250 173 250 174 250 83 251 174 251 84 251 84 252 174 252 175 252 84 253 175 253 85 253 85 254 175 254 165 254 85 255 165 255 87 255 87 256 165 256 164 256 87 257 164 257 86 257 43 258 86 258 161 258 161 259 86 259 164 259 44 260 43 260 160 260 160 261 43 261 161 261 44 262 160 262 156 262 44 263 156 263 60 263 60 264 156 264 155 264 60 265 155 265 67 265 67 266 155 266 154 266 67 267 154 267 68 267 69 268 68 268 153 268 153 269 68 269 154 269 69 270 153 270 166 270 69 271 166 271 81 271 81 272 166 272 167 272 81 273 167 273 82 273 82 274 167 274 168 274 82 275 168 275 1 275 1 276 168 276 169 276 1 277 169 277 2 277 2 278 169 278 104 278 2 279 104 279 12 279 12 280 104 280 103 280 12 281 103 281 11 281 9 282 11 282 101 282 101 283 11 283 103 283 10 284 9 284 100 284 100 285 9 285 101 285 0 286 10 286 102 286 102 287 10 287 100 287 59 288 0 288 152 288 152 289 0 289 102 289 70 290 59 290 171 290 171 291 59 291 152 291 71 292 70 292 170 292 170 293 70 293 171 293 45 294 71 294 162 294 162 295 71 295 170 295 6 296 45 296 127 296 127 297 45 297 162 297 19 298 6 298 107 298 107 299 6 299 127 299 19 300 107 300 106 300 19 301 106 301 18 301 18 302 106 302 105 302 18 303 105 303 16 303 16 304 105 304 89 304 16 305 89 305 17 305 17 306 89 306 88 306 17 307 88 307 13 307 13 308 88 308 113 308 13 309 113 309 14 309 14 310 113 310 132 310 14 311 132 311 15 311 24 312 15 312 131 312 131 313 15 313 132 313 24 314 131 314 130 314 24 315 130 315 37 315 37 316 130 316 112 316 37 317 112 317 38 317 38 318 112 318 111 318 38 319 111 319 35 319 35 320 111 320 114 320 35 321 114 321 36 321 36 322 114 322 115 322 36 323 115 323 51 323 51 324 115 324 116 324 51 325 116 325 52 325 53 326 52 326 99 326 99 327 52 327 116 327 23 328 34 328 97 328 97 329 34 329 98 329 34 330 32 330 98 330 98 331 32 331 125 331 74 332 93 332 92 332 74 333 92 333 73 333 73 334 92 334 91 334 73 335 91 335 72 335 72 336 91 336 125 336 72 337 125 337 32 337 74 338 75 338 93 338 93 339 75 339 151 339 75 340 4 340 151 340 151 341 4 341 163 341 7 342 126 342 128 342 7 343 128 343 5 343 5 344 128 344 129 344 5 345 129 345 3 345 3 346 129 346 163 346 3 347 163 347 4 347 7 348 8 348 126 348 126 349 8 349 90 349 8 350 23 350 90 350 90 351 23 351 97 351</p>
        </triangles>
      </mesh>
    </geometry>
    <geometry id="HAMR3_Sim_Map_-_5동_창고-1_003-mesh" name="HAMR3_Sim_Map - 5동 창고-1.003">
      <mesh>
        <source id="HAMR3_Sim_Map_-_5동_창고-1_003-mesh-positions">
          <float_array id="HAMR3_Sim_Map_-_5동_창고-1_003-mesh-positions-array" count="48">2301.571 8702.517 100.5 1301.571 8702.517 100.5 2301.571 8702.517 2600.5 1301.571 8702.517 2600.5 31401.57 8702.517 2600.5 31401.57 1602.517 2600.5 31401.57 8702.517 100.5 31401.57 1602.517 100.5 30401.57 8702.517 2600.5 30401.57 8702.517 100.5 1301.571 1602.517 2600.5 1301.571 1602.517 100.5 2301.571 2602.517 2600.5 30401.57 2602.517 2600.5 30401.57 2602.517 100.5 2301.571 2602.517 100.5</float_array>
          <technique_common>
            <accessor source="#HAMR3_Sim_Map_-_5동_창고-1_003-mesh-positions-array" count="16" stride="3">
              <param name="X" type="float"/>
              <param name="Y" type="float"/>
              <param name="Z" type="float"/>
            </accessor>
          </technique_common>
        </source>
        <source id="HAMR3_Sim_Map_-_5동_창고-1_003-mesh-normals">
          <float_array id="HAMR3_Sim_Map_-_5동_창고-1_003-mesh-normals-array" count="84">0 1 0 0 1 0 1 0 0 1 0 0 0 1 0 0 1 0 -1 0 0 -1 0 0 0 -1 0 0 -1 0 0 0 1 0 0 1 0 0 1 0 0 1 0 0 1 0 0 1 0 0 -1 0 0 -1 0 0 -1 0 0 -1 0 0 -1 0 0 -1 1 0 0 1 0 0 -1 0 0 -1 0 0 0 1 0 0 1 0</float_array>
          <technique_common>
            <accessor source="#HAMR3_Sim_Map_-_5동_창고-1_003-mesh-normals-array" count="28" stride="3">
              <param name="X" type="float"/>
              <param name="Y" type="float"/>
              <param name="Z" type="float"/>
            </accessor>
          </technique_common>
        </source>
        <vertices id="HAMR3_Sim_Map_-_5동_창고-1_003-mesh-vertices">
          <input semantic="POSITION" source="#HAMR3_Sim_Map_-_5동_창고-1_003-mesh-positions"/>
        </vertices>
        <triangles material="Material_016-material" count="28">
          <input semantic="VERTEX" source="#HAMR3_Sim_Map_-_5동_창고-1_003-mesh-vertices" offset="0"/>
          <input semantic="NORMAL" source="#HAMR3_Sim_Map_-_5동_창고-1_003-mesh-normals" offset="1"/>
          <p>0 0 1 0 2 0 2 1 1 1 3 1 4 2 5 2 6 2 6 3 5 3 7 3 8 4 4 4 9 4 9 5 4 5 6 5 10 6 3 6 11 6 11 7 3 7 1 7 5 8 10 8 7 8 7 9 10 9 11 9 2 10 3 10 12 10 12 11 3 11 10 11 12 12 10 12 13 12 13 13 10 13 5 13 13 14 5 14 8 14 8 15 5 15 4 15 9 16 6 16 14 16 14 17 6 17 7 17 14 18 7 18 15 18 15 19 7 19 11 19 15 20 11 20 0 20 0 21 11 21 1 21 0 22 2 22 15 22 15 23 2 23 12 23 14 24 13 24 9 24 9 25 13 25 8 25 15 26 12 26 14 26 14 27 12 27 13 27</p>
        </triangles>
      </mesh>
    </geometry>
    <geometry id="HAMR3_Sim_Map_-_2동_사무동-1_003-mesh" name="HAMR3_Sim_Map - 2동 사무동-1.003">
      <mesh>
        <source id="HAMR3_Sim_Map_-_2동_사무동-1_003-mesh-positions">
          <float_array id="HAMR3_Sim_Map_-_2동_사무동-1_003-mesh-positions-array" count="48">72332.5 39250.91 5100.5 72332.5 39250.91 100.5 72332.5 25152.41 5100.5 72332.5 25152.41 100.5 94332.5 39250.91 5100.5 94332.5 1250.907 5100.5 94332.5 39250.91 100.5 94332.5 1250.907 100.5 72332.5 15351.41 100.5 72332.5 1250.907 100.5 72332.5 15351.41 5100.5 72332.5 1250.907 5100.5 68432.5 25152.41 5100.5 68432.5 15351.41 5100.5 68432.5 25152.41 100.5 68432.5 15351.41 100.5</float_array>
          <technique_common>
            <accessor source="#HAMR3_Sim_Map_-_2동_사무동-1_003-mesh-positions-array" count="16" stride="3">
              <param name="X" type="float"/>
              <param name="Y" type="float"/>
              <param name="Z" type="float"/>
            </accessor>
          </technique_common>
        </source>
        <source id="HAMR3_Sim_Map_-_2동_사무동-1_003-mesh-normals">
          <float_array id="HAMR3_Sim_Map_-_2동_사무동-1_003-mesh-normals-array" count="84">-1 0 0 -1 0 0 1 0 0 1 0 0 0 1 0 0 1 0 -1 0 0 -1 0 0 0 -1 0 0 -1 0 0 0 1 0 0 1 0 0 1 0 0 1 0 0 1 0 0 1 0 0 -1 0 0 -1 0 0 -1 0 0 -1 0 0 -1 0 0 -1 0 1 0 0 1 0 -1 0 0 -1 0 0 0 -1 0 0 -1 0</float_array>
          <technique_common>
            <accessor source="#HAMR3_Sim_Map_-_2동_사무동-1_003-mesh-normals-array" count="28" stride="3">
              <param name="X" type="float"/>
              <param name="Y" type="float"/>
              <param name="Z" type="float"/>
            </accessor>
          </technique_common>
        </source>
        <vertices id="HAMR3_Sim_Map_-_2동_사무동-1_003-mesh-vertices">
          <input semantic="POSITION" source="#HAMR3_Sim_Map_-_2동_사무동-1_003-mesh-positions"/>
        </vertices>
        <triangles material="Material_016-material" count="28">
          <input semantic="VERTEX" source="#HAMR3_Sim_Map_-_2동_사무동-1_003-mesh-vertices" offset="0"/>
          <input semantic="NORMAL" source="#HAMR3_Sim_Map_-_2동_사무동-1_003-mesh-normals" offset="1"/>
          <p>0 0 1 0 2 0 2 1 1 1 3 1 4 2 5 2 6 2 6 3 5 3 7 3 0 4 4 4 1 4 1 5 4 5 6 5 8 6 9 6 10 6 10 7 9 7 11 7 5 8 11 8 7 8 7 9 11 9 9 9 10 10 11 10 5 10 4 11 0 11 2 11 12 12 13 12 2 12 2 13 13 13 10 13 2 14 10 14 4 14 4 15 10 15 5 15 7 16 9 16 6 16 6 17 9 17 8 17 1 18 6 18 3 18 3 19 6 19 8 19 3 20 8 20 14 20 14 21 8 21 15 21 12 22 2 22 14 22 14 23 2 23 3 23 13 24 12 24 15 24 15 25 12 25 14 25 10 26 13 26 8 26 8 27 13 27 15 27</p>
        </triangles>
      </mesh>
    </geometry>
  </library_geometries>
  <library_visual_scenes>
    <visual_scene id="Scene" name="Scene">
      <node id="HAMR3_Sim_Map_-_화물용승강기_좌측-1" name="HAMR3_Sim_Map - 화물용승강기_좌측-1" type="NODE">
        <matrix sid="transform">0 1 0 -45100 -1 0 0 47350 0 0 1 0 0 0 0 1</matrix>
        <instance_geometry url="#HAMR3_Sim_Map_-_화물용승강기_좌측-1_003-mesh" name="HAMR3_Sim_Map - 화물용승강기_좌측-1">
          <bind_material>
            <technique_common>
              <instance_material symbol="Material_016-material" target="#Material_016-material"/>
            </technique_common>
          </bind_material>
        </instance_geometry>
      </node>
      <node id="HAMR3_Sim_Map_-_화물용승강기_우측-1" name="HAMR3_Sim_Map - 화물용승강기_우측-1" type="NODE">
        <matrix sid="transform">0 1 0 -45100 -1 0 0 47350 0 0 1 0 0 0 0 1</matrix>
        <instance_geometry url="#HAMR3_Sim_Map_-_화물용승강기_우측-1_003-mesh" name="HAMR3_Sim_Map - 화물용승강기_우측-1">
          <bind_material>
            <technique_common>
              <instance_material symbol="Material_016-material" target="#Material_016-material"/>
            </technique_common>
          </bind_material>
        </instance_geometry>
      </node>
      <node id="HAMR3_Sim_Map_-_파티션-1" name="HAMR3_Sim_Map - 파티션-1" type="NODE">
        <matrix sid="transform">0 1 0 -45100 -1 0 0 47350 0 0 1 0 0 0 0 1</matrix>
        <instance_geometry url="#HAMR3_Sim_Map_-_파티션-1_003-mesh" name="HAMR3_Sim_Map - 파티션-1">
          <bind_material>
            <technique_common>
              <instance_material symbol="Material_016-material" target="#Material_016-material"/>
            </technique_common>
          </bind_material>
        </instance_geometry>
      </node>
      <node id="HAMR3_Sim_Map_-_출하물품-38" name="HAMR3_Sim_Map - 출하물품-38" type="NODE">
        <matrix sid="transform">0 1 0 -45100 -1 0 0 47350 0 0 1 0 0 0 0 1</matrix>
        <instance_geometry url="#HAMR3_Sim_Map_-_출하물품-38_003-mesh" name="HAMR3_Sim_Map - 출하물품-38">
          <bind_material>
            <technique_common>
              <instance_material symbol="Material_020-material" target="#Material_020-material"/>
            </technique_common>
          </bind_material>
        </instance_geometry>
      </node>
      <node id="HAMR3_Sim_Map_-_출하물품-37" name="HAMR3_Sim_Map - 출하물품-37" type="NODE">
        <matrix sid="transform">0 1 0 -45100 -1 0 0 47350 0 0 1 0 0 0 0 1</matrix>
        <instance_geometry url="#HAMR3_Sim_Map_-_출하물품-37_003-mesh" name="HAMR3_Sim_Map - 출하물품-37">
          <bind_material>
            <technique_common>
              <instance_material symbol="Material_020-material" target="#Material_020-material"/>
            </technique_common>
          </bind_material>
        </instance_geometry>
      </node>
      <node id="HAMR3_Sim_Map_-_출하물품-36" name="HAMR3_Sim_Map - 출하물품-36" type="NODE">
        <matrix sid="transform">0 1 0 -45100 -1 0 0 47350 0 0 1 0 0 0 0 1</matrix>
        <instance_geometry url="#HAMR3_Sim_Map_-_출하물품-36_003-mesh" name="HAMR3_Sim_Map - 출하물품-36">
          <bind_material>
            <technique_common>
              <instance_material symbol="Material_020-material" target="#Material_020-material"/>
            </technique_common>
          </bind_material>
        </instance_geometry>
      </node>
      <node id="HAMR3_Sim_Map_-_출하물품-35" name="HAMR3_Sim_Map - 출하물품-35" type="NODE">
        <matrix sid="transform">0 1 0 -45100 -1 0 0 47350 0 0 1 0 0 0 0 1</matrix>
        <instance_geometry url="#HAMR3_Sim_Map_-_출하물품-35_003-mesh" name="HAMR3_Sim_Map - 출하물품-35">
          <bind_material>
            <technique_common>
              <instance_material symbol="Material_020-material" target="#Material_020-material"/>
            </technique_common>
          </bind_material>
        </instance_geometry>
      </node>
      <node id="HAMR3_Sim_Map_-_출하물품-34" name="HAMR3_Sim_Map - 출하물품-34" type="NODE">
        <matrix sid="transform">0 1 0 -45100 -1 0 0 47350 0 0 1 0 0 0 0 1</matrix>
        <instance_geometry url="#HAMR3_Sim_Map_-_출하물품-34_003-mesh" name="HAMR3_Sim_Map - 출하물품-34">
          <bind_material>
            <technique_common>
              <instance_material symbol="Material_020-material" target="#Material_020-material"/>
            </technique_common>
          </bind_material>
        </instance_geometry>
      </node>
      <node id="HAMR3_Sim_Map_-_출하물품-33" name="HAMR3_Sim_Map - 출하물품-33" type="NODE">
        <matrix sid="transform">0 1 0 -45100 -1 0 0 47350 0 0 1 0 0 0 0 1</matrix>
        <instance_geometry url="#HAMR3_Sim_Map_-_출하물품-33_003-mesh" name="HAMR3_Sim_Map - 출하물품-33">
          <bind_material>
            <technique_common>
              <instance_material symbol="Material_020-material" target="#Material_020-material"/>
            </technique_common>
          </bind_material>
        </instance_geometry>
      </node>
      <node id="HAMR3_Sim_Map_-_출하물품-32" name="HAMR3_Sim_Map - 출하물품-32" type="NODE">
        <matrix sid="transform">0 1 0 -45100 -1 0 0 47350 0 0 1 0 0 0 0 1</matrix>
        <instance_geometry url="#HAMR3_Sim_Map_-_출하물품-32_003-mesh" name="HAMR3_Sim_Map - 출하물품-32">
          <bind_material>
            <technique_common>
              <instance_material symbol="Material_020-material" target="#Material_020-material"/>
            </technique_common>
          </bind_material>
        </instance_geometry>
      </node>
      <node id="HAMR3_Sim_Map_-_출하물품-31" name="HAMR3_Sim_Map - 출하물품-31" type="NODE">
        <matrix sid="transform">0 1 0 -45100 -1 0 0 47350 0 0 1 0 0 0 0 1</matrix>
        <instance_geometry url="#HAMR3_Sim_Map_-_출하물품-31_003-mesh" name="HAMR3_Sim_Map - 출하물품-31">
          <bind_material>
            <technique_common>
              <instance_material symbol="Material_020-material" target="#Material_020-material"/>
            </technique_common>
          </bind_material>
        </instance_geometry>
      </node>
      <node id="HAMR3_Sim_Map_-_출하물품-30" name="HAMR3_Sim_Map - 출하물품-30" type="NODE">
        <matrix sid="transform">0 1 0 -45100 -1 0 0 47350 0 0 1 0 0 0 0 1</matrix>
        <instance_geometry url="#HAMR3_Sim_Map_-_출하물품-30_003-mesh" name="HAMR3_Sim_Map - 출하물품-30">
          <bind_material>
            <technique_common>
              <instance_material symbol="Material_020-material" target="#Material_020-material"/>
            </technique_common>
          </bind_material>
        </instance_geometry>
      </node>
      <node id="HAMR3_Sim_Map_-_출하물품-29" name="HAMR3_Sim_Map - 출하물품-29" type="NODE">
        <matrix sid="transform">0 1 0 -45100 -1 0 0 47350 0 0 1 0 0 0 0 1</matrix>
        <instance_geometry url="#HAMR3_Sim_Map_-_출하물품-29_003-mesh" name="HAMR3_Sim_Map - 출하물품-29">
          <bind_material>
            <technique_common>
              <instance_material symbol="Material_020-material" target="#Material_020-material"/>
            </technique_common>
          </bind_material>
        </instance_geometry>
      </node>
      <node id="HAMR3_Sim_Map_-_출하물품-28" name="HAMR3_Sim_Map - 출하물품-28" type="NODE">
        <matrix sid="transform">0 1 0 -45100 -1 0 0 47350 0 0 1 0 0 0 0 1</matrix>
        <instance_geometry url="#HAMR3_Sim_Map_-_출하물품-28_003-mesh" name="HAMR3_Sim_Map - 출하물품-28">
          <bind_material>
            <technique_common>
              <instance_material symbol="Material_020-material" target="#Material_020-material"/>
            </technique_common>
          </bind_material>
        </instance_geometry>
      </node>
      <node id="HAMR3_Sim_Map_-_출하물품-27" name="HAMR3_Sim_Map - 출하물품-27" type="NODE">
        <matrix sid="transform">0 1 0 -45100 -1 0 0 47350 0 0 1 0 0 0 0 1</matrix>
        <instance_geometry url="#HAMR3_Sim_Map_-_출하물품-27_003-mesh" name="HAMR3_Sim_Map - 출하물품-27">
          <bind_material>
            <technique_common>
              <instance_material symbol="Material_020-material" target="#Material_020-material"/>
            </technique_common>
          </bind_material>
        </instance_geometry>
      </node>
      <node id="HAMR3_Sim_Map_-_출하물품-26" name="HAMR3_Sim_Map - 출하물품-26" type="NODE">
        <matrix sid="transform">0 1 0 -45100 -1 0 0 47350 0 0 1 0 0 0 0 1</matrix>
        <instance_geometry url="#HAMR3_Sim_Map_-_출하물품-26_003-mesh" name="HAMR3_Sim_Map - 출하물품-26">
          <bind_material>
            <technique_common>
              <instance_material symbol="Material_020-material" target="#Material_020-material"/>
            </technique_common>
          </bind_material>
        </instance_geometry>
      </node>
      <node id="HAMR3_Sim_Map_-_출하물품-25" name="HAMR3_Sim_Map - 출하물품-25" type="NODE">
        <matrix sid="transform">0 1 0 -45100 -1 0 0 47350 0 0 1 0 0 0 0 1</matrix>
        <instance_geometry url="#HAMR3_Sim_Map_-_출하물품-25_003-mesh" name="HAMR3_Sim_Map - 출하물품-25">
          <bind_material>
            <technique_common>
              <instance_material symbol="Material_020-material" target="#Material_020-material"/>
            </technique_common>
          </bind_material>
        </instance_geometry>
      </node>
      <node id="HAMR3_Sim_Map_-_출하물품-24" name="HAMR3_Sim_Map - 출하물품-24" type="NODE">
        <matrix sid="transform">0 1 0 -45100 -1 0 0 47350 0 0 1 0 0 0 0 1</matrix>
        <instance_geometry url="#HAMR3_Sim_Map_-_출하물품-24_003-mesh" name="HAMR3_Sim_Map - 출하물품-24">
          <bind_material>
            <technique_common>
              <instance_material symbol="Material_020-material" target="#Material_020-material"/>
            </technique_common>
          </bind_material>
        </instance_geometry>
      </node>
      <node id="HAMR3_Sim_Map_-_출하물품-23" name="HAMR3_Sim_Map - 출하물품-23" type="NODE">
        <matrix sid="transform">0 1 0 -45100 -1 0 0 47350 0 0 1 0 0 0 0 1</matrix>
        <instance_geometry url="#HAMR3_Sim_Map_-_출하물품-23_003-mesh" name="HAMR3_Sim_Map - 출하물품-23">
          <bind_material>
            <technique_common>
              <instance_material symbol="Material_020-material" target="#Material_020-material"/>
            </technique_common>
          </bind_material>
        </instance_geometry>
      </node>
      <node id="HAMR3_Sim_Map_-_출하물품-22" name="HAMR3_Sim_Map - 출하물품-22" type="NODE">
        <matrix sid="transform">0 1 0 -45100 -1 0 0 47350 0 0 1 0 0 0 0 1</matrix>
        <instance_geometry url="#HAMR3_Sim_Map_-_출하물품-22_003-mesh" name="HAMR3_Sim_Map - 출하물품-22">
          <bind_material>
            <technique_common>
              <instance_material symbol="Material_020-material" target="#Material_020-material"/>
            </technique_common>
          </bind_material>
        </instance_geometry>
      </node>
      <node id="HAMR3_Sim_Map_-_출하물품-21" name="HAMR3_Sim_Map - 출하물품-21" type="NODE">
        <matrix sid="transform">0 1 0 -45100 -1 0 0 47350 0 0 1 0 0 0 0 1</matrix>
        <instance_geometry url="#HAMR3_Sim_Map_-_출하물품-21_003-mesh" name="HAMR3_Sim_Map - 출하물품-21">
          <bind_material>
            <technique_common>
              <instance_material symbol="Material_020-material" target="#Material_020-material"/>
            </technique_common>
          </bind_material>
        </instance_geometry>
      </node>
      <node id="HAMR3_Sim_Map_-_출하물품-20" name="HAMR3_Sim_Map - 출하물품-20" type="NODE">
        <matrix sid="transform">0 1 0 -45100 -1 0 0 47350 0 0 1 0 0 0 0 1</matrix>
        <instance_geometry url="#HAMR3_Sim_Map_-_출하물품-20_003-mesh" name="HAMR3_Sim_Map - 출하물품-20">
          <bind_material>
            <technique_common>
              <instance_material symbol="Material_020-material" target="#Material_020-material"/>
            </technique_common>
          </bind_material>
        </instance_geometry>
      </node>
      <node id="HAMR3_Sim_Map_-_출하물품-19" name="HAMR3_Sim_Map - 출하물품-19" type="NODE">
        <matrix sid="transform">0 1 0 -45100 -1 0 0 47350 0 0 1 0 0 0 0 1</matrix>
        <instance_geometry url="#HAMR3_Sim_Map_-_출하물품-19_003-mesh" name="HAMR3_Sim_Map - 출하물품-19">
          <bind_material>
            <technique_common>
              <instance_material symbol="Material_020-material" target="#Material_020-material"/>
            </technique_common>
          </bind_material>
        </instance_geometry>
      </node>
      <node id="HAMR3_Sim_Map_-_출하물품-18" name="HAMR3_Sim_Map - 출하물품-18" type="NODE">
        <matrix sid="transform">0 1 0 -45100 -1 0 0 47350 0 0 1 0 0 0 0 1</matrix>
        <instance_geometry url="#HAMR3_Sim_Map_-_출하물품-18_003-mesh" name="HAMR3_Sim_Map - 출하물품-18">
          <bind_material>
            <technique_common>
              <instance_material symbol="Material_020-material" target="#Material_020-material"/>
            </technique_common>
          </bind_material>
        </instance_geometry>
      </node>
      <node id="HAMR3_Sim_Map_-_출하물품-17" name="HAMR3_Sim_Map - 출하물품-17" type="NODE">
        <matrix sid="transform">0 1 0 -45100 -1 0 0 47350 0 0 1 0 0 0 0 1</matrix>
        <instance_geometry url="#HAMR3_Sim_Map_-_출하물품-17_003-mesh" name="HAMR3_Sim_Map - 출하물품-17">
          <bind_material>
            <technique_common>
              <instance_material symbol="Material_020-material" target="#Material_020-material"/>
            </technique_common>
          </bind_material>
        </instance_geometry>
      </node>
      <node id="HAMR3_Sim_Map_-_출하물품-16" name="HAMR3_Sim_Map - 출하물품-16" type="NODE">
        <matrix sid="transform">0 1 0 -45100 -1 0 0 47350 0 0 1 0 0 0 0 1</matrix>
        <instance_geometry url="#HAMR3_Sim_Map_-_출하물품-16_003-mesh" name="HAMR3_Sim_Map - 출하물품-16">
          <bind_material>
            <technique_common>
              <instance_material symbol="Material_020-material" target="#Material_020-material"/>
            </technique_common>
          </bind_material>
        </instance_geometry>
      </node>
      <node id="HAMR3_Sim_Map_-_출하물품-15" name="HAMR3_Sim_Map - 출하물품-15" type="NODE">
        <matrix sid="transform">0 1 0 -45100 -1 0 0 47350 0 0 1 0 0 0 0 1</matrix>
        <instance_geometry url="#HAMR3_Sim_Map_-_출하물품-15_003-mesh" name="HAMR3_Sim_Map - 출하물품-15">
          <bind_material>
            <technique_common>
              <instance_material symbol="Material_020-material" target="#Material_020-material"/>
            </technique_common>
          </bind_material>
        </instance_geometry>
      </node>
      <node id="HAMR3_Sim_Map_-_출하물품-14" name="HAMR3_Sim_Map - 출하물품-14" type="NODE">
        <matrix sid="transform">0 1 0 -45100 -1 0 0 47350 0 0 1 0 0 0 0 1</matrix>
        <instance_geometry url="#HAMR3_Sim_Map_-_출하물품-14_003-mesh" name="HAMR3_Sim_Map - 출하물품-14">
          <bind_material>
            <technique_common>
              <instance_material symbol="Material_020-material" target="#Material_020-material"/>
            </technique_common>
          </bind_material>
        </instance_geometry>
      </node>
      <node id="HAMR3_Sim_Map_-_출하물품-13" name="HAMR3_Sim_Map - 출하물품-13" type="NODE">
        <matrix sid="transform">0 1 0 -45100 -1 0 0 47350 0 0 1 0 0 0 0 1</matrix>
        <instance_geometry url="#HAMR3_Sim_Map_-_출하물품-13_003-mesh" name="HAMR3_Sim_Map - 출하물품-13">
          <bind_material>
            <technique_common>
              <instance_material symbol="Material_020-material" target="#Material_020-material"/>
            </technique_common>
          </bind_material>
        </instance_geometry>
      </node>
      <node id="HAMR3_Sim_Map_-_출하물품-12" name="HAMR3_Sim_Map - 출하물품-12" type="NODE">
        <matrix sid="transform">0 1 0 -45100 -1 0 0 47350 0 0 1 0 0 0 0 1</matrix>
        <instance_geometry url="#HAMR3_Sim_Map_-_출하물품-12_003-mesh" name="HAMR3_Sim_Map - 출하물품-12">
          <bind_material>
            <technique_common>
              <instance_material symbol="Material_020-material" target="#Material_020-material"/>
            </technique_common>
          </bind_material>
        </instance_geometry>
      </node>
      <node id="HAMR3_Sim_Map_-_출하물품-11" name="HAMR3_Sim_Map - 출하물품-11" type="NODE">
        <matrix sid="transform">0 1 0 -45100 -1 0 0 47350 0 0 1 0 0 0 0 1</matrix>
        <instance_geometry url="#HAMR3_Sim_Map_-_출하물품-11_003-mesh" name="HAMR3_Sim_Map - 출하물품-11">
          <bind_material>
            <technique_common>
              <instance_material symbol="Material_020-material" target="#Material_020-material"/>
            </technique_common>
          </bind_material>
        </instance_geometry>
      </node>
      <node id="HAMR3_Sim_Map_-_출하물품-10" name="HAMR3_Sim_Map - 출하물품-10" type="NODE">
        <matrix sid="transform">0 1 0 -45100 -1 0 0 47350 0 0 1 0 0 0 0 1</matrix>
        <instance_geometry url="#HAMR3_Sim_Map_-_출하물품-10_003-mesh" name="HAMR3_Sim_Map - 출하물품-10">
          <bind_material>
            <technique_common>
              <instance_material symbol="Material_020-material" target="#Material_020-material"/>
            </technique_common>
          </bind_material>
        </instance_geometry>
      </node>
      <node id="HAMR3_Sim_Map_-_출하물품-9" name="HAMR3_Sim_Map - 출하물품-9" type="NODE">
        <matrix sid="transform">0 1 0 -45100 -1 0 0 47350 0 0 1 0 0 0 0 1</matrix>
        <instance_geometry url="#HAMR3_Sim_Map_-_출하물품-9_003-mesh" name="HAMR3_Sim_Map - 출하물품-9">
          <bind_material>
            <technique_common>
              <instance_material symbol="Material_020-material" target="#Material_020-material"/>
            </technique_common>
          </bind_material>
        </instance_geometry>
      </node>
      <node id="HAMR3_Sim_Map_-_출하물품-8" name="HAMR3_Sim_Map - 출하물품-8" type="NODE">
        <matrix sid="transform">0 1 0 -45100 -1 0 0 47350 0 0 1 0 0 0 0 1</matrix>
        <instance_geometry url="#HAMR3_Sim_Map_-_출하물품-8_003-mesh" name="HAMR3_Sim_Map - 출하물품-8">
          <bind_material>
            <technique_common>
              <instance_material symbol="Material_020-material" target="#Material_020-material"/>
            </technique_common>
          </bind_material>
        </instance_geometry>
      </node>
      <node id="HAMR3_Sim_Map_-_출하물품-7" name="HAMR3_Sim_Map - 출하물품-7" type="NODE">
        <matrix sid="transform">0 1 0 -45100 -1 0 0 47350 0 0 1 0 0 0 0 1</matrix>
        <instance_geometry url="#HAMR3_Sim_Map_-_출하물품-7_003-mesh" name="HAMR3_Sim_Map - 출하물품-7">
          <bind_material>
            <technique_common>
              <instance_material symbol="Material_020-material" target="#Material_020-material"/>
            </technique_common>
          </bind_material>
        </instance_geometry>
      </node>
      <node id="HAMR3_Sim_Map_-_출하물품-6" name="HAMR3_Sim_Map - 출하물품-6" type="NODE">
        <matrix sid="transform">0 1 0 -45100 -1 0 0 47350 0 0 1 0 0 0 0 1</matrix>
        <instance_geometry url="#HAMR3_Sim_Map_-_출하물품-6_003-mesh" name="HAMR3_Sim_Map - 출하물품-6">
          <bind_material>
            <technique_common>
              <instance_material symbol="Material_020-material" target="#Material_020-material"/>
            </technique_common>
          </bind_material>
        </instance_geometry>
      </node>
      <node id="HAMR3_Sim_Map_-_출하물품-5" name="HAMR3_Sim_Map - 출하물품-5" type="NODE">
        <matrix sid="transform">0 1 0 -45100 -1 0 0 47350 0 0 1 0 0 0 0 1</matrix>
        <instance_geometry url="#HAMR3_Sim_Map_-_출하물품-5_003-mesh" name="HAMR3_Sim_Map - 출하물품-5">
          <bind_material>
            <technique_common>
              <instance_material symbol="Material_020-material" target="#Material_020-material"/>
            </technique_common>
          </bind_material>
        </instance_geometry>
      </node>
      <node id="HAMR3_Sim_Map_-_출하물품-4" name="HAMR3_Sim_Map - 출하물품-4" type="NODE">
        <matrix sid="transform">0 1 0 -45100 -1 0 0 47350 0 0 1 0 0 0 0 1</matrix>
        <instance_geometry url="#HAMR3_Sim_Map_-_출하물품-4_003-mesh" name="HAMR3_Sim_Map - 출하물품-4">
          <bind_material>
            <technique_common>
              <instance_material symbol="Material_020-material" target="#Material_020-material"/>
            </technique_common>
          </bind_material>
        </instance_geometry>
      </node>
      <node id="HAMR3_Sim_Map_-_출하물품-3" name="HAMR3_Sim_Map - 출하물품-3" type="NODE">
        <matrix sid="transform">0 1 0 -45100 -1 0 0 47350 0 0 1 0 0 0 0 1</matrix>
        <instance_geometry url="#HAMR3_Sim_Map_-_출하물품-3_003-mesh" name="HAMR3_Sim_Map - 출하물품-3">
          <bind_material>
            <technique_common>
              <instance_material symbol="Material_020-material" target="#Material_020-material"/>
            </technique_common>
          </bind_material>
        </instance_geometry>
      </node>
      <node id="HAMR3_Sim_Map_-_출하물품-2" name="HAMR3_Sim_Map - 출하물품-2" type="NODE">
        <matrix sid="transform">0 1 0 -45100 -1 0 0 47350 0 0 1 0 0 0 0 1</matrix>
        <instance_geometry url="#HAMR3_Sim_Map_-_출하물품-2_003-mesh" name="HAMR3_Sim_Map - 출하물품-2">
          <bind_material>
            <technique_common>
              <instance_material symbol="Material_020-material" target="#Material_020-material"/>
            </technique_common>
          </bind_material>
        </instance_geometry>
      </node>
      <node id="HAMR3_Sim_Map_-_출하물품-1" name="HAMR3_Sim_Map - 출하물품-1" type="NODE">
        <matrix sid="transform">0 1 0 -45100 -1 0 0 47350 0 0 1 0 0 0 0 1</matrix>
        <instance_geometry url="#HAMR3_Sim_Map_-_출하물품-1_003-mesh" name="HAMR3_Sim_Map - 출하물품-1">
          <bind_material>
            <technique_common>
              <instance_material symbol="Material_020-material" target="#Material_020-material"/>
            </technique_common>
          </bind_material>
        </instance_geometry>
      </node>
      <node id="HAMR3_Sim_Map_-_진동시험실_X-RAY검사실_방산-1" name="HAMR3_Sim_Map - 진동시험실_X-RAY검사실_방산-1" type="NODE">
        <matrix sid="transform">0 1 0 -45100 -1 0 0 47350 0 0 1 0 0 0 0 1</matrix>
        <instance_geometry url="#HAMR3_Sim_Map_-_진동시험실_X-RAY검사실_방산-1_003-mesh" name="HAMR3_Sim_Map - 진동시험실_X-RAY검사실_방산-1">
          <bind_material>
            <technique_common>
              <instance_material symbol="Material_016-material" target="#Material_016-material"/>
            </technique_common>
          </bind_material>
        </instance_geometry>
      </node>
      <node id="HAMR3_Sim_Map_-_주출입구-1" name="HAMR3_Sim_Map - 주출입구-1" type="NODE">
        <matrix sid="transform">0 1 0 -45100 -1 0 0 47350 0 0 1 0 0 0 0 1</matrix>
        <instance_geometry url="#HAMR3_Sim_Map_-_주출입구-1_003-mesh" name="HAMR3_Sim_Map - 주출입구-1">
          <bind_material>
            <technique_common>
              <instance_material symbol="Material_023-material" target="#Material_023-material"/>
            </technique_common>
          </bind_material>
        </instance_geometry>
      </node>
      <node id="HAMR3_Sim_Map_-_자재사무실_항온항습_자재보관실_" name="HAMR3_Sim_Map - 자재사무실_항온항습 자재보관실_" type="NODE">
        <matrix sid="transform">0 1 0 -45100 -1 0 0 47350 0 0 1 0 0 0 0 1</matrix>
        <instance_geometry url="#HAMR3_Sim_Map_-_자재사무실_항온항습_자재보관_001-mesh" name="HAMR3_Sim_Map - 자재사무실_항온항습 자재보관실_">
          <bind_material>
            <technique_common>
              <instance_material symbol="Material_016-material" target="#Material_016-material"/>
            </technique_common>
          </bind_material>
        </instance_geometry>
      </node>
      <node id="HAMR3_Sim_Map_-_입고차-출하차_구역-3" name="HAMR3_Sim_Map - 입고차-출하차 구역-3" type="NODE">
        <matrix sid="transform">0 1 0 -45100 -1 0 0 47350 0 0 1 0 0 0 0 1</matrix>
        <instance_geometry url="#HAMR3_Sim_Map_-_입고차-출하차_구역-3-mesh" name="HAMR3_Sim_Map - 입고차-출하차 구역-3">
          <bind_material>
            <technique_common>
              <instance_material symbol="Material_019-material" target="#Material_019-material"/>
            </technique_common>
          </bind_material>
        </instance_geometry>
      </node>
      <node id="HAMR3_Sim_Map_-_입고차-출하차_구역-2" name="HAMR3_Sim_Map - 입고차-출하차 구역-2" type="NODE">
        <matrix sid="transform">0 1 0 -45100 -1 0 0 47350 0 0 1 0 0 0 0 1</matrix>
        <instance_geometry url="#HAMR3_Sim_Map_-_입고차-출하차_구역-2-mesh" name="HAMR3_Sim_Map - 입고차-출하차 구역-2">
          <bind_material>
            <technique_common>
              <instance_material symbol="Material_019-material" target="#Material_019-material"/>
            </technique_common>
          </bind_material>
        </instance_geometry>
      </node>
      <node id="HAMR3_Sim_Map_-_입고차-출하차_구역-1" name="HAMR3_Sim_Map - 입고차-출하차 구역-1" type="NODE">
        <matrix sid="transform">0 1 0 -45100 -1 0 0 47350 0 0 1 0 0 0 0 1</matrix>
        <instance_geometry url="#HAMR3_Sim_Map_-_입고차-출하차_구역-1-mesh" name="HAMR3_Sim_Map - 입고차-출하차 구역-1">
          <bind_material>
            <technique_common>
              <instance_material symbol="Material_019-material" target="#Material_019-material"/>
            </technique_common>
          </bind_material>
        </instance_geometry>
      </node>
      <node id="HAMR3_Sim_Map_-_사무동-공장-1" name="HAMR3_Sim_Map - 사무동-공장-1" type="NODE">
        <matrix sid="transform">0 1 0 -45100 -1 0 0 47350 0 0 1 0 0 0 0 1</matrix>
        <instance_geometry url="#HAMR3_Sim_Map_-_사무동-공장-1_003-mesh" name="HAMR3_Sim_Map - 사무동-공장-1">
          <bind_material>
            <technique_common>
              <instance_material symbol="Material_016-material" target="#Material_016-material"/>
            </technique_common>
          </bind_material>
        </instance_geometry>
      </node>
      <node id="HAMR3_Sim_Map_-_바닥-1" name="HAMR3_Sim_Map - 바닥-1" type="NODE">
        <matrix sid="transform">0 1 0 -45100 -1 0 0 47350 0 0 1 0 0 0 0 1</matrix>
        <instance_geometry url="#HAMR3_Sim_Map_-_바닥-1_003-mesh" name="HAMR3_Sim_Map - 바닥-1">
          <bind_material>
            <technique_common>
              <instance_material symbol="Material_018-material" target="#Material_018-material"/>
            </technique_common>
          </bind_material>
        </instance_geometry>
      </node>
      <node id="HAMR3_Sim_Map_-_기둥-13" name="HAMR3_Sim_Map - 기둥-13" type="NODE">
        <matrix sid="transform">0 1 0 -45100 -1 0 0 47350 0 0 1 0 0 0 0 1</matrix>
        <instance_geometry url="#HAMR3_Sim_Map_-_기둥-13-mesh" name="HAMR3_Sim_Map - 기둥-13">
          <bind_material>
            <technique_common>
              <instance_material symbol="Material_021-material" target="#Material_021-material"/>
            </technique_common>
          </bind_material>
        </instance_geometry>
      </node>
      <node id="HAMR3_Sim_Map_-_기둥-12" name="HAMR3_Sim_Map - 기둥-12" type="NODE">
        <matrix sid="transform">0 1 0 -45100 -1 0 0 47350 0 0 1 0 0 0 0 1</matrix>
        <instance_geometry url="#HAMR3_Sim_Map_-_기둥-12-mesh" name="HAMR3_Sim_Map - 기둥-12">
          <bind_material>
            <technique_common>
              <instance_material symbol="Material_021-material" target="#Material_021-material"/>
            </technique_common>
          </bind_material>
        </instance_geometry>
      </node>
      <node id="HAMR3_Sim_Map_-_기둥-11" name="HAMR3_Sim_Map - 기둥-11" type="NODE">
        <matrix sid="transform">0 1 0 -45100 -1 0 0 47350 0 0 1 0 0 0 0 1</matrix>
        <instance_geometry url="#HAMR3_Sim_Map_-_기둥-11-mesh" name="HAMR3_Sim_Map - 기둥-11">
          <bind_material>
            <technique_common>
              <instance_material symbol="Material_021-material" target="#Material_021-material"/>
            </technique_common>
          </bind_material>
        </instance_geometry>
      </node>
      <node id="HAMR3_Sim_Map_-_기둥-10" name="HAMR3_Sim_Map - 기둥-10" type="NODE">
        <matrix sid="transform">0 1 0 -45100 -1 0 0 47350 0 0 1 0 0 0 0 1</matrix>
        <instance_geometry url="#HAMR3_Sim_Map_-_기둥-10-mesh" name="HAMR3_Sim_Map - 기둥-10">
          <bind_material>
            <technique_common>
              <instance_material symbol="Material_021-material" target="#Material_021-material"/>
            </technique_common>
          </bind_material>
        </instance_geometry>
      </node>
      <node id="HAMR3_Sim_Map_-_기둥-9" name="HAMR3_Sim_Map - 기둥-9" type="NODE">
        <matrix sid="transform">0 1 0 -45100 -1 0 0 47350 0 0 1 0 0 0 0 1</matrix>
        <instance_geometry url="#HAMR3_Sim_Map_-_기둥-9-mesh" name="HAMR3_Sim_Map - 기둥-9">
          <bind_material>
            <technique_common>
              <instance_material symbol="Material_021-material" target="#Material_021-material"/>
            </technique_common>
          </bind_material>
        </instance_geometry>
      </node>
      <node id="HAMR3_Sim_Map_-_기둥-8" name="HAMR3_Sim_Map - 기둥-8" type="NODE">
        <matrix sid="transform">0 1 0 -45100 -1 0 0 47350 0 0 1 0 0 0 0 1</matrix>
        <instance_geometry url="#HAMR3_Sim_Map_-_기둥-8-mesh" name="HAMR3_Sim_Map - 기둥-8">
          <bind_material>
            <technique_common>
              <instance_material symbol="Material_021-material" target="#Material_021-material"/>
            </technique_common>
          </bind_material>
        </instance_geometry>
      </node>
      <node id="HAMR3_Sim_Map_-_기둥-7" name="HAMR3_Sim_Map - 기둥-7" type="NODE">
        <matrix sid="transform">0 1 0 -45100 -1 0 0 47350 0 0 1 0 0 0 0 1</matrix>
        <instance_geometry url="#HAMR3_Sim_Map_-_기둥-7-mesh" name="HAMR3_Sim_Map - 기둥-7">
          <bind_material>
            <technique_common>
              <instance_material symbol="Material_021-material" target="#Material_021-material"/>
            </technique_common>
          </bind_material>
        </instance_geometry>
      </node>
      <node id="HAMR3_Sim_Map_-_기둥-6" name="HAMR3_Sim_Map - 기둥-6" type="NODE">
        <matrix sid="transform">0 1 0 -45100 -1 0 0 47350 0 0 1 0 0 0 0 1</matrix>
        <instance_geometry url="#HAMR3_Sim_Map_-_기둥-6-mesh" name="HAMR3_Sim_Map - 기둥-6">
          <bind_material>
            <technique_common>
              <instance_material symbol="Material_021-material" target="#Material_021-material"/>
            </technique_common>
          </bind_material>
        </instance_geometry>
      </node>
      <node id="HAMR3_Sim_Map_-_기둥-5" name="HAMR3_Sim_Map - 기둥-5" type="NODE">
        <matrix sid="transform">0 1 0 -45100 -1 0 0 47350 0 0 1 0 0 0 0 1</matrix>
        <instance_geometry url="#HAMR3_Sim_Map_-_기둥-5-mesh" name="HAMR3_Sim_Map - 기둥-5">
          <bind_material>
            <technique_common>
              <instance_material symbol="Material_021-material" target="#Material_021-material"/>
            </technique_common>
          </bind_material>
        </instance_geometry>
      </node>
      <node id="HAMR3_Sim_Map_-_기둥-4" name="HAMR3_Sim_Map - 기둥-4" type="NODE">
        <matrix sid="transform">0 1 0 -45100 -1 0 0 47350 0 0 1 0 0 0 0 1</matrix>
        <instance_geometry url="#HAMR3_Sim_Map_-_기둥-4-mesh" name="HAMR3_Sim_Map - 기둥-4">
          <bind_material>
            <technique_common>
              <instance_material symbol="Material_021-material" target="#Material_021-material"/>
            </technique_common>
          </bind_material>
        </instance_geometry>
      </node>
      <node id="HAMR3_Sim_Map_-_기둥-3" name="HAMR3_Sim_Map - 기둥-3" type="NODE">
        <matrix sid="transform">0 1 0 -45100 -1 0 0 47350 0 0 1 0 0 0 0 1</matrix>
        <instance_geometry url="#HAMR3_Sim_Map_-_기둥-3-mesh" name="HAMR3_Sim_Map - 기둥-3">
          <bind_material>
            <technique_common>
              <instance_material symbol="Material_021-material" target="#Material_021-material"/>
            </technique_common>
          </bind_material>
        </instance_geometry>
      </node>
      <node id="HAMR3_Sim_Map_-_기둥-2" name="HAMR3_Sim_Map - 기둥-2" type="NODE">
        <matrix sid="transform">0 1 0 -45100 -1 0 0 47350 0 0 1 0 0 0 0 1</matrix>
        <instance_geometry url="#HAMR3_Sim_Map_-_기둥-2-mesh" name="HAMR3_Sim_Map - 기둥-2">
          <bind_material>
            <technique_common>
              <instance_material symbol="Material_021-material" target="#Material_021-material"/>
            </technique_common>
          </bind_material>
        </instance_geometry>
      </node>
      <node id="HAMR3_Sim_Map_-_기둥-1" name="HAMR3_Sim_Map - 기둥-1" type="NODE">
        <matrix sid="transform">0 1 0 -45100 -1 0 0 47350 0 0 1 0 0 0 0 1</matrix>
        <instance_geometry url="#HAMR3_Sim_Map_-_기둥-1-mesh" name="HAMR3_Sim_Map - 기둥-1">
          <bind_material>
            <technique_common>
              <instance_material symbol="Material_021-material" target="#Material_021-material"/>
            </technique_common>
          </bind_material>
        </instance_geometry>
      </node>
      <node id="HAMR3_Sim_Map_-_공장_외벽-1" name="HAMR3_Sim_Map - 공장 외벽-1" type="NODE">
        <matrix sid="transform">0 1 0 -45100 -1 0 0 47350 0 0 1 0 0 0 0 1</matrix>
        <instance_geometry url="#HAMR3_Sim_Map_-_공장_외벽-1_003-mesh" name="HAMR3_Sim_Map - 공장 외벽-1">
          <bind_material>
            <technique_common>
              <instance_material symbol="Material_022-material" target="#Material_022-material"/>
            </technique_common>
          </bind_material>
        </instance_geometry>
      </node>
      <node id="HAMR3_Sim_Map_-_공장_뒤편-2" name="HAMR3_Sim_Map - 공장 뒤편-2" type="NODE">
        <matrix sid="transform">0 1 0 -45100 -1 0 0 47350 0 0 1 0 0 0 0 1</matrix>
        <instance_geometry url="#HAMR3_Sim_Map_-_공장_뒤편-2_003-mesh" name="HAMR3_Sim_Map - 공장 뒤편-2">
          <bind_material>
            <technique_common>
              <instance_material symbol="Material_016-material" target="#Material_016-material"/>
            </technique_common>
          </bind_material>
        </instance_geometry>
      </node>
      <node id="HAMR3_Sim_Map_-_공장_뒤편-1" name="HAMR3_Sim_Map - 공장 뒤편-1" type="NODE">
        <matrix sid="transform">0 1 0 -45100 -1 0 0 47350 0 0 1 0 0 0 0 1</matrix>
        <instance_geometry url="#HAMR3_Sim_Map_-_공장_뒤편-1_003-mesh" name="HAMR3_Sim_Map - 공장 뒤편-1">
          <bind_material>
            <technique_common>
              <instance_material symbol="Material_016-material" target="#Material_016-material"/>
            </technique_common>
          </bind_material>
        </instance_geometry>
      </node>
      <node id="HAMR3_Sim_Map_-_경비실-1" name="HAMR3_Sim_Map - 경비실-1" type="NODE">
        <matrix sid="transform">0 1 0 -45100 -1 0 0 47350 0 0 1 0 0 0 0 1</matrix>
        <instance_geometry url="#HAMR3_Sim_Map_-_경비실-1_003-mesh" name="HAMR3_Sim_Map - 경비실-1">
          <bind_material>
            <technique_common>
              <instance_material symbol="Material_016-material" target="#Material_016-material"/>
            </technique_common>
          </bind_material>
        </instance_geometry>
      </node>
      <node id="HAMR3_Sim_Map_-_SPEED_AUTO_DOOR-2" name="HAMR3_Sim_Map - SPEED AUTO DOOR-2" type="NODE">
        <matrix sid="transform">0 1 0 -45100 -1 0 0 47350 0 0 1 0 0 0 0 1</matrix>
        <instance_geometry url="#HAMR3_Sim_Map_-_SPEED_AUTO_DOOR-2_003-mesh" name="HAMR3_Sim_Map - SPEED AUTO DOOR-2">
          <bind_material>
            <technique_common>
              <instance_material symbol="Material_023-material" target="#Material_023-material"/>
            </technique_common>
          </bind_material>
        </instance_geometry>
      </node>
      <node id="HAMR3_Sim_Map_-_SPEED_AUTO_DOOR-1" name="HAMR3_Sim_Map - SPEED AUTO DOOR-1" type="NODE">
        <matrix sid="transform">0 1 0 -45100 -1 0 0 47350 0 0 1 0 0 0 0 1</matrix>
        <instance_geometry url="#HAMR3_Sim_Map_-_SPEED_AUTO_DOOR-1_003-mesh" name="HAMR3_Sim_Map - SPEED AUTO DOOR-1">
          <bind_material>
            <technique_common>
              <instance_material symbol="Material_023-material" target="#Material_023-material"/>
            </technique_common>
          </bind_material>
        </instance_geometry>
      </node>
      <node id="HAMR3_Sim_Map_-_RACK-100" name="HAMR3_Sim_Map - RACK-100" type="NODE">
        <matrix sid="transform">0 1 0 -45100 -1 0 0 47350 0 0 1 0 0 0 0 1</matrix>
        <instance_geometry url="#HAMR3_Sim_Map_-_RACK-100_003-mesh" name="HAMR3_Sim_Map - RACK-100">
          <bind_material>
            <technique_common>
              <instance_material symbol="Material_017-material" target="#Material_017-material"/>
            </technique_common>
          </bind_material>
        </instance_geometry>
      </node>
      <node id="HAMR3_Sim_Map_-_RACK-99" name="HAMR3_Sim_Map - RACK-99" type="NODE">
        <matrix sid="transform">0 1 0 -45100 -1 0 0 47350 0 0 1 0 0 0 0 1</matrix>
        <instance_geometry url="#HAMR3_Sim_Map_-_RACK-99_003-mesh" name="HAMR3_Sim_Map - RACK-99">
          <bind_material>
            <technique_common>
              <instance_material symbol="Material_017-material" target="#Material_017-material"/>
            </technique_common>
          </bind_material>
        </instance_geometry>
      </node>
      <node id="HAMR3_Sim_Map_-_RACK-98" name="HAMR3_Sim_Map - RACK-98" type="NODE">
        <matrix sid="transform">0 1 0 -45100 -1 0 0 47350 0 0 1 0 0 0 0 1</matrix>
        <instance_geometry url="#HAMR3_Sim_Map_-_RACK-98_003-mesh" name="HAMR3_Sim_Map - RACK-98">
          <bind_material>
            <technique_common>
              <instance_material symbol="Material_017-material" target="#Material_017-material"/>
            </technique_common>
          </bind_material>
        </instance_geometry>
      </node>
      <node id="HAMR3_Sim_Map_-_RACK-97" name="HAMR3_Sim_Map - RACK-97" type="NODE">
        <matrix sid="transform">0 1 0 -45100 -1 0 0 47350 0 0 1 0 0 0 0 1</matrix>
        <instance_geometry url="#HAMR3_Sim_Map_-_RACK-97_003-mesh" name="HAMR3_Sim_Map - RACK-97">
          <bind_material>
            <technique_common>
              <instance_material symbol="Material_017-material" target="#Material_017-material"/>
            </technique_common>
          </bind_material>
        </instance_geometry>
      </node>
      <node id="HAMR3_Sim_Map_-_RACK-96" name="HAMR3_Sim_Map - RACK-96" type="NODE">
        <matrix sid="transform">0 1 0 -45100 -1 0 0 47350 0 0 1 0 0 0 0 1</matrix>
        <instance_geometry url="#HAMR3_Sim_Map_-_RACK-96_003-mesh" name="HAMR3_Sim_Map - RACK-96">
          <bind_material>
            <technique_common>
              <instance_material symbol="Material_017-material" target="#Material_017-material"/>
            </technique_common>
          </bind_material>
        </instance_geometry>
      </node>
      <node id="HAMR3_Sim_Map_-_RACK-95" name="HAMR3_Sim_Map - RACK-95" type="NODE">
        <matrix sid="transform">0 1 0 -45100 -1 0 0 47350 0 0 1 0 0 0 0 1</matrix>
        <instance_geometry url="#HAMR3_Sim_Map_-_RACK-95_003-mesh" name="HAMR3_Sim_Map - RACK-95">
          <bind_material>
            <technique_common>
              <instance_material symbol="Material_017-material" target="#Material_017-material"/>
            </technique_common>
          </bind_material>
        </instance_geometry>
      </node>
      <node id="HAMR3_Sim_Map_-_RACK-94" name="HAMR3_Sim_Map - RACK-94" type="NODE">
        <matrix sid="transform">0 1 0 -45100 -1 0 0 47350 0 0 1 0 0 0 0 1</matrix>
        <instance_geometry url="#HAMR3_Sim_Map_-_RACK-94_003-mesh" name="HAMR3_Sim_Map - RACK-94">
          <bind_material>
            <technique_common>
              <instance_material symbol="Material_017-material" target="#Material_017-material"/>
            </technique_common>
          </bind_material>
        </instance_geometry>
      </node>
      <node id="HAMR3_Sim_Map_-_RACK-93" name="HAMR3_Sim_Map - RACK-93" type="NODE">
        <matrix sid="transform">0 1 0 -45100 -1 0 0 47350 0 0 1 0 0 0 0 1</matrix>
        <instance_geometry url="#HAMR3_Sim_Map_-_RACK-93_003-mesh" name="HAMR3_Sim_Map - RACK-93">
          <bind_material>
            <technique_common>
              <instance_material symbol="Material_017-material" target="#Material_017-material"/>
            </technique_common>
          </bind_material>
        </instance_geometry>
      </node>
      <node id="HAMR3_Sim_Map_-_RACK-92" name="HAMR3_Sim_Map - RACK-92" type="NODE">
        <matrix sid="transform">0 1 0 -45100 -1 0 0 47350 0 0 1 0 0 0 0 1</matrix>
        <instance_geometry url="#HAMR3_Sim_Map_-_RACK-92_003-mesh" name="HAMR3_Sim_Map - RACK-92">
          <bind_material>
            <technique_common>
              <instance_material symbol="Material_017-material" target="#Material_017-material"/>
            </technique_common>
          </bind_material>
        </instance_geometry>
      </node>
      <node id="HAMR3_Sim_Map_-_RACK-91" name="HAMR3_Sim_Map - RACK-91" type="NODE">
        <matrix sid="transform">0 1 0 -45100 -1 0 0 47350 0 0 1 0 0 0 0 1</matrix>
        <instance_geometry url="#HAMR3_Sim_Map_-_RACK-91_003-mesh" name="HAMR3_Sim_Map - RACK-91">
          <bind_material>
            <technique_common>
              <instance_material symbol="Material_017-material" target="#Material_017-material"/>
            </technique_common>
          </bind_material>
        </instance_geometry>
      </node>
      <node id="HAMR3_Sim_Map_-_RACK-90" name="HAMR3_Sim_Map - RACK-90" type="NODE">
        <matrix sid="transform">0 1 0 -45100 -1 0 0 47350 0 0 1 0 0 0 0 1</matrix>
        <instance_geometry url="#HAMR3_Sim_Map_-_RACK-90_003-mesh" name="HAMR3_Sim_Map - RACK-90">
          <bind_material>
            <technique_common>
              <instance_material symbol="Material_017-material" target="#Material_017-material"/>
            </technique_common>
          </bind_material>
        </instance_geometry>
      </node>
      <node id="HAMR3_Sim_Map_-_RACK-89" name="HAMR3_Sim_Map - RACK-89" type="NODE">
        <matrix sid="transform">0 1 0 -45100 -1 0 0 47350 0 0 1 0 0 0 0 1</matrix>
        <instance_geometry url="#HAMR3_Sim_Map_-_RACK-89_003-mesh" name="HAMR3_Sim_Map - RACK-89">
          <bind_material>
            <technique_common>
              <instance_material symbol="Material_017-material" target="#Material_017-material"/>
            </technique_common>
          </bind_material>
        </instance_geometry>
      </node>
      <node id="HAMR3_Sim_Map_-_RACK-88" name="HAMR3_Sim_Map - RACK-88" type="NODE">
        <matrix sid="transform">0 1 0 -45100 -1 0 0 47350 0 0 1 0 0 0 0 1</matrix>
        <instance_geometry url="#HAMR3_Sim_Map_-_RACK-88_003-mesh" name="HAMR3_Sim_Map - RACK-88">
          <bind_material>
            <technique_common>
              <instance_material symbol="Material_017-material" target="#Material_017-material"/>
            </technique_common>
          </bind_material>
        </instance_geometry>
      </node>
      <node id="HAMR3_Sim_Map_-_RACK-87" name="HAMR3_Sim_Map - RACK-87" type="NODE">
        <matrix sid="transform">0 1 0 -45100 -1 0 0 47350 0 0 1 0 0 0 0 1</matrix>
        <instance_geometry url="#HAMR3_Sim_Map_-_RACK-87_003-mesh" name="HAMR3_Sim_Map - RACK-87">
          <bind_material>
            <technique_common>
              <instance_material symbol="Material_017-material" target="#Material_017-material"/>
            </technique_common>
          </bind_material>
        </instance_geometry>
      </node>
      <node id="HAMR3_Sim_Map_-_RACK-86" name="HAMR3_Sim_Map - RACK-86" type="NODE">
        <matrix sid="transform">0 1 0 -45100 -1 0 0 47350 0 0 1 0 0 0 0 1</matrix>
        <instance_geometry url="#HAMR3_Sim_Map_-_RACK-86_003-mesh" name="HAMR3_Sim_Map - RACK-86">
          <bind_material>
            <technique_common>
              <instance_material symbol="Material_017-material" target="#Material_017-material"/>
            </technique_common>
          </bind_material>
        </instance_geometry>
      </node>
      <node id="HAMR3_Sim_Map_-_RACK-85" name="HAMR3_Sim_Map - RACK-85" type="NODE">
        <matrix sid="transform">0 1 0 -45100 -1 0 0 47350 0 0 1 0 0 0 0 1</matrix>
        <instance_geometry url="#HAMR3_Sim_Map_-_RACK-85_003-mesh" name="HAMR3_Sim_Map - RACK-85">
          <bind_material>
            <technique_common>
              <instance_material symbol="Material_017-material" target="#Material_017-material"/>
            </technique_common>
          </bind_material>
        </instance_geometry>
      </node>
      <node id="HAMR3_Sim_Map_-_RACK-84" name="HAMR3_Sim_Map - RACK-84" type="NODE">
        <matrix sid="transform">0 1 0 -45100 -1 0 0 47350 0 0 1 0 0 0 0 1</matrix>
        <instance_geometry url="#HAMR3_Sim_Map_-_RACK-84_003-mesh" name="HAMR3_Sim_Map - RACK-84">
          <bind_material>
            <technique_common>
              <instance_material symbol="Material_017-material" target="#Material_017-material"/>
            </technique_common>
          </bind_material>
        </instance_geometry>
      </node>
      <node id="HAMR3_Sim_Map_-_RACK-83" name="HAMR3_Sim_Map - RACK-83" type="NODE">
        <matrix sid="transform">0 1 0 -45100 -1 0 0 47350 0 0 1 0 0 0 0 1</matrix>
        <instance_geometry url="#HAMR3_Sim_Map_-_RACK-83_003-mesh" name="HAMR3_Sim_Map - RACK-83">
          <bind_material>
            <technique_common>
              <instance_material symbol="Material_017-material" target="#Material_017-material"/>
            </technique_common>
          </bind_material>
        </instance_geometry>
      </node>
      <node id="HAMR3_Sim_Map_-_RACK-82" name="HAMR3_Sim_Map - RACK-82" type="NODE">
        <matrix sid="transform">0 1 0 -45100 -1 0 0 47350 0 0 1 0 0 0 0 1</matrix>
        <instance_geometry url="#HAMR3_Sim_Map_-_RACK-82_003-mesh" name="HAMR3_Sim_Map - RACK-82">
          <bind_material>
            <technique_common>
              <instance_material symbol="Material_017-material" target="#Material_017-material"/>
            </technique_common>
          </bind_material>
        </instance_geometry>
      </node>
      <node id="HAMR3_Sim_Map_-_RACK-81" name="HAMR3_Sim_Map - RACK-81" type="NODE">
        <matrix sid="transform">0 1 0 -45100 -1 0 0 47350 0 0 1 0 0 0 0 1</matrix>
        <instance_geometry url="#HAMR3_Sim_Map_-_RACK-81_003-mesh" name="HAMR3_Sim_Map - RACK-81">
          <bind_material>
            <technique_common>
              <instance_material symbol="Material_017-material" target="#Material_017-material"/>
            </technique_common>
          </bind_material>
        </instance_geometry>
      </node>
      <node id="HAMR3_Sim_Map_-_RACK-80" name="HAMR3_Sim_Map - RACK-80" type="NODE">
        <matrix sid="transform">0 1 0 -45100 -1 0 0 47350 0 0 1 0 0 0 0 1</matrix>
        <instance_geometry url="#HAMR3_Sim_Map_-_RACK-80_003-mesh" name="HAMR3_Sim_Map - RACK-80">
          <bind_material>
            <technique_common>
              <instance_material symbol="Material_017-material" target="#Material_017-material"/>
            </technique_common>
          </bind_material>
        </instance_geometry>
      </node>
      <node id="HAMR3_Sim_Map_-_RACK-79" name="HAMR3_Sim_Map - RACK-79" type="NODE">
        <matrix sid="transform">0 1 0 -45100 -1 0 0 47350 0 0 1 0 0 0 0 1</matrix>
        <instance_geometry url="#HAMR3_Sim_Map_-_RACK-79_003-mesh" name="HAMR3_Sim_Map - RACK-79">
          <bind_material>
            <technique_common>
              <instance_material symbol="Material_017-material" target="#Material_017-material"/>
            </technique_common>
          </bind_material>
        </instance_geometry>
      </node>
      <node id="HAMR3_Sim_Map_-_RACK-78" name="HAMR3_Sim_Map - RACK-78" type="NODE">
        <matrix sid="transform">0 1 0 -45100 -1 0 0 47350 0 0 1 0 0 0 0 1</matrix>
        <instance_geometry url="#HAMR3_Sim_Map_-_RACK-78_003-mesh" name="HAMR3_Sim_Map - RACK-78">
          <bind_material>
            <technique_common>
              <instance_material symbol="Material_017-material" target="#Material_017-material"/>
            </technique_common>
          </bind_material>
        </instance_geometry>
      </node>
      <node id="HAMR3_Sim_Map_-_RACK-77" name="HAMR3_Sim_Map - RACK-77" type="NODE">
        <matrix sid="transform">0 1 0 -45100 -1 0 0 47350 0 0 1 0 0 0 0 1</matrix>
        <instance_geometry url="#HAMR3_Sim_Map_-_RACK-77_003-mesh" name="HAMR3_Sim_Map - RACK-77">
          <bind_material>
            <technique_common>
              <instance_material symbol="Material_017-material" target="#Material_017-material"/>
            </technique_common>
          </bind_material>
        </instance_geometry>
      </node>
      <node id="HAMR3_Sim_Map_-_RACK-76" name="HAMR3_Sim_Map - RACK-76" type="NODE">
        <matrix sid="transform">0 1 0 -45100 -1 0 0 47350 0 0 1 0 0 0 0 1</matrix>
        <instance_geometry url="#HAMR3_Sim_Map_-_RACK-76_003-mesh" name="HAMR3_Sim_Map - RACK-76">
          <bind_material>
            <technique_common>
              <instance_material symbol="Material_017-material" target="#Material_017-material"/>
            </technique_common>
          </bind_material>
        </instance_geometry>
      </node>
      <node id="HAMR3_Sim_Map_-_RACK-75" name="HAMR3_Sim_Map - RACK-75" type="NODE">
        <matrix sid="transform">0 1 0 -45100 -1 0 0 47350 0 0 1 0 0 0 0 1</matrix>
        <instance_geometry url="#HAMR3_Sim_Map_-_RACK-75_003-mesh" name="HAMR3_Sim_Map - RACK-75">
          <bind_material>
            <technique_common>
              <instance_material symbol="Material_017-material" target="#Material_017-material"/>
            </technique_common>
          </bind_material>
        </instance_geometry>
      </node>
      <node id="HAMR3_Sim_Map_-_RACK-74" name="HAMR3_Sim_Map - RACK-74" type="NODE">
        <matrix sid="transform">0 1 0 -45100 -1 0 0 47350 0 0 1 0 0 0 0 1</matrix>
        <instance_geometry url="#HAMR3_Sim_Map_-_RACK-74_003-mesh" name="HAMR3_Sim_Map - RACK-74">
          <bind_material>
            <technique_common>
              <instance_material symbol="Material_017-material" target="#Material_017-material"/>
            </technique_common>
          </bind_material>
        </instance_geometry>
      </node>
      <node id="HAMR3_Sim_Map_-_RACK-73" name="HAMR3_Sim_Map - RACK-73" type="NODE">
        <matrix sid="transform">0 1 0 -45100 -1 0 0 47350 0 0 1 0 0 0 0 1</matrix>
        <instance_geometry url="#HAMR3_Sim_Map_-_RACK-73_003-mesh" name="HAMR3_Sim_Map - RACK-73">
          <bind_material>
            <technique_common>
              <instance_material symbol="Material_017-material" target="#Material_017-material"/>
            </technique_common>
          </bind_material>
        </instance_geometry>
      </node>
      <node id="HAMR3_Sim_Map_-_RACK-72" name="HAMR3_Sim_Map - RACK-72" type="NODE">
        <matrix sid="transform">0 1 0 -45100 -1 0 0 47350 0 0 1 0 0 0 0 1</matrix>
        <instance_geometry url="#HAMR3_Sim_Map_-_RACK-72_003-mesh" name="HAMR3_Sim_Map - RACK-72">
          <bind_material>
            <technique_common>
              <instance_material symbol="Material_017-material" target="#Material_017-material"/>
            </technique_common>
          </bind_material>
        </instance_geometry>
      </node>
      <node id="HAMR3_Sim_Map_-_RACK-71" name="HAMR3_Sim_Map - RACK-71" type="NODE">
        <matrix sid="transform">0 1 0 -45100 -1 0 0 47350 0 0 1 0 0 0 0 1</matrix>
        <instance_geometry url="#HAMR3_Sim_Map_-_RACK-71_003-mesh" name="HAMR3_Sim_Map - RACK-71">
          <bind_material>
            <technique_common>
              <instance_material symbol="Material_017-material" target="#Material_017-material"/>
            </technique_common>
          </bind_material>
        </instance_geometry>
      </node>
      <node id="HAMR3_Sim_Map_-_RACK-70" name="HAMR3_Sim_Map - RACK-70" type="NODE">
        <matrix sid="transform">0 1 0 -45100 -1 0 0 47350 0 0 1 0 0 0 0 1</matrix>
        <instance_geometry url="#HAMR3_Sim_Map_-_RACK-70_003-mesh" name="HAMR3_Sim_Map - RACK-70">
          <bind_material>
            <technique_common>
              <instance_material symbol="Material_017-material" target="#Material_017-material"/>
            </technique_common>
          </bind_material>
        </instance_geometry>
      </node>
      <node id="HAMR3_Sim_Map_-_RACK-69" name="HAMR3_Sim_Map - RACK-69" type="NODE">
        <matrix sid="transform">0 1 0 -45100 -1 0 0 47350 0 0 1 0 0 0 0 1</matrix>
        <instance_geometry url="#HAMR3_Sim_Map_-_RACK-69_003-mesh" name="HAMR3_Sim_Map - RACK-69">
          <bind_material>
            <technique_common>
              <instance_material symbol="Material_017-material" target="#Material_017-material"/>
            </technique_common>
          </bind_material>
        </instance_geometry>
      </node>
      <node id="HAMR3_Sim_Map_-_RACK-68" name="HAMR3_Sim_Map - RACK-68" type="NODE">
        <matrix sid="transform">0 1 0 -45100 -1 0 0 47350 0 0 1 0 0 0 0 1</matrix>
        <instance_geometry url="#HAMR3_Sim_Map_-_RACK-68_003-mesh" name="HAMR3_Sim_Map - RACK-68">
          <bind_material>
            <technique_common>
              <instance_material symbol="Material_017-material" target="#Material_017-material"/>
            </technique_common>
          </bind_material>
        </instance_geometry>
      </node>
      <node id="HAMR3_Sim_Map_-_RACK-67" name="HAMR3_Sim_Map - RACK-67" type="NODE">
        <matrix sid="transform">0 1 0 -45100 -1 0 0 47350 0 0 1 0 0 0 0 1</matrix>
        <instance_geometry url="#HAMR3_Sim_Map_-_RACK-67_003-mesh" name="HAMR3_Sim_Map - RACK-67">
          <bind_material>
            <technique_common>
              <instance_material symbol="Material_017-material" target="#Material_017-material"/>
            </technique_common>
          </bind_material>
        </instance_geometry>
      </node>
      <node id="HAMR3_Sim_Map_-_RACK-66" name="HAMR3_Sim_Map - RACK-66" type="NODE">
        <matrix sid="transform">0 1 0 -45100 -1 0 0 47350 0 0 1 0 0 0 0 1</matrix>
        <instance_geometry url="#HAMR3_Sim_Map_-_RACK-66_003-mesh" name="HAMR3_Sim_Map - RACK-66">
          <bind_material>
            <technique_common>
              <instance_material symbol="Material_017-material" target="#Material_017-material"/>
            </technique_common>
          </bind_material>
        </instance_geometry>
      </node>
      <node id="HAMR3_Sim_Map_-_RACK-65" name="HAMR3_Sim_Map - RACK-65" type="NODE">
        <matrix sid="transform">0 1 0 -45100 -1 0 0 47350 0 0 1 0 0 0 0 1</matrix>
        <instance_geometry url="#HAMR3_Sim_Map_-_RACK-65_003-mesh" name="HAMR3_Sim_Map - RACK-65">
          <bind_material>
            <technique_common>
              <instance_material symbol="Material_017-material" target="#Material_017-material"/>
            </technique_common>
          </bind_material>
        </instance_geometry>
      </node>
      <node id="HAMR3_Sim_Map_-_RACK-64" name="HAMR3_Sim_Map - RACK-64" type="NODE">
        <matrix sid="transform">0 1 0 -45100 -1 0 0 47350 0 0 1 0 0 0 0 1</matrix>
        <instance_geometry url="#HAMR3_Sim_Map_-_RACK-64_003-mesh" name="HAMR3_Sim_Map - RACK-64">
          <bind_material>
            <technique_common>
              <instance_material symbol="Material_017-material" target="#Material_017-material"/>
            </technique_common>
          </bind_material>
        </instance_geometry>
      </node>
      <node id="HAMR3_Sim_Map_-_RACK-63" name="HAMR3_Sim_Map - RACK-63" type="NODE">
        <matrix sid="transform">0 1 0 -45100 -1 0 0 47350 0 0 1 0 0 0 0 1</matrix>
        <instance_geometry url="#HAMR3_Sim_Map_-_RACK-63_003-mesh" name="HAMR3_Sim_Map - RACK-63">
          <bind_material>
            <technique_common>
              <instance_material symbol="Material_017-material" target="#Material_017-material"/>
            </technique_common>
          </bind_material>
        </instance_geometry>
      </node>
      <node id="HAMR3_Sim_Map_-_RACK-62" name="HAMR3_Sim_Map - RACK-62" type="NODE">
        <matrix sid="transform">0 1 0 -45100 -1 0 0 47350 0 0 1 0 0 0 0 1</matrix>
        <instance_geometry url="#HAMR3_Sim_Map_-_RACK-62_003-mesh" name="HAMR3_Sim_Map - RACK-62">
          <bind_material>
            <technique_common>
              <instance_material symbol="Material_017-material" target="#Material_017-material"/>
            </technique_common>
          </bind_material>
        </instance_geometry>
      </node>
      <node id="HAMR3_Sim_Map_-_RACK-61" name="HAMR3_Sim_Map - RACK-61" type="NODE">
        <matrix sid="transform">0 1 0 -45100 -1 0 0 47350 0 0 1 0 0 0 0 1</matrix>
        <instance_geometry url="#HAMR3_Sim_Map_-_RACK-61_003-mesh" name="HAMR3_Sim_Map - RACK-61">
          <bind_material>
            <technique_common>
              <instance_material symbol="Material_017-material" target="#Material_017-material"/>
            </technique_common>
          </bind_material>
        </instance_geometry>
      </node>
      <node id="HAMR3_Sim_Map_-_RACK-60" name="HAMR3_Sim_Map - RACK-60" type="NODE">
        <matrix sid="transform">0 1 0 -45100 -1 0 0 47350 0 0 1 0 0 0 0 1</matrix>
        <instance_geometry url="#HAMR3_Sim_Map_-_RACK-60_003-mesh" name="HAMR3_Sim_Map - RACK-60">
          <bind_material>
            <technique_common>
              <instance_material symbol="Material_017-material" target="#Material_017-material"/>
            </technique_common>
          </bind_material>
        </instance_geometry>
      </node>
      <node id="HAMR3_Sim_Map_-_RACK-59" name="HAMR3_Sim_Map - RACK-59" type="NODE">
        <matrix sid="transform">0 1 0 -45100 -1 0 0 47350 0 0 1 0 0 0 0 1</matrix>
        <instance_geometry url="#HAMR3_Sim_Map_-_RACK-59_003-mesh" name="HAMR3_Sim_Map - RACK-59">
          <bind_material>
            <technique_common>
              <instance_material symbol="Material_017-material" target="#Material_017-material"/>
            </technique_common>
          </bind_material>
        </instance_geometry>
      </node>
      <node id="HAMR3_Sim_Map_-_RACK-58" name="HAMR3_Sim_Map - RACK-58" type="NODE">
        <matrix sid="transform">0 1 0 -45100 -1 0 0 47350 0 0 1 0 0 0 0 1</matrix>
        <instance_geometry url="#HAMR3_Sim_Map_-_RACK-58_003-mesh" name="HAMR3_Sim_Map - RACK-58">
          <bind_material>
            <technique_common>
              <instance_material symbol="Material_017-material" target="#Material_017-material"/>
            </technique_common>
          </bind_material>
        </instance_geometry>
      </node>
      <node id="HAMR3_Sim_Map_-_RACK-57" name="HAMR3_Sim_Map - RACK-57" type="NODE">
        <matrix sid="transform">0 1 0 -45100 -1 0 0 47350 0 0 1 0 0 0 0 1</matrix>
        <instance_geometry url="#HAMR3_Sim_Map_-_RACK-57_003-mesh" name="HAMR3_Sim_Map - RACK-57">
          <bind_material>
            <technique_common>
              <instance_material symbol="Material_017-material" target="#Material_017-material"/>
            </technique_common>
          </bind_material>
        </instance_geometry>
      </node>
      <node id="HAMR3_Sim_Map_-_RACK-56" name="HAMR3_Sim_Map - RACK-56" type="NODE">
        <matrix sid="transform">0 1 0 -45100 -1 0 0 47350 0 0 1 0 0 0 0 1</matrix>
        <instance_geometry url="#HAMR3_Sim_Map_-_RACK-56_003-mesh" name="HAMR3_Sim_Map - RACK-56">
          <bind_material>
            <technique_common>
              <instance_material symbol="Material_017-material" target="#Material_017-material"/>
            </technique_common>
          </bind_material>
        </instance_geometry>
      </node>
      <node id="HAMR3_Sim_Map_-_RACK-55" name="HAMR3_Sim_Map - RACK-55" type="NODE">
        <matrix sid="transform">0 1 0 -45100 -1 0 0 47350 0 0 1 0 0 0 0 1</matrix>
        <instance_geometry url="#HAMR3_Sim_Map_-_RACK-55_003-mesh" name="HAMR3_Sim_Map - RACK-55">
          <bind_material>
            <technique_common>
              <instance_material symbol="Material_017-material" target="#Material_017-material"/>
            </technique_common>
          </bind_material>
        </instance_geometry>
      </node>
      <node id="HAMR3_Sim_Map_-_RACK-54" name="HAMR3_Sim_Map - RACK-54" type="NODE">
        <matrix sid="transform">0 1 0 -45100 -1 0 0 47350 0 0 1 0 0 0 0 1</matrix>
        <instance_geometry url="#HAMR3_Sim_Map_-_RACK-54_003-mesh" name="HAMR3_Sim_Map - RACK-54">
          <bind_material>
            <technique_common>
              <instance_material symbol="Material_017-material" target="#Material_017-material"/>
            </technique_common>
          </bind_material>
        </instance_geometry>
      </node>
      <node id="HAMR3_Sim_Map_-_RACK-53" name="HAMR3_Sim_Map - RACK-53" type="NODE">
        <matrix sid="transform">0 1 0 -45100 -1 0 0 47350 0 0 1 0 0 0 0 1</matrix>
        <instance_geometry url="#HAMR3_Sim_Map_-_RACK-53_003-mesh" name="HAMR3_Sim_Map - RACK-53">
          <bind_material>
            <technique_common>
              <instance_material symbol="Material_017-material" target="#Material_017-material"/>
            </technique_common>
          </bind_material>
        </instance_geometry>
      </node>
      <node id="HAMR3_Sim_Map_-_RACK-52" name="HAMR3_Sim_Map - RACK-52" type="NODE">
        <matrix sid="transform">0 1 0 -45100 -1 0 0 47350 0 0 1 0 0 0 0 1</matrix>
        <instance_geometry url="#HAMR3_Sim_Map_-_RACK-52_003-mesh" name="HAMR3_Sim_Map - RACK-52">
          <bind_material>
            <technique_common>
              <instance_material symbol="Material_017-material" target="#Material_017-material"/>
            </technique_common>
          </bind_material>
        </instance_geometry>
      </node>
      <node id="HAMR3_Sim_Map_-_RACK-51" name="HAMR3_Sim_Map - RACK-51" type="NODE">
        <matrix sid="transform">0 1 0 -45100 -1 0 0 47350 0 0 1 0 0 0 0 1</matrix>
        <instance_geometry url="#HAMR3_Sim_Map_-_RACK-51_003-mesh" name="HAMR3_Sim_Map - RACK-51">
          <bind_material>
            <technique_common>
              <instance_material symbol="Material_017-material" target="#Material_017-material"/>
            </technique_common>
          </bind_material>
        </instance_geometry>
      </node>
      <node id="HAMR3_Sim_Map_-_RACK-50" name="HAMR3_Sim_Map - RACK-50" type="NODE">
        <matrix sid="transform">0 1 0 -45100 -1 0 0 47350 0 0 1 0 0 0 0 1</matrix>
        <instance_geometry url="#HAMR3_Sim_Map_-_RACK-50_003-mesh" name="HAMR3_Sim_Map - RACK-50">
          <bind_material>
            <technique_common>
              <instance_material symbol="Material_017-material" target="#Material_017-material"/>
            </technique_common>
          </bind_material>
        </instance_geometry>
      </node>
      <node id="HAMR3_Sim_Map_-_RACK-49" name="HAMR3_Sim_Map - RACK-49" type="NODE">
        <matrix sid="transform">0 1 0 -45100 -1 0 0 47350 0 0 1 0 0 0 0 1</matrix>
        <instance_geometry url="#HAMR3_Sim_Map_-_RACK-49_003-mesh" name="HAMR3_Sim_Map - RACK-49">
          <bind_material>
            <technique_common>
              <instance_material symbol="Material_017-material" target="#Material_017-material"/>
            </technique_common>
          </bind_material>
        </instance_geometry>
      </node>
      <node id="HAMR3_Sim_Map_-_RACK-48" name="HAMR3_Sim_Map - RACK-48" type="NODE">
        <matrix sid="transform">0 1 0 -45100 -1 0 0 47350 0 0 1 0 0 0 0 1</matrix>
        <instance_geometry url="#HAMR3_Sim_Map_-_RACK-48_003-mesh" name="HAMR3_Sim_Map - RACK-48">
          <bind_material>
            <technique_common>
              <instance_material symbol="Material_017-material" target="#Material_017-material"/>
            </technique_common>
          </bind_material>
        </instance_geometry>
      </node>
      <node id="HAMR3_Sim_Map_-_RACK-47" name="HAMR3_Sim_Map - RACK-47" type="NODE">
        <matrix sid="transform">0 1 0 -45100 -1 0 0 47350 0 0 1 0 0 0 0 1</matrix>
        <instance_geometry url="#HAMR3_Sim_Map_-_RACK-47_003-mesh" name="HAMR3_Sim_Map - RACK-47">
          <bind_material>
            <technique_common>
              <instance_material symbol="Material_017-material" target="#Material_017-material"/>
            </technique_common>
          </bind_material>
        </instance_geometry>
      </node>
      <node id="HAMR3_Sim_Map_-_RACK-46" name="HAMR3_Sim_Map - RACK-46" type="NODE">
        <matrix sid="transform">0 1 0 -45100 -1 0 0 47350 0 0 1 0 0 0 0 1</matrix>
        <instance_geometry url="#HAMR3_Sim_Map_-_RACK-46_003-mesh" name="HAMR3_Sim_Map - RACK-46">
          <bind_material>
            <technique_common>
              <instance_material symbol="Material_017-material" target="#Material_017-material"/>
            </technique_common>
          </bind_material>
        </instance_geometry>
      </node>
      <node id="HAMR3_Sim_Map_-_RACK-45" name="HAMR3_Sim_Map - RACK-45" type="NODE">
        <matrix sid="transform">0 1 0 -45100 -1 0 0 47350 0 0 1 0 0 0 0 1</matrix>
        <instance_geometry url="#HAMR3_Sim_Map_-_RACK-45_003-mesh" name="HAMR3_Sim_Map - RACK-45">
          <bind_material>
            <technique_common>
              <instance_material symbol="Material_017-material" target="#Material_017-material"/>
            </technique_common>
          </bind_material>
        </instance_geometry>
      </node>
      <node id="HAMR3_Sim_Map_-_RACK-44" name="HAMR3_Sim_Map - RACK-44" type="NODE">
        <matrix sid="transform">0 1 0 -45100 -1 0 0 47350 0 0 1 0 0 0 0 1</matrix>
        <instance_geometry url="#HAMR3_Sim_Map_-_RACK-44_003-mesh" name="HAMR3_Sim_Map - RACK-44">
          <bind_material>
            <technique_common>
              <instance_material symbol="Material_017-material" target="#Material_017-material"/>
            </technique_common>
          </bind_material>
        </instance_geometry>
      </node>
      <node id="HAMR3_Sim_Map_-_RACK-43" name="HAMR3_Sim_Map - RACK-43" type="NODE">
        <matrix sid="transform">0 1 0 -45100 -1 0 0 47350 0 0 1 0 0 0 0 1</matrix>
        <instance_geometry url="#HAMR3_Sim_Map_-_RACK-43_003-mesh" name="HAMR3_Sim_Map - RACK-43">
          <bind_material>
            <technique_common>
              <instance_material symbol="Material_017-material" target="#Material_017-material"/>
            </technique_common>
          </bind_material>
        </instance_geometry>
      </node>
      <node id="HAMR3_Sim_Map_-_RACK-42" name="HAMR3_Sim_Map - RACK-42" type="NODE">
        <matrix sid="transform">0 1 0 -45100 -1 0 0 47350 0 0 1 0 0 0 0 1</matrix>
        <instance_geometry url="#HAMR3_Sim_Map_-_RACK-42_003-mesh" name="HAMR3_Sim_Map - RACK-42">
          <bind_material>
            <technique_common>
              <instance_material symbol="Material_017-material" target="#Material_017-material"/>
            </technique_common>
          </bind_material>
        </instance_geometry>
      </node>
      <node id="HAMR3_Sim_Map_-_RACK-41" name="HAMR3_Sim_Map - RACK-41" type="NODE">
        <matrix sid="transform">0 1 0 -45100 -1 0 0 47350 0 0 1 0 0 0 0 1</matrix>
        <instance_geometry url="#HAMR3_Sim_Map_-_RACK-41_003-mesh" name="HAMR3_Sim_Map - RACK-41">
          <bind_material>
            <technique_common>
              <instance_material symbol="Material_017-material" target="#Material_017-material"/>
            </technique_common>
          </bind_material>
        </instance_geometry>
      </node>
      <node id="HAMR3_Sim_Map_-_RACK-40" name="HAMR3_Sim_Map - RACK-40" type="NODE">
        <matrix sid="transform">0 1 0 -45100 -1 0 0 47350 0 0 1 0 0 0 0 1</matrix>
        <instance_geometry url="#HAMR3_Sim_Map_-_RACK-40_003-mesh" name="HAMR3_Sim_Map - RACK-40">
          <bind_material>
            <technique_common>
              <instance_material symbol="Material_017-material" target="#Material_017-material"/>
            </technique_common>
          </bind_material>
        </instance_geometry>
      </node>
      <node id="HAMR3_Sim_Map_-_RACK-39" name="HAMR3_Sim_Map - RACK-39" type="NODE">
        <matrix sid="transform">0 1 0 -45100 -1 0 0 47350 0 0 1 0 0 0 0 1</matrix>
        <instance_geometry url="#HAMR3_Sim_Map_-_RACK-39_003-mesh" name="HAMR3_Sim_Map - RACK-39">
          <bind_material>
            <technique_common>
              <instance_material symbol="Material_017-material" target="#Material_017-material"/>
            </technique_common>
          </bind_material>
        </instance_geometry>
      </node>
      <node id="HAMR3_Sim_Map_-_RACK-38" name="HAMR3_Sim_Map - RACK-38" type="NODE">
        <matrix sid="transform">0 1 0 -45100 -1 0 0 47350 0 0 1 0 0 0 0 1</matrix>
        <instance_geometry url="#HAMR3_Sim_Map_-_RACK-38_003-mesh" name="HAMR3_Sim_Map - RACK-38">
          <bind_material>
            <technique_common>
              <instance_material symbol="Material_017-material" target="#Material_017-material"/>
            </technique_common>
          </bind_material>
        </instance_geometry>
      </node>
      <node id="HAMR3_Sim_Map_-_RACK-37" name="HAMR3_Sim_Map - RACK-37" type="NODE">
        <matrix sid="transform">0 1 0 -45100 -1 0 0 47350 0 0 1 0 0 0 0 1</matrix>
        <instance_geometry url="#HAMR3_Sim_Map_-_RACK-37_003-mesh" name="HAMR3_Sim_Map - RACK-37">
          <bind_material>
            <technique_common>
              <instance_material symbol="Material_017-material" target="#Material_017-material"/>
            </technique_common>
          </bind_material>
        </instance_geometry>
      </node>
      <node id="HAMR3_Sim_Map_-_RACK-36" name="HAMR3_Sim_Map - RACK-36" type="NODE">
        <matrix sid="transform">0 1 0 -45100 -1 0 0 47350 0 0 1 0 0 0 0 1</matrix>
        <instance_geometry url="#HAMR3_Sim_Map_-_RACK-36_003-mesh" name="HAMR3_Sim_Map - RACK-36">
          <bind_material>
            <technique_common>
              <instance_material symbol="Material_017-material" target="#Material_017-material"/>
            </technique_common>
          </bind_material>
        </instance_geometry>
      </node>
      <node id="HAMR3_Sim_Map_-_RACK-35" name="HAMR3_Sim_Map - RACK-35" type="NODE">
        <matrix sid="transform">0 1 0 -45100 -1 0 0 47350 0 0 1 0 0 0 0 1</matrix>
        <instance_geometry url="#HAMR3_Sim_Map_-_RACK-35_003-mesh" name="HAMR3_Sim_Map - RACK-35">
          <bind_material>
            <technique_common>
              <instance_material symbol="Material_017-material" target="#Material_017-material"/>
            </technique_common>
          </bind_material>
        </instance_geometry>
      </node>
      <node id="HAMR3_Sim_Map_-_RACK-34" name="HAMR3_Sim_Map - RACK-34" type="NODE">
        <matrix sid="transform">0 1 0 -45100 -1 0 0 47350 0 0 1 0 0 0 0 1</matrix>
        <instance_geometry url="#HAMR3_Sim_Map_-_RACK-34_003-mesh" name="HAMR3_Sim_Map - RACK-34">
          <bind_material>
            <technique_common>
              <instance_material symbol="Material_017-material" target="#Material_017-material"/>
            </technique_common>
          </bind_material>
        </instance_geometry>
      </node>
      <node id="HAMR3_Sim_Map_-_RACK-33" name="HAMR3_Sim_Map - RACK-33" type="NODE">
        <matrix sid="transform">0 1 0 -45100 -1 0 0 47350 0 0 1 0 0 0 0 1</matrix>
        <instance_geometry url="#HAMR3_Sim_Map_-_RACK-33_003-mesh" name="HAMR3_Sim_Map - RACK-33">
          <bind_material>
            <technique_common>
              <instance_material symbol="Material_017-material" target="#Material_017-material"/>
            </technique_common>
          </bind_material>
        </instance_geometry>
      </node>
      <node id="HAMR3_Sim_Map_-_RACK-32" name="HAMR3_Sim_Map - RACK-32" type="NODE">
        <matrix sid="transform">0 1 0 -45100 -1 0 0 47350 0 0 1 0 0 0 0 1</matrix>
        <instance_geometry url="#HAMR3_Sim_Map_-_RACK-32_003-mesh" name="HAMR3_Sim_Map - RACK-32">
          <bind_material>
            <technique_common>
              <instance_material symbol="Material_017-material" target="#Material_017-material"/>
            </technique_common>
          </bind_material>
        </instance_geometry>
      </node>
      <node id="HAMR3_Sim_Map_-_RACK-31" name="HAMR3_Sim_Map - RACK-31" type="NODE">
        <matrix sid="transform">0 1 0 -45100 -1 0 0 47350 0 0 1 0 0 0 0 1</matrix>
        <instance_geometry url="#HAMR3_Sim_Map_-_RACK-31_003-mesh" name="HAMR3_Sim_Map - RACK-31">
          <bind_material>
            <technique_common>
              <instance_material symbol="Material_017-material" target="#Material_017-material"/>
            </technique_common>
          </bind_material>
        </instance_geometry>
      </node>
      <node id="HAMR3_Sim_Map_-_RACK-30" name="HAMR3_Sim_Map - RACK-30" type="NODE">
        <matrix sid="transform">0 1 0 -45100 -1 0 0 47350 0 0 1 0 0 0 0 1</matrix>
        <instance_geometry url="#HAMR3_Sim_Map_-_RACK-30_003-mesh" name="HAMR3_Sim_Map - RACK-30">
          <bind_material>
            <technique_common>
              <instance_material symbol="Material_017-material" target="#Material_017-material"/>
            </technique_common>
          </bind_material>
        </instance_geometry>
      </node>
      <node id="HAMR3_Sim_Map_-_RACK-29" name="HAMR3_Sim_Map - RACK-29" type="NODE">
        <matrix sid="transform">0 1 0 -45100 -1 0 0 47350 0 0 1 0 0 0 0 1</matrix>
        <instance_geometry url="#HAMR3_Sim_Map_-_RACK-29_003-mesh" name="HAMR3_Sim_Map - RACK-29">
          <bind_material>
            <technique_common>
              <instance_material symbol="Material_017-material" target="#Material_017-material"/>
            </technique_common>
          </bind_material>
        </instance_geometry>
      </node>
      <node id="HAMR3_Sim_Map_-_RACK-28" name="HAMR3_Sim_Map - RACK-28" type="NODE">
        <matrix sid="transform">0 1 0 -45100 -1 0 0 47350 0 0 1 0 0 0 0 1</matrix>
        <instance_geometry url="#HAMR3_Sim_Map_-_RACK-28_003-mesh" name="HAMR3_Sim_Map - RACK-28">
          <bind_material>
            <technique_common>
              <instance_material symbol="Material_017-material" target="#Material_017-material"/>
            </technique_common>
          </bind_material>
        </instance_geometry>
      </node>
      <node id="HAMR3_Sim_Map_-_RACK-27" name="HAMR3_Sim_Map - RACK-27" type="NODE">
        <matrix sid="transform">0 1 0 -45100 -1 0 0 47350 0 0 1 0 0 0 0 1</matrix>
        <instance_geometry url="#HAMR3_Sim_Map_-_RACK-27_003-mesh" name="HAMR3_Sim_Map - RACK-27">
          <bind_material>
            <technique_common>
              <instance_material symbol="Material_017-material" target="#Material_017-material"/>
            </technique_common>
          </bind_material>
        </instance_geometry>
      </node>
      <node id="HAMR3_Sim_Map_-_RACK-26" name="HAMR3_Sim_Map - RACK-26" type="NODE">
        <matrix sid="transform">0 1 0 -45100 -1 0 0 47350 0 0 1 0 0 0 0 1</matrix>
        <instance_geometry url="#HAMR3_Sim_Map_-_RACK-26_003-mesh" name="HAMR3_Sim_Map - RACK-26">
          <bind_material>
            <technique_common>
              <instance_material symbol="Material_017-material" target="#Material_017-material"/>
            </technique_common>
          </bind_material>
        </instance_geometry>
      </node>
      <node id="HAMR3_Sim_Map_-_RACK-25" name="HAMR3_Sim_Map - RACK-25" type="NODE">
        <matrix sid="transform">0 1 0 -45100 -1 0 0 47350 0 0 1 0 0 0 0 1</matrix>
        <instance_geometry url="#HAMR3_Sim_Map_-_RACK-25_003-mesh" name="HAMR3_Sim_Map - RACK-25">
          <bind_material>
            <technique_common>
              <instance_material symbol="Material_017-material" target="#Material_017-material"/>
            </technique_common>
          </bind_material>
        </instance_geometry>
      </node>
      <node id="HAMR3_Sim_Map_-_RACK-24" name="HAMR3_Sim_Map - RACK-24" type="NODE">
        <matrix sid="transform">0 1 0 -45100 -1 0 0 47350 0 0 1 0 0 0 0 1</matrix>
        <instance_geometry url="#HAMR3_Sim_Map_-_RACK-24_003-mesh" name="HAMR3_Sim_Map - RACK-24">
          <bind_material>
            <technique_common>
              <instance_material symbol="Material_017-material" target="#Material_017-material"/>
            </technique_common>
          </bind_material>
        </instance_geometry>
      </node>
      <node id="HAMR3_Sim_Map_-_RACK-23" name="HAMR3_Sim_Map - RACK-23" type="NODE">
        <matrix sid="transform">0 1 0 -45100 -1 0 0 47350 0 0 1 0 0 0 0 1</matrix>
        <instance_geometry url="#HAMR3_Sim_Map_-_RACK-23_003-mesh" name="HAMR3_Sim_Map - RACK-23">
          <bind_material>
            <technique_common>
              <instance_material symbol="Material_017-material" target="#Material_017-material"/>
            </technique_common>
          </bind_material>
        </instance_geometry>
      </node>
      <node id="HAMR3_Sim_Map_-_RACK-22" name="HAMR3_Sim_Map - RACK-22" type="NODE">
        <matrix sid="transform">0 1 0 -45100 -1 0 0 47350 0 0 1 0 0 0 0 1</matrix>
        <instance_geometry url="#HAMR3_Sim_Map_-_RACK-22_003-mesh" name="HAMR3_Sim_Map - RACK-22">
          <bind_material>
            <technique_common>
              <instance_material symbol="Material_017-material" target="#Material_017-material"/>
            </technique_common>
          </bind_material>
        </instance_geometry>
      </node>
      <node id="HAMR3_Sim_Map_-_RACK-21" name="HAMR3_Sim_Map - RACK-21" type="NODE">
        <matrix sid="transform">0 1 0 -45100 -1 0 0 47350 0 0 1 0 0 0 0 1</matrix>
        <instance_geometry url="#HAMR3_Sim_Map_-_RACK-21_003-mesh" name="HAMR3_Sim_Map - RACK-21">
          <bind_material>
            <technique_common>
              <instance_material symbol="Material_017-material" target="#Material_017-material"/>
            </technique_common>
          </bind_material>
        </instance_geometry>
      </node>
      <node id="HAMR3_Sim_Map_-_RACK-20" name="HAMR3_Sim_Map - RACK-20" type="NODE">
        <matrix sid="transform">0 1 0 -45100 -1 0 0 47350 0 0 1 0 0 0 0 1</matrix>
        <instance_geometry url="#HAMR3_Sim_Map_-_RACK-20_003-mesh" name="HAMR3_Sim_Map - RACK-20">
          <bind_material>
            <technique_common>
              <instance_material symbol="Material_017-material" target="#Material_017-material"/>
            </technique_common>
          </bind_material>
        </instance_geometry>
      </node>
      <node id="HAMR3_Sim_Map_-_RACK-19" name="HAMR3_Sim_Map - RACK-19" type="NODE">
        <matrix sid="transform">0 1 0 -45100 -1 0 0 47350 0 0 1 0 0 0 0 1</matrix>
        <instance_geometry url="#HAMR3_Sim_Map_-_RACK-19_003-mesh" name="HAMR3_Sim_Map - RACK-19">
          <bind_material>
            <technique_common>
              <instance_material symbol="Material_017-material" target="#Material_017-material"/>
            </technique_common>
          </bind_material>
        </instance_geometry>
      </node>
      <node id="HAMR3_Sim_Map_-_RACK-18" name="HAMR3_Sim_Map - RACK-18" type="NODE">
        <matrix sid="transform">0 1 0 -45100 -1 0 0 47350 0 0 1 0 0 0 0 1</matrix>
        <instance_geometry url="#HAMR3_Sim_Map_-_RACK-18_003-mesh" name="HAMR3_Sim_Map - RACK-18">
          <bind_material>
            <technique_common>
              <instance_material symbol="Material_017-material" target="#Material_017-material"/>
            </technique_common>
          </bind_material>
        </instance_geometry>
      </node>
      <node id="HAMR3_Sim_Map_-_RACK-17" name="HAMR3_Sim_Map - RACK-17" type="NODE">
        <matrix sid="transform">0 1 0 -45100 -1 0 0 47350 0 0 1 0 0 0 0 1</matrix>
        <instance_geometry url="#HAMR3_Sim_Map_-_RACK-17_003-mesh" name="HAMR3_Sim_Map - RACK-17">
          <bind_material>
            <technique_common>
              <instance_material symbol="Material_017-material" target="#Material_017-material"/>
            </technique_common>
          </bind_material>
        </instance_geometry>
      </node>
      <node id="HAMR3_Sim_Map_-_RACK-16" name="HAMR3_Sim_Map - RACK-16" type="NODE">
        <matrix sid="transform">0 1 0 -45100 -1 0 0 47350 0 0 1 0 0 0 0 1</matrix>
        <instance_geometry url="#HAMR3_Sim_Map_-_RACK-16_003-mesh" name="HAMR3_Sim_Map - RACK-16">
          <bind_material>
            <technique_common>
              <instance_material symbol="Material_017-material" target="#Material_017-material"/>
            </technique_common>
          </bind_material>
        </instance_geometry>
      </node>
      <node id="HAMR3_Sim_Map_-_RACK-15" name="HAMR3_Sim_Map - RACK-15" type="NODE">
        <matrix sid="transform">0 1 0 -45100 -1 0 0 47350 0 0 1 0 0 0 0 1</matrix>
        <instance_geometry url="#HAMR3_Sim_Map_-_RACK-15_003-mesh" name="HAMR3_Sim_Map - RACK-15">
          <bind_material>
            <technique_common>
              <instance_material symbol="Material_017-material" target="#Material_017-material"/>
            </technique_common>
          </bind_material>
        </instance_geometry>
      </node>
      <node id="HAMR3_Sim_Map_-_RACK-14" name="HAMR3_Sim_Map - RACK-14" type="NODE">
        <matrix sid="transform">0 1 0 -45100 -1 0 0 47350 0 0 1 0 0 0 0 1</matrix>
        <instance_geometry url="#HAMR3_Sim_Map_-_RACK-14_003-mesh" name="HAMR3_Sim_Map - RACK-14">
          <bind_material>
            <technique_common>
              <instance_material symbol="Material_017-material" target="#Material_017-material"/>
            </technique_common>
          </bind_material>
        </instance_geometry>
      </node>
      <node id="HAMR3_Sim_Map_-_RACK-13" name="HAMR3_Sim_Map - RACK-13" type="NODE">
        <matrix sid="transform">0 1 0 -45100 -1 0 0 47350 0 0 1 0 0 0 0 1</matrix>
        <instance_geometry url="#HAMR3_Sim_Map_-_RACK-13_003-mesh" name="HAMR3_Sim_Map - RACK-13">
          <bind_material>
            <technique_common>
              <instance_material symbol="Material_017-material" target="#Material_017-material"/>
            </technique_common>
          </bind_material>
        </instance_geometry>
      </node>
      <node id="HAMR3_Sim_Map_-_RACK-12" name="HAMR3_Sim_Map - RACK-12" type="NODE">
        <matrix sid="transform">0 1 0 -45100 -1 0 0 47350 0 0 1 0 0 0 0 1</matrix>
        <instance_geometry url="#HAMR3_Sim_Map_-_RACK-12_003-mesh" name="HAMR3_Sim_Map - RACK-12">
          <bind_material>
            <technique_common>
              <instance_material symbol="Material_017-material" target="#Material_017-material"/>
            </technique_common>
          </bind_material>
        </instance_geometry>
      </node>
      <node id="HAMR3_Sim_Map_-_RACK-11" name="HAMR3_Sim_Map - RACK-11" type="NODE">
        <matrix sid="transform">0 1 0 -45100 -1 0 0 47350 0 0 1 0 0 0 0 1</matrix>
        <instance_geometry url="#HAMR3_Sim_Map_-_RACK-11_003-mesh" name="HAMR3_Sim_Map - RACK-11">
          <bind_material>
            <technique_common>
              <instance_material symbol="Material_017-material" target="#Material_017-material"/>
            </technique_common>
          </bind_material>
        </instance_geometry>
      </node>
      <node id="HAMR3_Sim_Map_-_RACK-10" name="HAMR3_Sim_Map - RACK-10" type="NODE">
        <matrix sid="transform">0 1 0 -45100 -1 0 0 47350 0 0 1 0 0 0 0 1</matrix>
        <instance_geometry url="#HAMR3_Sim_Map_-_RACK-10_003-mesh" name="HAMR3_Sim_Map - RACK-10">
          <bind_material>
            <technique_common>
              <instance_material symbol="Material_017-material" target="#Material_017-material"/>
            </technique_common>
          </bind_material>
        </instance_geometry>
      </node>
      <node id="HAMR3_Sim_Map_-_RACK-9" name="HAMR3_Sim_Map - RACK-9" type="NODE">
        <matrix sid="transform">0 1 0 -45100 -1 0 0 47350 0 0 1 0 0 0 0 1</matrix>
        <instance_geometry url="#HAMR3_Sim_Map_-_RACK-9_003-mesh" name="HAMR3_Sim_Map - RACK-9">
          <bind_material>
            <technique_common>
              <instance_material symbol="Material_017-material" target="#Material_017-material"/>
            </technique_common>
          </bind_material>
        </instance_geometry>
      </node>
      <node id="HAMR3_Sim_Map_-_RACK-8" name="HAMR3_Sim_Map - RACK-8" type="NODE">
        <matrix sid="transform">0 1 0 -45100 -1 0 0 47350 0 0 1 0 0 0 0 1</matrix>
        <instance_geometry url="#HAMR3_Sim_Map_-_RACK-8_003-mesh" name="HAMR3_Sim_Map - RACK-8">
          <bind_material>
            <technique_common>
              <instance_material symbol="Material_017-material" target="#Material_017-material"/>
            </technique_common>
          </bind_material>
        </instance_geometry>
      </node>
      <node id="HAMR3_Sim_Map_-_RACK-7" name="HAMR3_Sim_Map - RACK-7" type="NODE">
        <matrix sid="transform">0 1 0 -45100 -1 0 0 47350 0 0 1 0 0 0 0 1</matrix>
        <instance_geometry url="#HAMR3_Sim_Map_-_RACK-7_003-mesh" name="HAMR3_Sim_Map - RACK-7">
          <bind_material>
            <technique_common>
              <instance_material symbol="Material_017-material" target="#Material_017-material"/>
            </technique_common>
          </bind_material>
        </instance_geometry>
      </node>
      <node id="HAMR3_Sim_Map_-_RACK-6" name="HAMR3_Sim_Map - RACK-6" type="NODE">
        <matrix sid="transform">0 1 0 -45100 -1 0 0 47350 0 0 1 0 0 0 0 1</matrix>
        <instance_geometry url="#HAMR3_Sim_Map_-_RACK-6_003-mesh" name="HAMR3_Sim_Map - RACK-6">
          <bind_material>
            <technique_common>
              <instance_material symbol="Material_017-material" target="#Material_017-material"/>
            </technique_common>
          </bind_material>
        </instance_geometry>
      </node>
      <node id="HAMR3_Sim_Map_-_RACK-5" name="HAMR3_Sim_Map - RACK-5" type="NODE">
        <matrix sid="transform">0 1 0 -45100 -1 0 0 47350 0 0 1 0 0 0 0 1</matrix>
        <instance_geometry url="#HAMR3_Sim_Map_-_RACK-5_003-mesh" name="HAMR3_Sim_Map - RACK-5">
          <bind_material>
            <technique_common>
              <instance_material symbol="Material_017-material" target="#Material_017-material"/>
            </technique_common>
          </bind_material>
        </instance_geometry>
      </node>
      <node id="HAMR3_Sim_Map_-_RACK-4" name="HAMR3_Sim_Map - RACK-4" type="NODE">
        <matrix sid="transform">0 1 0 -45100 -1 0 0 47350 0 0 1 0 0 0 0 1</matrix>
        <instance_geometry url="#HAMR3_Sim_Map_-_RACK-4_003-mesh" name="HAMR3_Sim_Map - RACK-4">
          <bind_material>
            <technique_common>
              <instance_material symbol="Material_017-material" target="#Material_017-material"/>
            </technique_common>
          </bind_material>
        </instance_geometry>
      </node>
      <node id="HAMR3_Sim_Map_-_RACK-3" name="HAMR3_Sim_Map - RACK-3" type="NODE">
        <matrix sid="transform">0 1 0 -45100 -1 0 0 47350 0 0 1 0 0 0 0 1</matrix>
        <instance_geometry url="#HAMR3_Sim_Map_-_RACK-3_003-mesh" name="HAMR3_Sim_Map - RACK-3">
          <bind_material>
            <technique_common>
              <instance_material symbol="Material_017-material" target="#Material_017-material"/>
            </technique_common>
          </bind_material>
        </instance_geometry>
      </node>
      <node id="HAMR3_Sim_Map_-_RACK-2" name="HAMR3_Sim_Map - RACK-2" type="NODE">
        <matrix sid="transform">0 1 0 -45100 -1 0 0 47350 0 0 1 0 0 0 0 1</matrix>
        <instance_geometry url="#HAMR3_Sim_Map_-_RACK-2_003-mesh" name="HAMR3_Sim_Map - RACK-2">
          <bind_material>
            <technique_common>
              <instance_material symbol="Material_017-material" target="#Material_017-material"/>
            </technique_common>
          </bind_material>
        </instance_geometry>
      </node>
      <node id="HAMR3_Sim_Map_-_RACK-1" name="HAMR3_Sim_Map - RACK-1" type="NODE">
        <matrix sid="transform">0 1 0 -45100 -1 0 0 47350 0 0 1 0 0 0 0 1</matrix>
        <instance_geometry url="#HAMR3_Sim_Map_-_RACK-1_003-mesh" name="HAMR3_Sim_Map - RACK-1">
          <bind_material>
            <technique_common>
              <instance_material symbol="Material_017-material" target="#Material_017-material"/>
            </technique_common>
          </bind_material>
        </instance_geometry>
      </node>
      <node id="HAMR3_Sim_Map_-_QC_회의실_청정도_검사실_정밀측정" name="HAMR3_Sim_Map - QC 회의실_청정도 검사실_정밀측정" type="NODE">
        <matrix sid="transform">0 1 0 -45100 -1 0 0 47350 0 0 1 0 0 0 0 1</matrix>
        <instance_geometry url="#HAMR3_Sim_Map_-_QC_회의실_청정도_검사실_정밀측_002-mesh" name="HAMR3_Sim_Map - QC 회의실_청정도 검사실_정밀측정">
          <bind_material>
            <technique_common>
              <instance_material symbol="Material_016-material" target="#Material_016-material"/>
            </technique_common>
          </bind_material>
        </instance_geometry>
      </node>
      <node id="HAMR3_Sim_Map_-_HAMR3_경로-1" name="HAMR3_Sim_Map - HAMR3_경로-1" type="NODE">
        <matrix sid="transform">0 1 0 -45100 -1 0 0 47350 0 0 1 0 0 0 0 1</matrix>
        <instance_geometry url="#HAMR3_Sim_Map_-_HAMR3_경로-1-mesh" name="HAMR3_Sim_Map - HAMR3_경로-1">
          <bind_material>
            <technique_common>
              <instance_material symbol="Material_015-material" target="#Material_015-material"/>
            </technique_common>
          </bind_material>
        </instance_geometry>
      </node>
      <node id="HAMR3_Sim_Map_-_5동_창고-1" name="HAMR3_Sim_Map - 5동 창고-1" type="NODE">
        <matrix sid="transform">0 1 0 -45100 -1 0 0 47350 0 0 1 0 0 0 0 1</matrix>
        <instance_geometry url="#HAMR3_Sim_Map_-_5동_창고-1_003-mesh" name="HAMR3_Sim_Map - 5동 창고-1">
          <bind_material>
            <technique_common>
              <instance_material symbol="Material_016-material" target="#Material_016-material"/>
            </technique_common>
          </bind_material>
        </instance_geometry>
      </node>
      <node id="HAMR3_Sim_Map_-_2동_사무동-1" name="HAMR3_Sim_Map - 2동 사무동-1" type="NODE">
        <matrix sid="transform">0 1 0 -45100 -1 0 0 47350 0 0 1 0 0 0 0 1</matrix>
        <instance_geometry url="#HAMR3_Sim_Map_-_2동_사무동-1_003-mesh" name="HAMR3_Sim_Map - 2동 사무동-1">
          <bind_material>
            <technique_common>
              <instance_material symbol="Material_016-material" target="#Material_016-material"/>
            </technique_common>
          </bind_material>
        </instance_geometry>
      </node>
    </visual_scene>
  </library_visual_scenes>
  <scene>
    <instance_visual_scene url="#Scene"/>
  </scene>
</COLLADA>